,"Table S4. DEGs between Pre-Pol vs Fer, up-regulated and down-regulated",,,,,,
ID,sampleA,sampleB,log2 Fold Change,p-value,Adjusted p-value (padj),Uniprot annotation,Regulation
TRINITY_DN1220_c0_g1_i9,Pre-pol,Fer,15.14574065,6.63E-18,4.05E-14,RVE8_ARATH,up
TRINITY_DN19_c0_g3_i1,Pre-pol,Fer,14.21168175,4.19E-13,4.52E-10,HSP7C_PETHY,up
TRINITY_DN320_c1_g1_i3,Pre-pol,Fer,13.75781249,1.85E-15,3.77E-12,MYB05_ANTMA,up
TRINITY_DN1220_c0_g1_i4,Pre-pol,Fer,13.6117004,8.38E-15,1.40E-11,RVE8_ARATH,up
TRINITY_DN13630_c0_g1_i7,Pre-pol,Fer,12.96259288,4.18E-13,4.52E-10,GASA6_ARATH,up
TRINITY_DN12416_c0_g1_i2,Pre-pol,Fer,12.41387279,3.38E-10,1.47E-07,CALR1_ARATH,up
TRINITY_DN3944_c0_g1_i6,Pre-pol,Fer,12.40512648,4.13E-10,1.76E-07,MA651_ARATH,up
TRINITY_DN7172_c0_g1_i40,Pre-pol,Fer,12.32382856,1.50E-12,1.41E-09,FKB70_WHEAT,up
TRINITY_DN1220_c0_g1_i2,Pre-pol,Fer,12.30252706,7.69E-11,4.27E-08,RVE8_ARATH,up
TRINITY_DN34_c0_g1_i4,Pre-pol,Fer,12.26636925,1.94E-12,1.78E-09,LHY_PETHY,up
TRINITY_DN320_c1_g1_i7,Pre-pol,Fer,11.89956106,6.32E-11,3.62E-08,MYB05_ANTMA,up
TRINITY_DN4375_c0_g2_i3,Pre-pol,Fer,11.89564459,1.37E-11,9.67E-09,DNJH_CUCSA,up
TRINITY_DN320_c1_g1_i2,Pre-pol,Fer,11.72242288,2.18E-14,3.08E-11,MYB05_ANTMA,up
TRINITY_DN894_c0_g1_i14,Pre-pol,Fer,11.7011519,9.50E-11,4.91E-08,HFA2B_ORYSJ,up
TRINITY_DN894_c0_g1_i18,Pre-pol,Fer,11.62097989,9.28E-10,3.51E-07,HFA2C_ORYSJ,up
TRINITY_DN851_c0_g1_i3,Pre-pol,Fer,11.52575505,3.34E-09,1.01E-06,HSP83_ORYSJ,up
TRINITY_DN206_c0_g1_i30,Pre-pol,Fer,11.41359407,5.81E-07,6.92E-05,BH095_ARATH,up
TRINITY_DN7172_c0_g1_i22,Pre-pol,Fer,11.36877725,1.40E-07,2.20E-05,FK151_ARATH,up
TRINITY_DN1220_c0_g1_i7,Pre-pol,Fer,11.31519011,2.43E-10,1.13E-07,RVE8_ARATH,up
TRINITY_DN694_c0_g1_i3,Pre-pol,Fer,11.16288942,2.98E-10,1.33E-07,LEC2_COLES,up
TRINITY_DN206_c0_g1_i8,Pre-pol,Fer,11.13506139,4.79E-10,2.02E-07,PCKA1_ARATH,up
TRINITY_DN9248_c0_g1_i19,Pre-pol,Fer,11.11963433,3.16E-10,1.40E-07,PERK3_ARATH,up
TRINITY_DN320_c1_g1_i5,Pre-pol,Fer,11.09053603,1.12E-09,4.07E-07,MYB05_ANTMA,up
TRINITY_DN1811_c0_g1_i7,Pre-pol,Fer,11.05272816,4.55E-07,5.64E-05,BAG6_ARATH,up
TRINITY_DN6171_c0_g1_i3,Pre-pol,Fer,10.961551,2.95E-09,9.33E-07,BSK6_ARATH,up
TRINITY_DN7172_c0_g1_i6,Pre-pol,Fer,10.89307103,1.47E-09,5.02E-07,FK152_ARATH,up
TRINITY_DN2428_c0_g1_i6,Pre-pol,Fer,10.84790959,1.18E-09,4.22E-07,CYBP_MOUSE,up
TRINITY_DN1387_c0_g1_i7,Pre-pol,Fer,10.83317109,5.23E-08,9.93E-06,LNK2_ARATH,up
TRINITY_DN34_c0_g1_i9,Pre-pol,Fer,10.77748194,3.32E-08,7.20E-06,LHY_PETHY,up
TRINITY_DN990_c0_g1_i3,Pre-pol,Fer,10.62654143,3.35E-08,7.21E-06,Y1044_ARATH,up
TRINITY_DN1605_c0_g1_i6,Pre-pol,Fer,10.59671384,6.23E-08,1.15E-05,CLPB1_ARATH,up
TRINITY_DN4802_c0_g1_i8,Pre-pol,Fer,10.56566481,1.44E-08,3.53E-06,BOR4_ARATH,up
TRINITY_DN7584_c0_g1_i4,Pre-pol,Fer,10.55811801,3.26E-08,7.11E-06,HSP7C_PETHY,up
TRINITY_DN2686_c0_g1_i1,Pre-pol,Fer,10.55382553,3.93E-06,0.000290478,INV3_ORYSJ,up
TRINITY_DN3643_c0_g1_i5,Pre-pol,Fer,10.5474081,1.30E-08,3.30E-06,DXR_ORYSJ,up
TRINITY_DN4662_c0_g1_i3,Pre-pol,Fer,10.50122559,3.94E-15,7.61E-12,GSTFC_ARATH,up
TRINITY_DN2832_c0_g1_i13,Pre-pol,Fer,10.49034206,2.15E-06,0.000184557,BOR2_ARATH,up
TRINITY_DN2612_c0_g1_i12,Pre-pol,Fer,10.48152896,3.22E-07,4.20E-05,PIMT_WHEAT,up
TRINITY_DN709_c0_g3_i14,Pre-pol,Fer,10.4589871,7.82E-09,2.11E-06,LNK1_ARATH,up
TRINITY_DN9036_c0_g1_i7,Pre-pol,Fer,10.45852024,5.78E-09,1.66E-06,DESI1_XENLA,up
TRINITY_DN3033_c0_g1_i3,Pre-pol,Fer,10.45163171,6.70E-09,1.87E-06,PIN3_ARATH,up
TRINITY_DN2507_c0_g1_i9,Pre-pol,Fer,10.41546242,1.16E-07,1.88E-05,PAT_PETHY,up
TRINITY_DN34_c0_g1_i10,Pre-pol,Fer,10.4045023,1.89E-07,2.86E-05,LHY_PETHY,up
TRINITY_DN4650_c0_g1_i10,Pre-pol,Fer,10.3935411,8.88E-09,2.36E-06,PMTH_ARATH,up
TRINITY_DN2967_c0_g1_i3,Pre-pol,Fer,10.38651035,3.10E-07,4.07E-05,SPISY_SANSP,up
TRINITY_DN34_c0_g1_i3,Pre-pol,Fer,10.34016361,5.63E-08,1.05E-05,LHY_PETHY,up
TRINITY_DN11484_c0_g1_i4,Pre-pol,Fer,10.29952853,3.50E-06,0.000268843,KCS11_ARATH,up
TRINITY_DN7584_c0_g1_i2,Pre-pol,Fer,10.29270878,1.42E-06,0.000137015,HSP7C_PETHY,up
TRINITY_DN6999_c0_g1_i2,Pre-pol,Fer,10.25845041,2.68E-08,6.07E-06,NRPE1_ARATH,up
TRINITY_DN1811_c0_g1_i9,Pre-pol,Fer,10.22118723,2.01E-05,0.001004833,BAG6_ARATH,up
TRINITY_DN506_c1_g2_i1,Pre-pol,Fer,10.22062089,1.56E-08,3.81E-06,ACT2_ORYSJ,up
TRINITY_DN81_c0_g1_i1,Pre-pol,Fer,10.21106035,2.68E-08,6.07E-06,PPA1_SOLLC,up
TRINITY_DN35363_c0_g1_i1,Pre-pol,Fer,10.2023826,6.98E-08,1.26E-05,SBT4_LOTJA,up
TRINITY_DN5877_c0_g1_i1,Pre-pol,Fer,10.17309492,1.92E-08,4.57E-06,ALA3_ARATH,up
TRINITY_DN9763_c0_g1_i4,Pre-pol,Fer,10.16965889,1.93E-08,4.57E-06,TENAC_ARATH,up
TRINITY_DN122_c0_g1_i1,Pre-pol,Fer,10.16622087,1.84E-06,0.00016297,NET4A_ARATH,up
TRINITY_DN12705_c1_g1_i8,Pre-pol,Fer,10.16478853,3.26E-08,7.11E-06,MA651_ARATH,up
TRINITY_DN8026_c0_g4_i1,Pre-pol,Fer,10.13828091,2.21E-08,5.14E-06,SWT14_ORYSJ,up
TRINITY_DN11464_c1_g1_i6,Pre-pol,Fer,10.11709,2.38E-07,3.42E-05,ASOL_BRANA,up
TRINITY_DN6937_c0_g1_i7,Pre-pol,Fer,10.11409985,2.77E-08,6.23E-06,SINA5_ARATH,up
TRINITY_DN6163_c0_g1_i3,Pre-pol,Fer,10.10144164,5.11E-08,9.76E-06,MURG_SALRD,up
TRINITY_DN873_c0_g1_i44,Pre-pol,Fer,10.08642283,8.05E-08,1.42E-05,PRP39_SCHPO,up
TRINITY_DN5606_c0_g1_i12,Pre-pol,Fer,10.08417912,4.98E-08,9.56E-06,SBT4_LOTJA,up
TRINITY_DN2114_c0_g1_i19,Pre-pol,Fer,10.06549106,3.26E-08,7.11E-06,MAOX_PHAVU,up
TRINITY_DN1547_c0_g1_i4,Pre-pol,Fer,10.05208722,4.51E-08,8.84E-06,RBM25_HUMAN,up
TRINITY_DN13113_c0_g1_i5,Pre-pol,Fer,10.05002998,3.40E-08,7.21E-06,ATX2_ARATH,up
TRINITY_DN820_c0_g1_i1,Pre-pol,Fer,10.04557768,3.40E-08,7.21E-06,SBT3_LOTJA,up
TRINITY_DN2373_c0_g1_i8,Pre-pol,Fer,10.03002289,1.73E-07,2.66E-05,TBG2_ORYSJ,up
TRINITY_DN4035_c0_g1_i3,Pre-pol,Fer,9.996733821,4.03E-08,8.03E-06,AKH1_MAIZE,up
TRINITY_DN2345_c0_g1_i2,Pre-pol,Fer,9.969807885,2.24E-07,3.27E-05,RUBB_PEA,up
TRINITY_DN133_c0_g1_i8,Pre-pol,Fer,9.968156169,1.91E-07,2.87E-05,DNAJ_CLOTE,up
TRINITY_DN11647_c0_g1_i2,Pre-pol,Fer,9.965630398,5.34E-08,1.01E-05,NAAT1_ORYSJ,up
TRINITY_DN2084_c0_g1_i3,Pre-pol,Fer,9.959826941,2.84E-07,3.90E-05,MADS2_PETHY,up
TRINITY_DN173_c0_g1_i3,Pre-pol,Fer,9.958758618,2.58E-07,3.65E-05,HSP7S_PEA,up
TRINITY_DN13657_c0_g2_i6,Pre-pol,Fer,9.954690052,4.83E-08,9.33E-06,HSP7P_ARATH,up
TRINITY_DN6149_c0_g1_i6,Pre-pol,Fer,9.934301143,3.28E-07,4.25E-05,Y3130_ARATH,up
TRINITY_DN803_c0_g1_i21,Pre-pol,Fer,9.93357437,5.94E-08,1.11E-05,GUN6_ARATH,up
TRINITY_DN5606_c0_g1_i8,Pre-pol,Fer,9.884592883,6.49E-08,1.19E-05,SBT4_LOTJA,up
TRINITY_DN665_c0_g1_i10,Pre-pol,Fer,9.881236973,7.29E-08,1.30E-05,FPP4_ARATH,up
TRINITY_DN7027_c0_g1_i7,Pre-pol,Fer,9.860001191,1.11E-07,1.81E-05,SBT4_LOTJA,up
TRINITY_DN256_c0_g1_i8,Pre-pol,Fer,9.859714751,9.97E-08,1.67E-05,CDF2_ARATH,up
TRINITY_DN584_c0_g1_i2,Pre-pol,Fer,9.850517711,2.00E-07,2.98E-05,ARFG_ORYSJ,up
TRINITY_DN6006_c0_g1_i1,Pre-pol,Fer,9.844374123,1.03E-05,0.000599397,SEOB_ARATH,up
TRINITY_DN994_c0_g1_i7,Pre-pol,Fer,9.841639902,3.90E-06,0.000289697,KPYC_SOLTU,up
TRINITY_DN1353_c0_g1_i131,Pre-pol,Fer,9.839139875,2.13E-07,3.16E-05,SIK1_ORYSJ,up
TRINITY_DN9191_c0_g1_i74,Pre-pol,Fer,9.836431813,9.28E-08,1.57E-05,RFS1_ARATH,up
TRINITY_DN2_c0_g1_i4,Pre-pol,Fer,9.833579692,8.99E-08,1.55E-05,PTI13_ARATH,up
TRINITY_DN2444_c0_g1_i1,Pre-pol,Fer,9.810912884,9.23E-08,1.57E-05,VATL4_ARATH,up
TRINITY_DN3944_c0_g1_i3,Pre-pol,Fer,9.80476361,2.41E-07,3.45E-05,MA652_ARATH,up
TRINITY_DN5606_c0_g1_i15,Pre-pol,Fer,9.804114563,9.11E-08,1.56E-05,SBT3_LOTJA,up
TRINITY_DN3675_c0_g1_i1,Pre-pol,Fer,9.800790929,1.34E-07,2.12E-05,LFG4_ARATH,up
TRINITY_DN3464_c0_g1_i25,Pre-pol,Fer,9.794630163,9.85E-08,1.66E-05,NEK6_ORYSJ,up
TRINITY_DN5942_c0_g1_i31,Pre-pol,Fer,9.775450587,1.04E-07,1.73E-05,CDKG2_ORYSJ,up
TRINITY_DN3877_c0_g1_i4,Pre-pol,Fer,9.753784123,3.06E-07,4.07E-05,GLSN_MEDSA,up
TRINITY_DN3502_c0_g1_i8,Pre-pol,Fer,9.740871242,2.99E-09,9.36E-07,GUN17_ARATH,up
TRINITY_DN822_c0_g1_i2,Pre-pol,Fer,9.728683876,3.08E-07,4.07E-05,HT1_ARATH,up
TRINITY_DN2507_c0_g1_i5,Pre-pol,Fer,9.714890368,2.46E-06,0.00020473,PAT_PETHY,up
TRINITY_DN10170_c0_g1_i2,Pre-pol,Fer,9.714675187,1.79E-07,2.74E-05,HUAL2_ARATH,up
TRINITY_DN527_c0_g1_i33,Pre-pol,Fer,9.70932657,5.95E-07,7.04E-05,BH049_ARATH,up
TRINITY_DN11575_c0_g1_i17,Pre-pol,Fer,9.682411238,1.04E-06,0.00010818,DTX42_ARATH,up
TRINITY_DN8650_c0_g1_i2,Pre-pol,Fer,9.678949642,1.90E-07,2.86E-05,CCAMK_LOTJA,up
TRINITY_DN1605_c0_g1_i7,Pre-pol,Fer,9.667911824,4.99E-06,0.000349215,CLPB1_ARATH,up
TRINITY_DN2255_c0_g1_i11,Pre-pol,Fer,9.664966556,3.89E-07,4.96E-05,Y5457_ARATH,up
TRINITY_DN2013_c0_g1_i4,Pre-pol,Fer,9.661376328,2.07E-06,0.000179726,SGS3_ORYSJ,up
TRINITY_DN2731_c0_g1_i8,Pre-pol,Fer,9.628201208,2.31E-07,3.33E-05,HIP24_ARATH,up
TRINITY_DN9704_c0_g1_i1,Pre-pol,Fer,9.60015239,5.54E-06,0.000376472,BCHC2_ARATH,up
TRINITY_DN1760_c0_g1_i6,Pre-pol,Fer,9.598087923,1.31E-06,0.000130277,SCAM1_ORYSI,up
TRINITY_DN2956_c0_g1_i4,Pre-pol,Fer,9.57747731,2.97E-07,4.04E-05,IF5A2_NICPL,up
TRINITY_DN14595_c0_g1_i3,Pre-pol,Fer,9.574671528,7.20E-07,8.10E-05,ZUP1_MACFA,up
TRINITY_DN9208_c0_g1_i1,Pre-pol,Fer,9.574555265,2.66E-07,3.72E-05,PIP12_ORYSJ,up
TRINITY_DN261_c0_g1_i1,Pre-pol,Fer,9.570620194,4.46E-15,8.18E-12,FOSB_BACLD,up
TRINITY_DN369_c0_g1_i5,Pre-pol,Fer,9.559095204,2.57E-07,3.65E-05,SFSWA_HUMAN,up
TRINITY_DN9072_c0_g1_i5,Pre-pol,Fer,9.556332871,2.11E-06,0.000181536,XG113_ARATH,up
TRINITY_DN5029_c0_g1_i9,Pre-pol,Fer,9.550294155,8.82E-07,9.57E-05,PBL28_ARATH,up
TRINITY_DN4583_c0_g1_i2,Pre-pol,Fer,9.54766833,5.10E-06,0.000354692,DAAF1_HUMAN,up
TRINITY_DN3438_c0_g1_i5,Pre-pol,Fer,9.539794132,2.82E-07,3.89E-05,TRM11_CHICK,up
TRINITY_DN1922_c0_g1_i4,Pre-pol,Fer,9.534304874,3.25E-06,0.000253456,CNOT1_XENTR,up
TRINITY_DN7517_c0_g1_i3,Pre-pol,Fer,9.511450728,3.15E-07,4.13E-05,CKX4_ORYSJ,up
TRINITY_DN5577_c0_g1_i17,Pre-pol,Fer,9.5100314,4.81E-07,5.88E-05,AMPD_ARATH,up
TRINITY_DN4662_c0_g1_i1,Pre-pol,Fer,9.508982126,1.10E-06,0.000113366,GSTFD_ARATH,up
TRINITY_DN472_c1_g1_i11,Pre-pol,Fer,9.5067689,1.27E-06,0.000127349,TBB1_MAIZE,up
TRINITY_DN5792_c0_g1_i33,Pre-pol,Fer,9.498129519,4.00E-07,5.05E-05,UVH3_ARATH,up
TRINITY_DN6616_c0_g1_i1,Pre-pol,Fer,9.444779424,2.65E-06,0.000218094,TMN12_ARATH,up
TRINITY_DN1337_c0_g1_i14,Pre-pol,Fer,9.439020982,1.79E-05,0.000926872,WNK1_ORYSJ,up
TRINITY_DN320_c1_g1_i6,Pre-pol,Fer,9.420673917,1.39E-06,0.000136073,MYB05_ANTMA,up
TRINITY_DN13589_c0_g1_i22,Pre-pol,Fer,9.417589254,8.26E-07,9.13E-05,RCC2_HUMAN,up
TRINITY_DN5486_c0_g1_i36,Pre-pol,Fer,9.410663774,4.80E-07,5.88E-05,AB31G_ORYSJ,up
TRINITY_DN9028_c0_g1_i3,Pre-pol,Fer,9.400207921,4.92E-05,0.0019212,PRAF1_ARATH,up
TRINITY_DN8123_c0_g1_i1,Pre-pol,Fer,9.398399702,6.26E-07,7.28E-05,MURG_FLAPJ,up
TRINITY_DN2967_c0_g1_i11,Pre-pol,Fer,9.3980765,7.03E-06,0.000447989,ATESY_MAGGA,up
TRINITY_DN6535_c0_g1_i22,Pre-pol,Fer,9.396167987,5.57E-07,6.72E-05,IDHC_TOBAC,up
TRINITY_DN5190_c0_g1_i18,Pre-pol,Fer,9.38609889,1.50E-06,0.000143366,C3H55_ORYSJ,up
TRINITY_DN5768_c0_g1_i1,Pre-pol,Fer,9.380928794,1.01E-06,0.000106186,RNL_ARATH,up
TRINITY_DN1513_c0_g1_i15,Pre-pol,Fer,9.364217443,3.03E-06,0.000242024,Y1765_ARATH,up
TRINITY_DN206_c0_g1_i2,Pre-pol,Fer,9.350797602,6.80E-06,0.000438825,PCKA2_ARATH,up
TRINITY_DN2114_c0_g1_i26,Pre-pol,Fer,9.347922208,7.10E-07,8.02E-05,MAOX_PHAVU,up
TRINITY_DN9425_c0_g1_i32,Pre-pol,Fer,9.34646098,6.28E-07,7.29E-05,ROC8_ORYSJ,up
TRINITY_DN3069_c0_g1_i5,Pre-pol,Fer,9.327514652,1.49E-06,0.00014294,C3H24_ORYSJ,up
TRINITY_DN4117_c0_g1_i21,Pre-pol,Fer,9.327307575,1.36E-06,0.00013405,WNK1_ORYSI,up
TRINITY_DN5286_c0_g1_i10,Pre-pol,Fer,9.322115648,1.77E-06,0.000160425,PPA17_ARATH,up
TRINITY_DN11142_c0_g2_i8,Pre-pol,Fer,9.321402021,1.06E-06,0.000110056,YSL5_ARATH,up
TRINITY_DN658_c0_g1_i16,Pre-pol,Fer,9.309117639,1.55E-06,0.000145504,CLPB3_ARATH,up
TRINITY_DN3257_c0_g1_i6,Pre-pol,Fer,9.300585934,6.88E-06,0.000442425,AGDP1_ARATH,up
TRINITY_DN173_c0_g1_i13,Pre-pol,Fer,9.291107569,1.63E-06,0.000149867,HSP7S_PEA,up
TRINITY_DN3915_c0_g1_i9,Pre-pol,Fer,9.289414061,8.08E-07,9.01E-05,RGA3_SOLBU,up
TRINITY_DN9271_c0_g1_i4,Pre-pol,Fer,9.277039205,6.98E-06,0.000447989,SYP22_ARATH,up
TRINITY_DN3608_c0_g1_i11,Pre-pol,Fer,9.272787783,2.25E-06,0.000191546,GLNB_ORYSJ,up
TRINITY_DN2480_c0_g1_i2,Pre-pol,Fer,9.265564569,1.14E-06,0.00011689,RRT1_ARATH,up
TRINITY_DN2465_c0_g1_i1,Pre-pol,Fer,9.265492962,8.96E-07,9.69E-05,YITV_BACSU,up
TRINITY_DN40_c0_g1_i25,Pre-pol,Fer,9.262763852,1.38E-06,0.000134882,BLH10_ARATH,up
TRINITY_DN5897_c0_g1_i4,Pre-pol,Fer,9.258483988,9.09E-07,9.72E-05,SMC3_ARATH,up
TRINITY_DN11103_c0_g1_i3,Pre-pol,Fer,9.244883481,2.61E-06,0.00021547,PME18_ARATH,up
TRINITY_DN3464_c0_g1_i58,Pre-pol,Fer,9.236685015,5.42E-06,0.000371434,NEK6_ORYSJ,up
TRINITY_DN14217_c0_g1_i1,Pre-pol,Fer,9.222113931,1.34E-05,0.000746583,MYRS_QUEIL,up
TRINITY_DN3886_c0_g1_i2,Pre-pol,Fer,9.203731905,1.47E-05,0.000797318,HSF30_SOLPE,up
TRINITY_DN664_c0_g1_i34,Pre-pol,Fer,9.203189884,4.02E-06,0.000295057,TMCO4_HUMAN,up
TRINITY_DN5606_c0_g1_i5,Pre-pol,Fer,9.201678517,1.54E-06,0.000145492,SBT3_LOTJA,up
TRINITY_DN2734_c0_g1_i8,Pre-pol,Fer,9.193410208,1.52E-06,0.00014482,CLCF_ARATH,up
TRINITY_DN9248_c0_g1_i45,Pre-pol,Fer,9.179510155,4.29E-06,0.000311184,Y2296_ARATH,up
TRINITY_DN307_c0_g1_i9,Pre-pol,Fer,9.179438366,3.56E-06,0.000271608,CATIN_ARATH,up
TRINITY_DN21148_c0_g1_i2,Pre-pol,Fer,9.168879316,2.45E-06,0.00020396,MRAY_ARATH,up
TRINITY_DN9435_c0_g1_i23,Pre-pol,Fer,9.167593662,1.36E-06,0.00013405,SUVR4_ARATH,up
TRINITY_DN10403_c0_g1_i1,Pre-pol,Fer,9.142818661,1.46E-06,0.000140556,SRO1_ARATH,up
TRINITY_DN750_c0_g1_i27,Pre-pol,Fer,9.142734921,4.54E-06,0.000324101,BP103_ORYSJ,up
TRINITY_DN913_c0_g1_i3,Pre-pol,Fer,9.140616424,2.03E-06,0.000177331,CDKC2_ORYSJ,up
TRINITY_DN1873_c0_g1_i3,Pre-pol,Fer,9.136224821,1.62E-06,0.000149846,BRM_ARATH,up
TRINITY_DN77_c0_g1_i3,Pre-pol,Fer,9.132217981,1.78E-05,0.000925214,PLDA1_ORYSJ,up
TRINITY_DN13068_c0_g1_i56,Pre-pol,Fer,9.130293309,1.59E-06,0.000147898,RGLG2_ARATH,up
TRINITY_DN6470_c0_g1_i5,Pre-pol,Fer,9.125146335,2.33E-06,0.000197156,TBCD_ARATH,up
TRINITY_DN1171_c0_g1_i4,Pre-pol,Fer,9.118504094,6.20E-06,0.000407654,BGA15_ORYSJ,up
TRINITY_DN9248_c0_g1_i3,Pre-pol,Fer,9.117316752,3.50E-06,0.000268843,PBL15_ARATH,up
TRINITY_DN3517_c0_g1_i4,Pre-pol,Fer,9.116739629,3.14E-06,0.000246808,APBLA_ARATH,up
TRINITY_DN14034_c0_g1_i20,Pre-pol,Fer,9.116739629,3.14E-06,0.000246808,DUR3_ARATH,up
TRINITY_DN6910_c0_g1_i2,Pre-pol,Fer,9.115911271,1.79E-06,0.000160425,Y6944_ORYSJ,up
TRINITY_DN1195_c0_g1_i3,Pre-pol,Fer,9.113671515,1.71E-05,0.000899577,PPR49_ARATH,up
TRINITY_DN2522_c0_g1_i8,Pre-pol,Fer,9.10506534,1.72E-06,0.0001567,CID11_ARATH,up
TRINITY_DN2985_c0_g1_i3,Pre-pol,Fer,9.104423833,2.69E-06,0.00022054,E70E2_ARATH,up
TRINITY_DN6531_c0_g1_i2,Pre-pol,Fer,9.10263405,3.87E-06,0.000289301,NEMF_HUMAN,up
TRINITY_DN792_c0_g1_i1,Pre-pol,Fer,9.101656594,8.27E-06,0.000505606,NCPR1_ARTAN,up
TRINITY_DN3749_c0_g2_i1,Pre-pol,Fer,9.078471522,7.02E-06,0.000447989,NAC78_ARATH,up
TRINITY_DN3203_c1_g1_i9,Pre-pol,Fer,9.072187426,2.45E-06,0.00020396,KN7E_ORYSJ,up
TRINITY_DN3035_c0_g1_i5,Pre-pol,Fer,9.060540433,2.10E-05,0.001038509,RH24_ARATH,up
TRINITY_DN1605_c0_g1_i13,Pre-pol,Fer,9.056139135,7.17E-06,0.000453223,CLPB1_ARATH,up
TRINITY_DN133_c0_g1_i17,Pre-pol,Fer,9.051912722,1.81E-05,0.000931966,DNAJ_CLOD6,up
TRINITY_DN798_c0_g1_i15,Pre-pol,Fer,9.045836865,4.10E-06,0.000299968,EF1G2_ORYSJ,up
TRINITY_DN2034_c0_g1_i37,Pre-pol,Fer,9.042274844,1.00E-05,0.000586619,MLO14_ARATH,up
TRINITY_DN2808_c0_g1_i1,Pre-pol,Fer,9.04212588,5.84E-06,0.000389781,PSME4_ARATH,up
TRINITY_DN998_c0_g1_i4,Pre-pol,Fer,9.038276408,2.35E-06,0.000197948,SAC3A_ARATH,up
TRINITY_DN803_c0_g1_i14,Pre-pol,Fer,9.037547447,2.83E-05,0.00129697,GUN6_ARATH,up
TRINITY_DN21725_c0_g1_i12,Pre-pol,Fer,9.034865665,1.91E-05,0.000966635,P5CS1_ORYSJ,up
TRINITY_DN1683_c0_g1_i17,Pre-pol,Fer,9.01835257,3.70E-06,0.000278195,CIP7_ARATH,up
TRINITY_DN8593_c0_g1_i9,Pre-pol,Fer,9.018245299,1.54E-05,0.00082299,Y4598_ARATH,up
TRINITY_DN6849_c0_g1_i8,Pre-pol,Fer,9.017551453,2.71E-06,0.00022179,XTHA_PHAAN,up
TRINITY_DN9857_c0_g1_i2,Pre-pol,Fer,9.016309599,3.07E-06,0.000243105,Y5162_ARATH,up
TRINITY_DN1789_c0_g1_i4,Pre-pol,Fer,8.999554266,2.75E-06,0.000224416,ACO3M_ARATH,up
TRINITY_DN1464_c0_g1_i4,Pre-pol,Fer,8.998362036,3.04E-06,0.000242024,SUGP1_ARATH,up
TRINITY_DN751_c0_g1_i12,Pre-pol,Fer,8.995840097,6.67E-06,0.00043186,FAO1_LOTJA,up
TRINITY_DN2644_c0_g1_i16,Pre-pol,Fer,8.987461009,2.78E-06,0.000225968,CHR9_ARATH,up
TRINITY_DN12594_c1_g2_i3,Pre-pol,Fer,8.986530966,7.00E-05,0.002490701,Y1666_ARATH,up
TRINITY_DN96_c0_g1_i4,Pre-pol,Fer,8.986218268,5.33E-06,0.000366518,AHSA_DICDI,up
TRINITY_DN2629_c0_g1_i10,Pre-pol,Fer,8.961689078,8.78E-06,0.000530663,TAF7_ARATH,up
TRINITY_DN12875_c0_g1_i6,Pre-pol,Fer,8.960496709,2.96E-05,0.0013404,CIGR2_ORYSJ,up
TRINITY_DN806_c0_g1_i7,Pre-pol,Fer,8.95851072,5.63E-06,0.000381842,Y1765_ARATH,up
TRINITY_DN2967_c0_g1_i8,Pre-pol,Fer,8.94824381,1.53E-05,0.000820352,SPISY_SANSP,up
TRINITY_DN4949_c0_g1_i7,Pre-pol,Fer,8.947050442,3.62E-06,0.000273749,PAH2_ARATH,up
TRINITY_DN3372_c0_g1_i4,Pre-pol,Fer,8.945585406,3.42E-06,0.000264328,WDR43_MOUSE,up
TRINITY_DN5029_c0_g1_i7,Pre-pol,Fer,8.939553096,3.88E-06,0.000289301,PV42A_ARATH,up
TRINITY_DN96_c0_g1_i2,Pre-pol,Fer,8.936109448,1.33E-05,0.000741287,AHSA_DICDI,up
TRINITY_DN2036_c0_g1_i36,Pre-pol,Fer,8.929285625,4.42E-06,0.000317221,SCP51_ARATH,up
TRINITY_DN6857_c0_g1_i8,Pre-pol,Fer,8.928389656,4.72E-05,0.001855125,RAC2_ORYSJ,up
TRINITY_DN4650_c0_g2_i1,Pre-pol,Fer,8.920646617,3.82E-06,0.000286606,PMTI_ARATH,up
TRINITY_DN4401_c0_g1_i2,Pre-pol,Fer,8.917607362,3.91E-06,0.000289697,PHL11_ARATH,up
TRINITY_DN7027_c0_g1_i1,Pre-pol,Fer,8.915630507,2.51E-05,0.001184025,SBT4_LOTJA,up
TRINITY_DN3068_c0_g1_i39,Pre-pol,Fer,8.904623921,1.47E-05,0.000797318,PABN2_ARATH,up
TRINITY_DN13080_c0_g1_i8,Pre-pol,Fer,8.889464994,4.92E-06,0.000345621,CSTR2_ORYSJ,up
TRINITY_DN8540_c0_g1_i21,Pre-pol,Fer,8.887991006,4.19E-06,0.000305323,GPI12_SCHPO,up
TRINITY_DN2823_c0_g1_i5,Pre-pol,Fer,8.8841885,4.80E-06,0.000340219,REM41_ORYSJ,up
TRINITY_DN2734_c0_g1_i16,Pre-pol,Fer,8.883186001,6.06E-06,0.000400781,CLCF_ARATH,up
TRINITY_DN2072_c0_g1_i7,Pre-pol,Fer,8.873544667,5.87E-05,0.00216702,LCAT1_ARATH,up
TRINITY_DN6006_c0_g1_i2,Pre-pol,Fer,8.869890089,1.60E-05,0.0008515,SEOB_ARATH,up
TRINITY_DN1327_c0_g1_i34,Pre-pol,Fer,8.863996142,2.54E-05,0.001194191,NTL9_ARATH,up
TRINITY_DN4602_c0_g1_i3,Pre-pol,Fer,8.863116308,9.10E-06,0.000546208,GPI8_DROME,up
TRINITY_DN658_c0_g1_i17,Pre-pol,Fer,8.860718327,4.82E-06,0.000340809,CLPB3_ARATH,up
TRINITY_DN55_c0_g1_i16,Pre-pol,Fer,8.85094799,6.63E-06,0.000431129,CUL1_ORYSJ,up
TRINITY_DN2896_c0_g1_i6,Pre-pol,Fer,8.842795266,1.39E-05,0.0007601,AGO4B_ORYSJ,up
TRINITY_DN9191_c0_g1_i86,Pre-pol,Fer,8.842751356,1.94E-05,0.000973769,RFS1_ARATH,up
TRINITY_DN11483_c0_g1_i2,Pre-pol,Fer,8.839702833,2.33E-05,0.001124879,PR5K_ARATH,up
TRINITY_DN885_c0_g1_i4,Pre-pol,Fer,8.832147992,1.83E-05,0.000938732,RHD3_ORYSJ,up
TRINITY_DN12705_c0_g1_i5,Pre-pol,Fer,8.830735959,8.42E-06,0.000512804,MA651_ARATH,up
TRINITY_DN4946_c0_g1_i5,Pre-pol,Fer,8.829411251,9.17E-06,0.000549485,GUN2_PERAE,up
TRINITY_DN918_c0_g1_i10,Pre-pol,Fer,8.827675214,5.22E-05,0.002021732,LHT1_ARATH,up
TRINITY_DN7583_c0_g1_i3,Pre-pol,Fer,8.820924563,9.68E-05,0.00319158,ICR2_ARATH,up
TRINITY_DN13143_c0_g1_i26,Pre-pol,Fer,8.814987519,5.84E-06,0.000389781,FPP4_ARATH,up
TRINITY_DN13359_c0_g1_i9,Pre-pol,Fer,8.81166901,5.70E-06,0.000385137,Y1049_ARATH,up
TRINITY_DN6348_c0_g1_i3,Pre-pol,Fer,8.811099881,1.25E-05,0.000702914,YBEG_SCHPO,up
TRINITY_DN14054_c0_g1_i14,Pre-pol,Fer,8.797885852,5.46E-05,0.002075555,CFXQ_CYAM1,up
TRINITY_DN385_c0_g1_i9,Pre-pol,Fer,8.793137924,2.34E-05,0.00112733,PMTQ_ARATH,up
TRINITY_DN1353_c0_g1_i2,Pre-pol,Fer,8.791576026,2.44E-05,0.00115856,ERL2_ARATH,up
TRINITY_DN14183_c0_g1_i2,Pre-pol,Fer,8.782110483,7.36E-06,0.000461962,UFD1_MOUSE,up
TRINITY_DN205_c1_g1_i8,Pre-pol,Fer,8.780933959,7.72E-06,0.000480607,AVT1A_ARATH,up
TRINITY_DN8821_c0_g1_i100,Pre-pol,Fer,8.780145776,6.64E-06,0.000431129,CERK1_ORYSJ,up
TRINITY_DN1096_c0_g1_i4,Pre-pol,Fer,8.777971098,4.34E-05,0.001761895,ZW10_ARATH,up
TRINITY_DN1664_c0_g1_i7,Pre-pol,Fer,8.772200071,8.11E-06,0.000498613,AMO2_ARTS1,up
TRINITY_DN1330_c0_g1_i3,Pre-pol,Fer,8.76936379,7.26E-05,0.002568722,ANL2_ARATH,up
TRINITY_DN10150_c0_g1_i9,Pre-pol,Fer,8.768037482,2.35E-05,0.001128927,MFSD5_MOUSE,up
TRINITY_DN4807_c0_g1_i37,Pre-pol,Fer,8.764698732,2.55E-05,0.001194462,MYO12_ARATH,up
TRINITY_DN7347_c0_g1_i2,Pre-pol,Fer,8.757920403,7.39E-06,0.000462156,SAD2H_ARATH,up
TRINITY_DN10276_c0_g1_i18,Pre-pol,Fer,8.756798922,7.83E-06,0.000486921,APC2_ARATH,up
TRINITY_DN3350_c0_g1_i14,Pre-pol,Fer,8.755496441,7.16E-06,0.000453194,CSC1_ARATH,up
TRINITY_DN4418_c0_g1_i2,Pre-pol,Fer,8.749275078,8.32E-06,0.000507571,YHLA_SCHPO,up
TRINITY_DN692_c0_g1_i19,Pre-pol,Fer,8.742597361,1.56E-05,0.000831087,DHR12_BOVIN,up
TRINITY_DN8055_c0_g1_i2,Pre-pol,Fer,8.737283788,7.86E-06,0.000487926,SYVM1_ARATH,up
TRINITY_DN8722_c0_g1_i5,Pre-pol,Fer,8.736479594,1.50E-05,0.00080741,MSP1_ORYSJ,up
TRINITY_DN3986_c0_g1_i15,Pre-pol,Fer,8.734141289,3.23E-05,0.00141895,GLGL2_ARATH,up
TRINITY_DN1594_c0_g1_i11,Pre-pol,Fer,8.730417022,8.12E-06,0.000498613,IP5PF_ARATH,up
TRINITY_DN9229_c0_g1_i5,Pre-pol,Fer,8.723804339,8.27E-06,0.000505606,SUS7_ORYSJ,up
TRINITY_DN5169_c0_g1_i1,Pre-pol,Fer,8.723314619,1.09E-05,0.000630533,EXPA1_ORYSJ,up
TRINITY_DN3502_c0_g1_i3,Pre-pol,Fer,8.715563373,1.43E-05,0.000780759,GUN17_ARATH,up
TRINITY_DN1310_c0_g1_i5,Pre-pol,Fer,8.714554354,1.21E-05,0.000682097,B3GLT_HUMAN,up
TRINITY_DN85_c0_g1_i3,Pre-pol,Fer,8.707356082,9.38E-06,0.000557539,C3H32_ARATH,up
TRINITY_DN747_c0_g1_i16,Pre-pol,Fer,8.700929126,8.98E-06,0.000540648,SPPA1_ARATH,up
TRINITY_DN11505_c0_g1_i3,Pre-pol,Fer,8.699042058,1.90E-05,0.000962492,BIP5_TOBAC,up
TRINITY_DN4477_c0_g1_i21,Pre-pol,Fer,8.696660284,9.29E-06,0.000554819,SRF8_ARATH,up
TRINITY_DN13982_c0_g1_i6,Pre-pol,Fer,8.693139954,3.44E-05,0.001489056,UBP54_HUMAN,up
TRINITY_DN3993_c0_g1_i1,Pre-pol,Fer,8.687741599,9.86E-06,0.000579564,Y5673_ARATH,up
TRINITY_DN4151_c0_g1_i13,Pre-pol,Fer,8.687559018,1.38E-05,0.00075902,RMC1_MOUSE,up
TRINITY_DN1554_c0_g1_i2,Pre-pol,Fer,8.676408471,1.30E-05,0.000728244,SFH12_ARATH,up
TRINITY_DN3360_c0_g1_i2,Pre-pol,Fer,8.671221224,1.03E-05,0.0005994,TPT_SOLTU,up
TRINITY_DN7027_c0_g1_i11,Pre-pol,Fer,8.667522231,2.48E-05,0.001171368,SBT4_LOTJA,up
TRINITY_DN2967_c0_g1_i9,Pre-pol,Fer,8.665898257,5.31E-05,0.002040262,ATESY_MAGGA,up
TRINITY_DN3120_c0_g1_i6,Pre-pol,Fer,8.659203345,1.19E-05,0.000674595,AFC1_ARATH,up
TRINITY_DN1927_c0_g1_i11,Pre-pol,Fer,8.655075603,1.86E-05,0.000947366,SYD_ARATH,up
TRINITY_DN6227_c0_g1_i14,Pre-pol,Fer,8.653805022,1.08E-05,0.000627951,SDN5_ARATH,up
TRINITY_DN610_c0_g1_i73,Pre-pol,Fer,8.648871261,1.74E-05,0.000910238,CHR24_ARATH,up
TRINITY_DN11386_c0_g1_i30,Pre-pol,Fer,8.648689124,1.13E-05,0.000650254,CUL4_ARATH,up
TRINITY_DN3673_c0_g1_i11,Pre-pol,Fer,8.646785321,1.16E-05,0.000660819,DPOD3_MOUSE,up
TRINITY_DN7690_c0_g1_i5,Pre-pol,Fer,8.642045294,1.13E-05,0.000650331,ALA4_ARATH,up
TRINITY_DN3120_c0_g1_i98,Pre-pol,Fer,8.639517846,1.30E-05,0.000728763,AFC2_ARATH,up
TRINITY_DN1272_c0_g1_i4,Pre-pol,Fer,8.630547044,1.19E-05,0.000672651,CSU1_ARATH,up
TRINITY_DN6818_c0_g1_i1,Pre-pol,Fer,8.627639373,1.35E-05,0.000746583,RNG1L_ARATH,up
TRINITY_DN481_c0_g1_i1,Pre-pol,Fer,8.627137029,1.36E-05,0.000754373,ALB4_ARATH,up
TRINITY_DN6236_c0_g1_i6,Pre-pol,Fer,8.626660502,2.36E-05,0.001130226,AMSH1_ARATH,up
TRINITY_DN6864_c0_g1_i1,Pre-pol,Fer,8.615020411,2.15E-05,0.001051456,SC31B_ARATH,up
TRINITY_DN206_c0_g1_i36,Pre-pol,Fer,8.61359662,7.63E-05,0.002667271,BH095_ARATH,up
TRINITY_DN522_c0_g1_i4,Pre-pol,Fer,8.60804511,1.32E-05,0.000740594,GOGC4_ARATH,up
TRINITY_DN10403_c0_g1_i10,Pre-pol,Fer,8.602294421,1.70E-05,0.00089457,SRO1_ARATH,up
TRINITY_DN669_c0_g1_i1,Pre-pol,Fer,8.599148268,2.33E-05,0.001124879,EIL1B_ORYSJ,up
TRINITY_DN4482_c0_g1_i20,Pre-pol,Fer,8.598562075,4.72E-05,0.001856981,BASS2_ORYSJ,up
TRINITY_DN1997_c0_g1_i7,Pre-pol,Fer,8.597050648,1.38E-05,0.000760012,TBC8B_MOUSE,up
TRINITY_DN206_c0_g1_i44,Pre-pol,Fer,8.583707277,1.43E-05,0.000782552,PCKA1_ARATH,up
TRINITY_DN3120_c0_g1_i87,Pre-pol,Fer,8.582875066,1.56E-05,0.000831087,AFC1_ARATH,up
TRINITY_DN811_c0_g1_i13,Pre-pol,Fer,8.581292239,1.83E-05,0.000938732,CP21A_ARATH,up
TRINITY_DN5581_c0_g1_i37,Pre-pol,Fer,8.579181935,1.92E-05,0.000969801,Y1634_ARATH,up
TRINITY_DN980_c0_g1_i5,Pre-pol,Fer,8.576284275,1.85E-05,0.000947234,SR34_ARATH,up
TRINITY_DN9216_c0_g1_i3,Pre-pol,Fer,8.572202663,1.78E-05,0.000925214,PMK_ARATH,up
TRINITY_DN1528_c0_g1_i3,Pre-pol,Fer,8.57153998,2.86E-05,0.001305048,BAZ1A_HUMAN,up
TRINITY_DN4573_c0_g1_i1,Pre-pol,Fer,8.564979533,3.43E-05,0.001486815,RFT1_XENTR,up
TRINITY_DN4985_c0_g1_i7,Pre-pol,Fer,8.559901941,2.68E-05,0.001239653,TBC15_MOUSE,up
TRINITY_DN739_c0_g1_i6,Pre-pol,Fer,8.558484588,1.61E-05,0.000854194,ASHH3_ARATH,up
TRINITY_DN11768_c0_g1_i8,Pre-pol,Fer,8.557834956,2.13E-05,0.001045638,RUBA_WHEAT,up
TRINITY_DN6025_c0_g1_i23,Pre-pol,Fer,8.557181252,2.56E-05,0.001195854,DEGP2_ARATH,up
TRINITY_DN6491_c0_g1_i15,Pre-pol,Fer,8.552638362,1.61E-05,0.000854194,Y1342_ARATH,up
TRINITY_DN2139_c0_g1_i14,Pre-pol,Fer,8.552308279,1.86E-05,0.000948162,KN14C_ORYSJ,up
TRINITY_DN460_c0_g1_i1,Pre-pol,Fer,8.546879973,3.88E-05,0.001609658,EXPB3_ARATH,up
TRINITY_DN4046_c0_g1_i4,Pre-pol,Fer,8.545634867,2.03E-05,0.001010538,PPCE_HUMAN,up
TRINITY_DN7055_c0_g1_i9,Pre-pol,Fer,8.537209944,1.80E-05,0.000930332,ACR8_ARATH,up
TRINITY_DN12662_c0_g1_i7,Pre-pol,Fer,8.532643978,3.85E-05,0.001605271,FH3_ORYSJ,up
TRINITY_DN9414_c0_g2_i3,Pre-pol,Fer,8.527678688,1.80E-05,0.000930332,PHSH_SOLTU,up
TRINITY_DN11184_c0_g1_i9,Pre-pol,Fer,8.522194709,2.41E-05,0.00114956,PRAF1_ARATH,up
TRINITY_DN13143_c0_g1_i17,Pre-pol,Fer,8.521528396,3.08E-05,0.001372328,FPP4_ARATH,up
TRINITY_DN3120_c0_g1_i32,Pre-pol,Fer,8.515952275,5.30E-05,0.002035947,AFC2_ARATH,up
TRINITY_DN4198_c0_g1_i5,Pre-pol,Fer,8.515662583,1.87E-05,0.000950343,ARP2_ARATH,up
TRINITY_DN124_c0_g1_i1,Pre-pol,Fer,8.515004805,2.99E-05,0.001348236,APBLB_ARATH,up
TRINITY_DN8965_c0_g1_i1,Pre-pol,Fer,8.513769009,5.10E-05,0.0019754,YUC10_ARATH,up
TRINITY_DN357_c0_g1_i26,Pre-pol,Fer,8.513282273,1.98E-05,0.000990152,ACS_ARATH,up
TRINITY_DN4288_c0_g1_i3,Pre-pol,Fer,8.510853838,1.97E-05,0.000986135,SAB_ARATH,up
TRINITY_DN1998_c0_g1_i1,Pre-pol,Fer,8.502987488,3.04E-05,0.001364162,UBP26_ORYSJ,up
TRINITY_DN9720_c0_g1_i9,Pre-pol,Fer,8.496988095,2.11E-05,0.001041397,Y1133_ARATH,up
TRINITY_DN7263_c0_g1_i12,Pre-pol,Fer,8.490049912,2.11E-05,0.001041397,GAGT1_ARATH,up
TRINITY_DN11694_c0_g1_i2,Pre-pol,Fer,8.489750927,2.62E-05,0.001217439,PUB7_ARATH,up
TRINITY_DN2213_c0_g1_i2,Pre-pol,Fer,8.489540254,2.99E-05,0.001348236,CAPP4_ARATH,up
TRINITY_DN9951_c0_g2_i2,Pre-pol,Fer,8.485731978,3.83E-05,0.001596364,TBB1_AVESA,up
TRINITY_DN3255_c0_g1_i8,Pre-pol,Fer,8.485552194,2.11E-05,0.001040879,MDM38_YEAST,up
TRINITY_DN261_c0_g1_i2,Pre-pol,Fer,8.485199865,2.35E-05,0.001128927,FOSB_BACLD,up
TRINITY_DN1602_c0_g1_i11,Pre-pol,Fer,8.479520587,3.45E-05,0.001490472,ROS1A_ORYSJ,up
TRINITY_DN5819_c0_g1_i5,Pre-pol,Fer,8.47851344,2.29E-05,0.00110811,LYK5_ARATH,up
TRINITY_DN108_c1_g2_i3,Pre-pol,Fer,8.477622861,6.85E-05,0.002448775,WAV3_ARATH,up
TRINITY_DN3056_c0_g1_i12,Pre-pol,Fer,8.470637078,2.40E-05,0.001144208,PRP4B_RAT,up
TRINITY_DN2092_c0_g1_i12,Pre-pol,Fer,8.464825915,2.35E-05,0.001128927,FRS6_ARATH,up
TRINITY_DN14231_c0_g1_i6,Pre-pol,Fer,8.452055175,5.34E-05,0.002047028,Y4837_ARATH,up
TRINITY_DN5234_c0_g1_i11,Pre-pol,Fer,8.451668791,4.68E-05,0.001844534,FBT4_ARATH,up
TRINITY_DN9427_c0_g1_i8,Pre-pol,Fer,8.446793484,2.47E-05,0.001168373,P4H3_ARATH,up
TRINITY_DN10094_c0_g1_i3,Pre-pol,Fer,8.445564789,2.55E-05,0.001194462,CSLA9_ORYSJ,up
TRINITY_DN440_c0_g1_i5,Pre-pol,Fer,8.441179009,3.70E-05,0.00156388,GUAA_HELHP,up
TRINITY_DN8821_c0_g1_i89,Pre-pol,Fer,8.438330327,2.53E-05,0.001194191,CERK1_ORYSJ,up
TRINITY_DN2156_c0_g1_i3,Pre-pol,Fer,8.437052437,2.55E-05,0.001194462,GPI1_SCHPO,up
TRINITY_DN6100_c0_g1_i9,Pre-pol,Fer,8.435949665,4.57E-05,0.001820767,FPPS1_ARTSI,up
TRINITY_DN7683_c0_g1_i1,Pre-pol,Fer,8.435773407,2.57E-05,0.001198971,ILI5_ORYSJ,up
TRINITY_DN7358_c0_g1_i3,Pre-pol,Fer,8.432690944,3.59E-05,0.001539795,BASS5_ORYSJ,up
TRINITY_DN575_c0_g1_i22,Pre-pol,Fer,8.427244975,2.65E-05,0.001223388,PD5BB_XENLA,up
TRINITY_DN1666_c0_g1_i3,Pre-pol,Fer,8.425175433,3.21E-05,0.001414709,TBL44_ARATH,up
TRINITY_DN9236_c0_g1_i31,Pre-pol,Fer,8.4207462,3.15E-05,0.001394431,WDR91_DICDI,up
TRINITY_DN5378_c0_g1_i7,Pre-pol,Fer,8.420478104,3.66E-05,0.001558546,DUF2_ARATH,up
TRINITY_DN925_c0_g1_i5,Pre-pol,Fer,8.416117039,3.02E-05,0.00135763,NIC1_ARATH,up
TRINITY_DN5574_c0_g1_i19,Pre-pol,Fer,8.410650786,5.77E-05,0.00214244,IP5P3_ARATH,up
TRINITY_DN1823_c0_g1_i12,Pre-pol,Fer,8.408437249,7.75E-05,0.002697648,DNLI4_ORYSJ,up
TRINITY_DN618_c0_g1_i8,Pre-pol,Fer,8.406324465,6.15E-05,0.002249691,ACINU_MOUSE,up
TRINITY_DN10673_c0_g1_i65,Pre-pol,Fer,8.39855814,4.93E-05,0.00192141,CDPKS_ARATH,up
TRINITY_DN5304_c0_g1_i18,Pre-pol,Fer,8.393576243,4.39E-05,0.001773495,SUT41_ARATH,up
TRINITY_DN13143_c0_g1_i24,Pre-pol,Fer,8.391257224,3.07E-05,0.001369182,FPP4_ARATH,up
TRINITY_DN1456_c0_g1_i6,Pre-pol,Fer,8.385425686,4.67E-05,0.00184426,SMOS1_ORYSJ,up
TRINITY_DN5167_c0_g1_i1,Pre-pol,Fer,8.384801141,4.88E-05,0.001909646,HS22C_SOYBN,up
TRINITY_DN15496_c0_g1_i7,Pre-pol,Fer,8.382460305,3.15E-05,0.001394431,MYTM1_ARATH,up
TRINITY_DN3419_c0_g1_i5,Pre-pol,Fer,8.381511543,3.77E-05,0.001585592,CRL5_ORYSJ,up
TRINITY_DN1700_c1_g1_i6,Pre-pol,Fer,8.378425223,3.67E-05,0.00156157,E133_ARATH,up
TRINITY_DN5953_c0_g1_i3,Pre-pol,Fer,8.376751047,3.48E-05,0.001499226,LPAI_ARATH,up
TRINITY_DN805_c0_g1_i28,Pre-pol,Fer,8.375375877,3.24E-05,0.001422724,GGAP1_ARATH,up
TRINITY_DN1913_c0_g1_i4,Pre-pol,Fer,8.375331512,3.60E-05,0.001540258,ICR4_ARATH,up
TRINITY_DN10641_c0_g1_i2,Pre-pol,Fer,8.373296887,5.24E-05,0.002025089,D6KL2_ARATH,up
TRINITY_DN1091_c0_g1_i4,Pre-pol,Fer,8.365180072,3.68E-05,0.00156157,CHRC1_ONCHC,up
TRINITY_DN4104_c0_g1_i7,Pre-pol,Fer,8.35792496,3.79E-05,0.00158937,KANL3_DANRE,up
TRINITY_DN2031_c0_g1_i32,Pre-pol,Fer,8.357222369,5.97E-05,0.002194733,CCB22_ORYSJ,up
TRINITY_DN4362_c0_g1_i3,Pre-pol,Fer,8.356617027,3.49E-05,0.001502809,KIP1L_ARATH,up
TRINITY_DN19184_c0_g1_i1,Pre-pol,Fer,8.355460641,8.90E-05,0.002999588,WTR14_ARATH,up
TRINITY_DN16462_c0_g1_i14,Pre-pol,Fer,8.354436925,4.20E-05,0.001715058,REMO_SOLTU,up
TRINITY_DN4473_c0_g1_i12,Pre-pol,Fer,8.348964331,3.60E-05,0.001540258,TBC17_MOUSE,up
TRINITY_DN7034_c0_g1_i1,Pre-pol,Fer,8.348434389,4.36E-05,0.001767822,GLR27_ARATH,up
TRINITY_DN5873_c0_g1_i11,Pre-pol,Fer,8.348225742,6.74E-05,0.002418562,FEI1_ARATH,up
TRINITY_DN4799_c0_g1_i2,Pre-pol,Fer,8.347563807,3.86E-05,0.001608213,GDL88_ARATH,up
TRINITY_DN972_c1_g1_i4,Pre-pol,Fer,8.33800633,4.41E-05,0.001776773,FBL17_ARATH,up
TRINITY_DN2341_c0_g2_i9,Pre-pol,Fer,8.337818865,9.21E-05,0.003068622,PIP_ARATH,up
TRINITY_DN8105_c0_g1_i4,Pre-pol,Fer,8.337278755,5.69E-05,0.002123685,PLY15_ARATH,up
TRINITY_DN4234_c0_g1_i1,Pre-pol,Fer,8.336241053,3.78E-05,0.001586974,MAK3_ARATH,up
TRINITY_DN1353_c0_g1_i149,Pre-pol,Fer,8.332652758,4.46E-05,0.001791516,SIK1_ORYSJ,up
TRINITY_DN6548_c0_g1_i5,Pre-pol,Fer,8.332075963,4.48E-05,0.001795191,GWD1_CITRE,up
TRINITY_DN937_c0_g1_i6,Pre-pol,Fer,8.329668248,7.31E-05,0.002579746,NFYC4_ORYSJ,up
TRINITY_DN139_c0_g1_i2,Pre-pol,Fer,8.327204309,5.58E-05,0.002107723,PLY15_ARATH,up
TRINITY_DN2317_c0_g1_i1,Pre-pol,Fer,8.324825578,4.07E-05,0.001678177,NIK3_ARATH,up
TRINITY_DN10818_c0_g1_i3,Pre-pol,Fer,8.318932751,9.07E-07,9.72E-05,AVT1I_ARATH,up
TRINITY_DN4172_c0_g1_i2,Pre-pol,Fer,8.315755913,7.81E-05,0.002710055,GT14B_ARATH,up
TRINITY_DN19184_c0_g1_i2,Pre-pol,Fer,8.305846021,4.28E-05,0.001744795,WTR13_ARATH,up
TRINITY_DN3793_c0_g1_i2,Pre-pol,Fer,8.304858032,4.70E-05,0.001849473,SRP_VITRI,up
TRINITY_DN6198_c0_g1_i3,Pre-pol,Fer,8.298931126,6.10E-05,0.00223498,FRAY2_DICDI,up
TRINITY_DN1426_c0_g1_i9,Pre-pol,Fer,8.296509779,4.51E-05,0.001800881,MLO13_ARATH,up
TRINITY_DN489_c0_g1_i1,Pre-pol,Fer,8.293598444,5.58E-05,0.002107723,MEL1_ORYSJ,up
TRINITY_DN2394_c0_g1_i3,Pre-pol,Fer,8.292184156,5.72E-05,0.002130669,XB34_ORYSJ,up
TRINITY_DN5427_c0_g1_i5,Pre-pol,Fer,8.29181899,4.64E-05,0.001841049,NUP1_ARATH,up
TRINITY_DN362_c0_g1_i13,Pre-pol,Fer,8.291214816,6.47E-05,0.002329878,OHK4_ORYSJ,up
TRINITY_DN1351_c1_g1_i9,Pre-pol,Fer,8.28582962,8.32E-05,0.002845139,MRS2I_ORYSI,up
TRINITY_DN6115_c0_g1_i1,Pre-pol,Fer,8.280365721,6.47E-05,0.002329878,BRG3_ARATH,up
TRINITY_DN5583_c0_g1_i2,Pre-pol,Fer,8.277057183,6.22E-05,0.002268535,CDPKK_ORYSJ,up
TRINITY_DN9516_c0_g1_i6,Pre-pol,Fer,8.272759532,6.76E-05,0.002424268,PME51_ARATH,up
TRINITY_DN8255_c0_g1_i2,Pre-pol,Fer,8.271008131,5.61E-05,0.002116214,PLDA2_ARATH,up
TRINITY_DN6031_c0_g2_i3,Pre-pol,Fer,8.270779284,9.13E-05,0.00305478,BGAL3_ORYSJ,up
TRINITY_DN12549_c0_g1_i7,Pre-pol,Fer,8.269886364,7.18E-05,0.002545375,HIP1_ORYSJ,up
TRINITY_DN3432_c0_g1_i12,Pre-pol,Fer,8.26577543,6.37E-05,0.00230997,CAAT2_ARATH,up
TRINITY_DN2473_c0_g1_i10,Pre-pol,Fer,8.265257499,5.42E-05,0.002069727,FRS6_ARATH,up
TRINITY_DN1835_c0_g1_i1,Pre-pol,Fer,8.263736383,5.54E-05,0.002096733,VCL1_ARATH,up
TRINITY_DN9854_c0_g1_i2,Pre-pol,Fer,8.260464423,5.63E-05,0.002117625,GOGC2_ARATH,up
TRINITY_DN857_c0_g1_i5,Pre-pol,Fer,8.252673183,5.65E-05,0.002117625,SEC23_DEBHA,up
TRINITY_DN7489_c0_g1_i6,Pre-pol,Fer,8.252673183,5.65E-05,0.002117625,HIP3_ARATH,up
TRINITY_DN3329_c0_g3_i9,Pre-pol,Fer,8.249844044,5.68E-05,0.002123685,GEX2_ARATH,up
TRINITY_DN6064_c0_g1_i2,Pre-pol,Fer,8.246849509,6.10E-05,0.002235304,UBR7_HUMAN,up
TRINITY_DN126_c0_g1_i13,Pre-pol,Fer,8.24156164,5.45E-05,0.002075555,PIF3_ARATH,up
TRINITY_DN397_c0_g1_i14,Pre-pol,Fer,8.233270104,5.72E-05,0.002130669,TAF1_ORYSJ,up
TRINITY_DN2155_c0_g1_i19,Pre-pol,Fer,8.22928826,6.32E-05,0.002296268,Y574_MYCA1,up
TRINITY_DN806_c0_g1_i21,Pre-pol,Fer,8.228368337,5.88E-05,0.002168348,Y3148_ARATH,up
TRINITY_DN4802_c0_g1_i7,Pre-pol,Fer,8.227741063,8.60E-05,0.002928891,BOR4_ARATH,up
TRINITY_DN11413_c0_g1_i3,Pre-pol,Fer,8.226466846,7.73E-05,0.0026922,WIT1_ARATH,up
TRINITY_DN1700_c1_g1_i7,Pre-pol,Fer,8.213484966,6.83E-05,0.002444179,E133_ARATH,up
TRINITY_DN8290_c0_g1_i15,Pre-pol,Fer,8.204547318,6.44E-05,0.002328218,RBOHH_ARATH,up
TRINITY_DN1608_c0_g1_i48,Pre-pol,Fer,8.204015701,7.26E-05,0.002568336,TGA9_ARATH,up
TRINITY_DN5827_c0_g1_i22,Pre-pol,Fer,8.189037335,7.39E-05,0.00259928,CHLD_TOBAC,up
TRINITY_DN5261_c0_g1_i2,Pre-pol,Fer,8.188999122,6.64E-05,0.002384596,CHR5_ARATH,up
TRINITY_DN7263_c0_g1_i3,Pre-pol,Fer,8.187376179,9.72E-05,0.003196794,GAGT1_ARATH,up
TRINITY_DN17226_c0_g1_i6,Pre-pol,Fer,8.179369062,6.89E-05,0.002458768,TLC2_ARATH,up
TRINITY_DN1394_c0_g1_i27,Pre-pol,Fer,8.170750539,8.22E-05,0.002818653,DDM1_ARATH,up
TRINITY_DN5983_c0_g1_i3,Pre-pol,Fer,8.169709404,7.65E-05,0.002672132,VAD1_ARATH,up
TRINITY_DN3023_c0_g1_i1,Pre-pol,Fer,8.16655203,8.51E-05,0.00289878,PAO1_MAIZE,up
TRINITY_DN2300_c0_g1_i3,Pre-pol,Fer,8.157859534,7.47E-05,0.002621121,UPL6_ARATH,up
TRINITY_DN6413_c0_g1_i10,Pre-pol,Fer,8.157395024,8.78E-05,0.002977148,AGO7_ORYSJ,up
TRINITY_DN663_c0_g1_i9,Pre-pol,Fer,8.15269361,7.62E-05,0.002667271,POT8_ARATH,up
TRINITY_DN2740_c0_g1_i4,Pre-pol,Fer,8.146917263,9.73E-05,0.003196794,GMPP2_ORYSJ,up
TRINITY_DN2064_c0_g1_i57,Pre-pol,Fer,8.145946897,7.82E-05,0.002710981,VPS3_ARATH,up
TRINITY_DN10879_c0_g1_i25,Pre-pol,Fer,8.139206635,9.11E-05,0.003050897,CRSP_ARATH,up
TRINITY_DN6034_c0_g1_i12,Pre-pol,Fer,8.137597272,8.07E-05,0.002772325,DLD_ARATH,up
TRINITY_DN2150_c0_g1_i13,Pre-pol,Fer,8.12967295,9.78E-05,0.003207038,PHR3_ORYSJ,up
TRINITY_DN7213_c0_g1_i2,Pre-pol,Fer,8.122893085,9.02E-05,0.003033033,ZHD6_ORYSI,up
TRINITY_DN2857_c0_g1_i7,Pre-pol,Fer,8.121821998,8.68E-05,0.002945976,AB29B_ARATH,up
TRINITY_DN8547_c0_g1_i1,Pre-pol,Fer,8.120786905,9.48E-05,0.003131724,CDC22_ARATH,up
TRINITY_DN11705_c0_g1_i49,Pre-pol,Fer,8.11756742,8.71E-05,0.002956159,RHIE_DICD3,up
TRINITY_DN1674_c0_g1_i9,Pre-pol,Fer,8.116005161,9.30E-05,0.003093223,PSI1_ARATH,up
TRINITY_DN7377_c0_g1_i35,Pre-pol,Fer,8.108492995,9.73E-05,0.003196794,FK161_ARATH,up
TRINITY_DN4433_c0_g1_i33,Pre-pol,Fer,8.102129868,9.91E-05,0.003246964,YQKD_BACSU,up
TRINITY_DN918_c0_g1_i12,Pre-pol,Fer,8.098343184,9.35E-05,0.003101412,LHT1_ARATH,up
TRINITY_DN16445_c0_g1_i6,Pre-pol,Fer,7.954558247,1.12E-06,0.000114268,HS22M_SOYBN,up
TRINITY_DN3595_c0_g2_i1,Pre-pol,Fer,7.91431236,1.34E-05,0.000746583,ARFK_ORYSJ,up
TRINITY_DN19068_c0_g1_i1,Pre-pol,Fer,7.709790154,1.15E-05,0.000656786,CNGC4_ARATH,up
TRINITY_DN4181_c0_g2_i12,Pre-pol,Fer,7.698400471,1.70E-05,0.000893392,SWT14_ORYSJ,up
TRINITY_DN820_c0_g1_i2,Pre-pol,Fer,7.660354553,2.26E-07,3.29E-05,SBT3_LOTJA,up
TRINITY_DN7254_c1_g2_i4,Pre-pol,Fer,7.543978277,3.06E-05,0.001369182,CCA31_ARATH,up
TRINITY_DN3250_c0_g1_i2,Pre-pol,Fer,7.49669691,8.61E-22,9.02E-18,SBT4_LOTJA,up
TRINITY_DN1821_c0_g1_i1,Pre-pol,Fer,7.484298733,3.58E-08,7.48E-06,HS704_ARATH,up
TRINITY_DN1401_c0_g1_i6,Pre-pol,Fer,7.454910343,3.42E-06,0.000264328,MYB05_ANTMA,up
TRINITY_DN5169_c0_g1_i2,Pre-pol,Fer,7.435936064,4.64E-05,0.001841049,EXPA1_ORYSJ,up
TRINITY_DN10900_c0_g1_i1,Pre-pol,Fer,7.386497473,4.53E-05,0.001809164,SBT_MEDTR,up
TRINITY_DN694_c0_g1_i7,Pre-pol,Fer,7.350817178,9.70E-07,0.000102753,LEC2_COLES,up
TRINITY_DN4293_c0_g1_i2,Pre-pol,Fer,7.248868875,5.07E-05,0.001965948,STAD_RICCO,up
TRINITY_DN2901_c0_g1_i1,Pre-pol,Fer,7.211378175,8.07E-06,0.000498613,VA713_ARATH,up
TRINITY_DN3464_c0_g1_i9,Pre-pol,Fer,7.146064005,4.04E-07,5.08E-05,NEK6_ORYSJ,up
TRINITY_DN11132_c0_g1_i2,Pre-pol,Fer,7.142760261,5.93E-06,0.000394633,SPL8_ARATH,up
TRINITY_DN2543_c0_g1_i7,Pre-pol,Fer,7.133399856,2.31E-07,3.33E-05,MLO4_ARATH,up
TRINITY_DN3228_c0_g1_i13,Pre-pol,Fer,7.125420146,3.56E-06,0.000271608,P2C04_ORYSJ,up
TRINITY_DN15629_c0_g1_i5,Pre-pol,Fer,7.101216612,1.41E-12,1.36E-09,PDF1_ARATH,up
TRINITY_DN4150_c0_g1_i6,Pre-pol,Fer,7.005233616,1.76E-08,4.24E-06,ACT_GOSHI,up
TRINITY_DN4591_c0_g1_i2,Pre-pol,Fer,6.947946726,1.65E-09,5.62E-07,PNAA_PRUDU,up
TRINITY_DN34_c0_g1_i2,Pre-pol,Fer,6.938821891,3.56E-06,0.000271608,LHY_PETHY,up
TRINITY_DN7604_c0_g1_i3,Pre-pol,Fer,6.936494922,6.61E-07,7.51E-05,ZDHC1_ARATH,up
TRINITY_DN820_c0_g2_i1,Pre-pol,Fer,6.930562029,9.00E-18,4.71E-14,SBT4_LOTJA,up
TRINITY_DN4375_c0_g1_i4,Pre-pol,Fer,6.915240899,5.86E-10,2.36E-07,DNJH_CUCSA,up
TRINITY_DN2430_c0_g2_i3,Pre-pol,Fer,6.903795477,3.09E-05,0.00137557,PNH1_ORYSJ,up
TRINITY_DN3602_c0_g1_i12,Pre-pol,Fer,6.822863748,3.76E-05,0.001585592,MCM6_ORYSJ,up
TRINITY_DN16843_c1_g1_i1,Pre-pol,Fer,6.806448961,1.53E-07,2.38E-05,XPT_ARATH,up
TRINITY_DN4746_c0_g1_i4,Pre-pol,Fer,6.795976429,2.94E-06,0.000236397,RBL1_ARATH,up
TRINITY_DN918_c0_g1_i11,Pre-pol,Fer,6.765643333,3.77E-05,0.001585592,LHT1_ARATH,up
TRINITY_DN11094_c1_g1_i1,Pre-pol,Fer,6.746246937,1.37E-05,0.000758435,RNHX1_ARATH,up
TRINITY_DN5311_c0_g1_i5,Pre-pol,Fer,6.679026166,1.90E-05,0.000962492,KN14C_ARATH,up
TRINITY_DN11483_c0_g1_i3,Pre-pol,Fer,6.618115831,3.16E-05,0.001394431,PR5K_ARATH,up
TRINITY_DN1935_c0_g1_i8,Pre-pol,Fer,6.605501153,2.80E-06,0.000226765,TOP2_ARATH,up
TRINITY_DN6318_c0_g1_i6,Pre-pol,Fer,6.593935365,1.39E-05,0.000760012,ENPL_CATRO,up
TRINITY_DN10403_c0_g1_i13,Pre-pol,Fer,6.505741909,9.39E-05,0.00310885,SRO1_ARATH,up
TRINITY_DN2725_c0_g2_i4,Pre-pol,Fer,6.476452486,3.25E-11,2.02E-08,ASA2_ORYSJ,up
TRINITY_DN4156_c0_g1_i14,Pre-pol,Fer,6.382998675,3.22E-06,0.000251393,SMC4_ARATH,up
TRINITY_DN5906_c0_g1_i3,Pre-pol,Fer,6.295845706,2.34E-05,0.00112733,DRO1_PRUPE,up
TRINITY_DN235_c1_g1_i1,Pre-pol,Fer,6.229301548,6.30E-06,0.000412983,RADL6_ARATH,up
TRINITY_DN2925_c0_g1_i3,Pre-pol,Fer,6.219110031,6.91E-05,0.002462341,HMGL_IPONI,up
TRINITY_DN1008_c0_g1_i2,Pre-pol,Fer,6.140411308,1.35E-05,0.000747596,TIC40_PEA,up
TRINITY_DN7172_c0_g1_i25,Pre-pol,Fer,6.110805667,8.65E-12,6.89E-09,FKB70_WHEAT,up
TRINITY_DN11257_c0_g1_i3,Pre-pol,Fer,6.073884847,5.29E-05,0.002035947,KN4C_ORYSJ,up
TRINITY_DN1636_c0_g1_i1,Pre-pol,Fer,6.073300769,1.47E-05,0.000797318,H2B1_ARATH,up
TRINITY_DN1239_c0_g1_i1,Pre-pol,Fer,5.956127663,4.14E-05,0.001700813,SBT14_ARATH,up
TRINITY_DN530_c0_g1_i2,Pre-pol,Fer,5.93053695,6.51E-06,0.000424444,BAG5_ARATH,up
TRINITY_DN8231_c0_g1_i1,Pre-pol,Fer,5.926775602,7.03E-06,0.000447989,KN14J_ORYSJ,up
TRINITY_DN1700_c1_g1_i2,Pre-pol,Fer,5.853337765,1.76E-11,1.20E-08,E133_ARATH,up
TRINITY_DN191_c1_g1_i2,Pre-pol,Fer,5.844504203,5.01E-05,0.001946778,IDD15_ARATH,up
TRINITY_DN2028_c0_g1_i1,Pre-pol,Fer,5.842896489,6.41E-05,0.00232083,UTR3_ARATH,up
TRINITY_DN1935_c0_g1_i10,Pre-pol,Fer,5.833880674,4.19E-05,0.00171386,TOP2_PEA,up
TRINITY_DN10883_c0_g1_i5,Pre-pol,Fer,5.833527132,4.00E-05,0.001650474,ANK3_MOUSE,up
TRINITY_DN3595_c0_g2_i2,Pre-pol,Fer,5.821113126,1.22E-07,1.96E-05,ARFE_ARATH,up
TRINITY_DN8867_c0_g1_i1,Pre-pol,Fer,5.794531777,1.32E-08,3.31E-06,AATPK_ARATH,up
TRINITY_DN6573_c0_g2_i1,Pre-pol,Fer,5.691441881,6.36E-07,7.34E-05,SCL28_ARATH,up
TRINITY_DN7316_c0_g1_i1,Pre-pol,Fer,5.651752045,6.90E-08,1.25E-05,SAMC1_ARATH,up
TRINITY_DN1811_c0_g1_i6,Pre-pol,Fer,5.608678223,3.19E-06,0.000249728,BAG5_ARATH,up
TRINITY_DN1811_c0_g1_i2,Pre-pol,Fer,5.534183291,2.04E-06,0.000177409,BAG6_ARATH,up
TRINITY_DN1142_c0_g1_i14,Pre-pol,Fer,5.52623676,8.93E-11,4.74E-08,DJB13_MOUSE,up
TRINITY_DN11484_c0_g1_i5,Pre-pol,Fer,5.395281247,1.39E-05,0.000760012,KCS20_ORYSJ,up
TRINITY_DN3464_c0_g1_i52,Pre-pol,Fer,5.314193946,9.47E-05,0.003129633,NEK6_ORYSJ,up
TRINITY_DN8570_c0_g1_i13,Pre-pol,Fer,5.308127025,8.46E-11,4.56E-08,D2HDH_ORYSI,up
TRINITY_DN13776_c0_g1_i2,Pre-pol,Fer,5.29613793,7.17E-14,9.06E-11,CALR_PRUAR,up
TRINITY_DN5025_c0_g1_i14,Pre-pol,Fer,5.167022681,5.24E-06,0.000361928,PLAT1_ARATH,up
TRINITY_DN3343_c0_g1_i2,Pre-pol,Fer,5.087593453,6.82E-09,1.90E-06,TPS1_ARATH,up
TRINITY_DN10403_c0_g1_i9,Pre-pol,Fer,5.086707466,2.77E-05,0.001271565,SRO3_ARATH,up
TRINITY_DN3502_c0_g1_i7,Pre-pol,Fer,4.987313345,1.36E-06,0.00013405,GUN17_ARATH,up
TRINITY_DN1867_c0_g1_i7,Pre-pol,Fer,4.964656628,3.12E-05,0.001383119,OFUT7_ARATH,up
TRINITY_DN8498_c0_g1_i1,Pre-pol,Fer,4.905354299,4.85E-06,0.000341332,CSLA9_ARATH,up
TRINITY_DN5228_c0_g1_i1,Pre-pol,Fer,4.850348556,7.30E-05,0.002579522,MAKR1_ARATH,up
TRINITY_DN8017_c0_g1_i2,Pre-pol,Fer,4.848966332,7.96E-05,0.00274699,TIM_RAT,up
TRINITY_DN330_c1_g1_i6,Pre-pol,Fer,4.789145226,2.42E-09,7.71E-07,HIP37_ARATH,up
TRINITY_DN4442_c0_g1_i11,Pre-pol,Fer,4.778587527,4.85E-06,0.000341332,APX2_ORYSJ,up
TRINITY_DN7354_c0_g1_i9,Pre-pol,Fer,4.751879863,2.05E-05,0.001018565,KO1_ARATH,up
TRINITY_DN7359_c0_g1_i1,Pre-pol,Fer,4.699212708,5.21E-06,0.000361415,KN12C_ORYSJ,up
TRINITY_DN2441_c0_g1_i1,Pre-pol,Fer,4.670803228,1.61E-10,7.87E-08,EXPA8_ARATH,up
TRINITY_DN133_c0_g1_i11,Pre-pol,Fer,4.653785718,3.44E-06,0.000265219,DNAJ_CLOTE,up
TRINITY_DN3464_c0_g1_i3,Pre-pol,Fer,4.646691211,6.30E-05,0.002291159,NEK6_ORYSJ,up
TRINITY_DN9479_c0_g1_i2,Pre-pol,Fer,4.635552237,6.47E-05,0.002329878,ENL1_ARATH,up
TRINITY_DN2123_c0_g1_i25,Pre-pol,Fer,4.5547196,1.82E-06,0.000161964,PPAF2_IPOBA,up
TRINITY_DN11396_c0_g2_i2,Pre-pol,Fer,4.542428092,3.08E-05,0.001372328,CCB11_ORYSJ,up
TRINITY_DN4039_c0_g1_i1,Pre-pol,Fer,4.535405185,3.99E-06,0.000293823,H2B1_ARATH,up
TRINITY_DN2878_c0_g1_i2,Pre-pol,Fer,4.487198268,4.42E-06,0.000317221,4CLL6_ARATH,up
TRINITY_DN427_c0_g1_i3,Pre-pol,Fer,4.467546738,3.32E-05,0.001451656,CSCL1_ARATH,up
TRINITY_DN1886_c0_g1_i1,Pre-pol,Fer,4.436685285,9.77E-06,0.000576226,DPOLA_ORYSJ,up
TRINITY_DN4362_c0_g1_i2,Pre-pol,Fer,4.401146505,5.47E-05,0.002077727,KIP1L_ARATH,up
TRINITY_DN4946_c0_g1_i1,Pre-pol,Fer,4.383777563,5.68E-05,0.002123685,GUN9_ARATH,up
TRINITY_DN133_c0_g1_i13,Pre-pol,Fer,4.382599331,3.14E-06,0.000246808,DNAJ_CLOTE,up
TRINITY_DN2174_c0_g2_i1,Pre-pol,Fer,4.374014541,3.02E-07,4.04E-05,SBT4_LOTJA,up
TRINITY_DN7456_c0_g2_i2,Pre-pol,Fer,4.344907206,7.79E-05,0.00270568,NET1A_ARATH,up
TRINITY_DN2813_c0_g1_i1,Pre-pol,Fer,4.321314245,1.11E-08,2.86E-06,ERLL2_ARATH,up
TRINITY_DN87_c0_g2_i1,Pre-pol,Fer,4.286157381,4.65E-05,0.00184426,CESA1_ORYSJ,up
TRINITY_DN11768_c0_g1_i4,Pre-pol,Fer,4.256502941,6.41E-05,0.00232083,RUBA_PEA,up
TRINITY_DN466_c0_g1_i7,Pre-pol,Fer,4.227211733,2.62E-05,0.001217439,PIP26_ORYSJ,up
TRINITY_DN5020_c0_g1_i1,Pre-pol,Fer,4.207712474,3.21E-05,0.001414622,XTHB_PHAAN,up
TRINITY_DN6243_c0_g1_i1,Pre-pol,Fer,4.204244676,4.34E-05,0.001762329,CMT1_MAIZE,up
TRINITY_DN1718_c0_g1_i4,Pre-pol,Fer,4.202076628,4.00E-07,5.05E-05,C04C1_PINTA,up
TRINITY_DN14762_c0_g1_i5,Pre-pol,Fer,4.154002565,2.96E-05,0.0013404,CATB3_ARATH,up
TRINITY_DN2845_c0_g1_i16,Pre-pol,Fer,4.152533127,7.44E-05,0.002612835,INO1_SESIN,up
TRINITY_DN4854_c0_g2_i2,Pre-pol,Fer,4.118357483,2.24E-05,0.001092829,CALS7_ARATH,up
TRINITY_DN5606_c0_g1_i10,Pre-pol,Fer,4.110566769,9.77E-06,0.000576226,SBT4_LOTJA,up
TRINITY_DN11529_c0_g1_i6,Pre-pol,Fer,4.032803597,1.00E-05,0.000587992,H2A_EUPES,up
TRINITY_DN5486_c0_g1_i15,Pre-pol,Fer,4.019829179,8.82E-08,1.53E-05,AB31G_ORYSJ,up
TRINITY_DN3144_c0_g1_i5,Pre-pol,Fer,3.9445632,9.30E-05,0.003093223,SCAB1_ARATH,up
TRINITY_DN7163_c0_g1_i2,Pre-pol,Fer,3.936978141,3.37E-05,0.001462525,MCM4_ORYSJ,up
TRINITY_DN3426_c0_g1_i4,Pre-pol,Fer,3.907909665,5.34E-07,6.48E-05,CHI5_ARATH,up
TRINITY_DN34_c0_g1_i7,Pre-pol,Fer,3.901693165,5.49E-06,0.000374283,LHY_PETHY,up
TRINITY_DN5872_c0_g1_i1,Pre-pol,Fer,3.900280047,4.19E-05,0.00171386,PNAA_PRUDU,up
TRINITY_DN6442_c0_g1_i4,Pre-pol,Fer,3.754980968,5.29E-05,0.002035947,PBL7_ARATH,up
TRINITY_DN2813_c0_g1_i2,Pre-pol,Fer,3.700291357,6.46E-07,7.42E-05,ERLL2_ARATH,up
TRINITY_DN3502_c0_g1_i9,Pre-pol,Fer,3.68476862,1.80E-06,0.000160651,GUN17_ARATH,up
TRINITY_DN3944_c0_g1_i7,Pre-pol,Fer,3.655527409,6.23E-05,0.002268535,MA651_ARATH,up
TRINITY_DN8722_c0_g1_i1,Pre-pol,Fer,3.4547671,7.12E-06,0.000452282,MSP1_ORYSJ,up
TRINITY_DN7194_c0_g1_i2,Pre-pol,Fer,3.42640488,6.96E-05,0.002479475,MGDG3_ORYSJ,up
TRINITY_DN1114_c0_g1_i5,Pre-pol,Fer,3.382549503,4.15E-05,0.001701279,BCAT5_ARATH,up
TRINITY_DN4185_c0_g1_i23,Pre-pol,Fer,3.381956947,4.36E-06,0.000314953,ARP1_ARATH,up
TRINITY_DN169_c0_g3_i1,Pre-pol,Fer,3.36004304,5.64E-05,0.002117625,CIPK2_ORYSJ,up
TRINITY_DN52_c0_g1_i12,Pre-pol,Fer,3.218149691,2.89E-05,0.001314502,GASAB_ARATH,up
TRINITY_DN3875_c0_g1_i2,Pre-pol,Fer,3.134670561,4.66E-05,0.00184426,H32_TOBAC,up
TRINITY_DN1727_c0_g1_i1,Pre-pol,Fer,3.119159217,5.53E-05,0.002095078,IPYR1_ARATH,up
TRINITY_DN2101_c0_g1_i3,Pre-pol,Fer,3.103181968,2.84E-05,0.00129697,TBA_PRUDU,up
TRINITY_DN4340_c0_g2_i1,Pre-pol,Fer,2.890828219,4.09E-05,0.001685127,MANA_CANEN,up
TRINITY_DN9350_c0_g1_i1,Pre-pol,Fer,-5.996357243,1.75E-16,4.28E-13,FLZ1_ARATH,down
TRINITY_DN10192_c0_g1_i1,Pre-pol,Fer,-5.673556444,1.49E-14,2.27E-11,HIP36_ARATH,down
TRINITY_DN9733_c0_g1_i13,Pre-pol,Fer,-16.86037486,2.13E-14,3.08E-11,Y3136_ARATH,down
TRINITY_DN6633_c0_g1_i1,Pre-pol,Fer,-11.2683619,3.24E-13,3.71E-10,VCL_CORAV,down
TRINITY_DN4895_c0_g1_i8,Pre-pol,Fer,-9.524202985,6.19E-13,6.49E-10,MSRA_SOLLC,down
TRINITY_DN2731_c0_g1_i9,Pre-pol,Fer,-12.37992196,2.83E-12,2.47E-09,HIP24_ARATH,down
TRINITY_DN1023_c0_g1_i3,Pre-pol,Fer,-5.493680974,6.99E-12,5.82E-09,HIP6_ARATH,down
TRINITY_DN19151_c0_g1_i4,Pre-pol,Fer,-5.802985053,1.18E-11,9.17E-09,PER42_ARATH,down
TRINITY_DN922_c0_g1_i1,Pre-pol,Fer,-6.1116969,1.31E-11,9.67E-09,PR1_ASPOF,down
TRINITY_DN9939_c0_g1_i3,Pre-pol,Fer,-12.07400074,2.05E-11,1.37E-08,ILL7_ORYSJ,down
TRINITY_DN7307_c0_g1_i1,Pre-pol,Fer,-6.622414861,2.68E-11,1.69E-08,FLA9_ARATH,down
TRINITY_DN7084_c0_g1_i1,Pre-pol,Fer,-7.296979736,4.92E-11,3.00E-08,ERLL2_ARATH,down
TRINITY_DN3310_c0_g1_i2,Pre-pol,Fer,-5.183325927,6.07E-11,3.59E-08,IAA27_ARATH,down
TRINITY_DN922_c0_g1_i4,Pre-pol,Fer,-5.056622565,6.26E-11,3.62E-08,PR1_ASPOF,down
TRINITY_DN17587_c0_g1_i5,Pre-pol,Fer,-11.65649623,1.44E-10,7.14E-08,C7D55_HYOMU,down
TRINITY_DN2527_c0_g1_i2,Pre-pol,Fer,-7.991601587,1.98E-10,9.41E-08,ICIS_VICFA,down
TRINITY_DN7218_c0_g1_i1,Pre-pol,Fer,-5.734465885,2.34E-10,1.10E-07,XAT3_ORYSJ,down
TRINITY_DN2235_c0_g2_i1,Pre-pol,Fer,-5.175526383,2.78E-10,1.27E-07,TOLB_PELCD,down
TRINITY_DN3387_c0_g1_i1,Pre-pol,Fer,-5.7922397,2.98E-10,1.33E-07,OLEO1_ORYSJ,down
TRINITY_DN9763_c0_g2_i1,Pre-pol,Fer,-5.261812239,3.42E-10,1.48E-07,U74F1_ARATH,down
TRINITY_DN8811_c0_g1_i2,Pre-pol,Fer,-11.17762598,6.62E-10,2.64E-07,MYB86_ARATH,down
TRINITY_DN3_c0_g1_i1,Pre-pol,Fer,-6.7052032,7.26E-10,2.86E-07,NAMB1_HORVS,down
TRINITY_DN11314_c0_g1_i1,Pre-pol,Fer,-5.305960349,9.65E-10,3.61E-07,C78A5_ARATH,down
TRINITY_DN9287_c0_g1_i1,Pre-pol,Fer,-11.08733214,1.10E-09,4.03E-07,GH31_ARATH,down
TRINITY_DN922_c0_g1_i2,Pre-pol,Fer,-5.296550466,1.20E-09,4.22E-07,PR1_ASPOF,down
TRINITY_DN7047_c0_g1_i1,Pre-pol,Fer,-6.718690879,1.36E-09,4.75E-07,LSH6_ARATH,down
TRINITY_DN12598_c1_g1_i2,Pre-pol,Fer,-11.21312601,1.75E-09,5.88E-07,PSBC_PHAAO,down
TRINITY_DN4728_c0_g1_i1,Pre-pol,Fer,-7.13936982,1.89E-09,6.29E-07,DRPE_CRAPL,down
TRINITY_DN1311_c0_g1_i11,Pre-pol,Fer,-5.143944166,2.09E-09,6.80E-07,BZP44_ARATH,down
TRINITY_DN13618_c0_g1_i1,Pre-pol,Fer,-4.932010228,3.17E-09,9.69E-07,C89A2_ARATH,down
TRINITY_DN2956_c0_g1_i11,Pre-pol,Fer,-10.96626065,3.58E-09,1.08E-06,IF5A2_NICPL,down
TRINITY_DN3738_c0_g1_i1,Pre-pol,Fer,-12.29657914,4.31E-09,1.27E-06,COS1_COCNU,down
TRINITY_DN3227_c1_g1_i1,Pre-pol,Fer,-4.774840345,5.30E-09,1.54E-06,Y1801_ARATH,down
TRINITY_DN6332_c1_g1_i1,Pre-pol,Fer,-5.116669121,5.51E-09,1.59E-06,PPO_MALDO,down
TRINITY_DN9131_c0_g1_i1,Pre-pol,Fer,-8.525146115,7.34E-09,2.03E-06,U85A2_ARATH,down
TRINITY_DN831_c0_g1_i3,Pre-pol,Fer,-10.75668669,7.70E-09,2.11E-06,LFG4_ARATH,down
TRINITY_DN126_c0_g1_i14,Pre-pol,Fer,-10.78335532,7.75E-09,2.11E-06,PIL15_ORYSJ,down
TRINITY_DN141_c0_g1_i15,Pre-pol,Fer,-10.62758868,7.90E-09,2.11E-06,LTPG5_ARATH,down
TRINITY_DN994_c0_g1_i4,Pre-pol,Fer,-10.64403349,9.27E-09,2.43E-06,KPYC_SOLTU,down
TRINITY_DN15058_c1_g1_i1,Pre-pol,Fer,-5.183447902,1.12E-08,2.87E-06,CP121_ARATH,down
TRINITY_DN4832_c0_g1_i2,Pre-pol,Fer,-10.96293713,1.38E-08,3.43E-06,PER64_ARATH,down
TRINITY_DN12495_c0_g1_i2,Pre-pol,Fer,-5.049619359,1.43E-08,3.53E-06,MIZ1_ARATH,down
TRINITY_DN2235_c0_g1_i2,Pre-pol,Fer,-7.190765438,2.18E-08,5.10E-06,TOLB_PELCD,down
TRINITY_DN3204_c1_g1_i4,Pre-pol,Fer,-10.44605348,2.41E-08,5.55E-06,COL5_ARATH,down
TRINITY_DN5027_c0_g1_i2,Pre-pol,Fer,-10.40626211,3.51E-08,7.40E-06,REHY_HORVU,down
TRINITY_DN5027_c0_g1_i1,Pre-pol,Fer,-10.29283908,3.82E-08,7.78E-06,REHY_HORVU,down
TRINITY_DN12483_c0_g2_i1,Pre-pol,Fer,-10.28561383,3.96E-08,7.96E-06,CYP1_CROXC,down
TRINITY_DN14593_c0_g1_i1,Pre-pol,Fer,-10.14953364,3.97E-08,7.96E-06,SWT14_ORYSI,down
TRINITY_DN3376_c0_g1_i2,Pre-pol,Fer,-10.70234494,4.22E-08,8.36E-06,HSL1_ARATH,down
TRINITY_DN5515_c0_g1_i10,Pre-pol,Fer,-10.60482155,4.35E-08,8.57E-06,FMDA_METME,down
TRINITY_DN22944_c0_g1_i3,Pre-pol,Fer,-6.373358441,4.58E-08,8.93E-06,PER55_ARATH,down
TRINITY_DN8917_c0_g1_i7,Pre-pol,Fer,-10.52834111,4.70E-08,9.12E-06,ACHE_MAIZE,down
TRINITY_DN6158_c0_g1_i2,Pre-pol,Fer,-10.26002635,5.54E-08,1.04E-05,C3H53_ORYSJ,down
TRINITY_DN9173_c0_g1_i1,Pre-pol,Fer,-9.165920347,6.65E-08,1.21E-05,TRNHF_ARATH,down
TRINITY_DN472_c1_g1_i3,Pre-pol,Fer,-4.41281753,1.04E-07,1.73E-05,TBB2_ELEIN,down
TRINITY_DN8330_c0_g1_i1,Pre-pol,Fer,-5.033784533,1.25E-07,2.01E-05,C78A5_ARATH,down
TRINITY_DN3310_c0_g1_i1,Pre-pol,Fer,-4.347457859,1.28E-07,2.05E-05,IAA27_ARATH,down
TRINITY_DN9355_c0_g1_i5,Pre-pol,Fer,-4.253480021,1.40E-07,2.20E-05,F26G_HELSP,down
TRINITY_DN9939_c0_g1_i13,Pre-pol,Fer,-4.81007087,1.53E-07,2.38E-05,ILL7_ORYSJ,down
TRINITY_DN5616_c0_g1_i9,Pre-pol,Fer,-10.04380445,1.55E-07,2.39E-05,MAO1_ARATH,down
TRINITY_DN811_c0_g1_i9,Pre-pol,Fer,-10.1863632,2.23E-07,3.27E-05,PPR32_ARATH,down
TRINITY_DN2629_c0_g1_i3,Pre-pol,Fer,-10.20351799,2.61E-07,3.68E-05,TAF7_ARATH,down
TRINITY_DN1612_c2_g1_i1,Pre-pol,Fer,-7.471047017,2.68E-07,3.74E-05,E13F_HORVU,down
TRINITY_DN13199_c0_g1_i1,Pre-pol,Fer,-9.196569436,2.94E-07,4.01E-05,OCT3_ARATH,down
TRINITY_DN8650_c0_g1_i1,Pre-pol,Fer,-9.924107586,3.01E-07,4.04E-05,CCAMK_LOTJA,down
TRINITY_DN12322_c0_g1_i1,Pre-pol,Fer,-5.840741399,3.24E-07,4.22E-05,TGAL4_ORYSJ,down
TRINITY_DN1721_c0_g1_i4,Pre-pol,Fer,-3.996123035,3.64E-07,4.68E-05,NAC83_ARATH,down
TRINITY_DN17587_c0_g1_i3,Pre-pol,Fer,-10.21344144,3.68E-07,4.72E-05,C7D55_HYOMU,down
TRINITY_DN39478_c0_g1_i1,Pre-pol,Fer,-10.4825626,4.35E-07,5.41E-05,C86B1_ARATH,down
TRINITY_DN546_c0_g1_i2,Pre-pol,Fer,-4.580546104,5.20E-07,6.33E-05,XTH32_ARATH,down
TRINITY_DN3022_c0_g1_i7,Pre-pol,Fer,-9.894863982,5.61E-07,6.73E-05,MYBA2_ORYSJ,down
TRINITY_DN3953_c1_g1_i1,Pre-pol,Fer,-5.42116814,5.89E-07,6.99E-05,CAPPC_FLATR,down
TRINITY_DN10276_c0_g1_i14,Pre-pol,Fer,-10.04997096,5.97E-07,7.04E-05,APC2_ARATH,down
TRINITY_DN8276_c2_g1_i2,Pre-pol,Fer,-4.012166601,6.22E-07,7.28E-05,LRKS2_ARATH,down
TRINITY_DN7077_c0_g1_i1,Pre-pol,Fer,-3.671575632,6.50E-07,7.44E-05,CML29_ORYSJ,down
TRINITY_DN13829_c0_g1_i3,Pre-pol,Fer,-9.800447727,6.63E-07,7.51E-05,TYDP2_MOUSE,down
TRINITY_DN7726_c0_g1_i1,Pre-pol,Fer,-5.335060903,6.63E-07,7.51E-05,RADL1_ARATH,down
TRINITY_DN1440_c0_g1_i21,Pre-pol,Fer,-9.712534056,7.52E-07,8.43E-05,CAND1_ARATH,down
TRINITY_DN668_c0_g1_i11,Pre-pol,Fer,-10.3906325,8.40E-07,9.22E-05,PTR18_ARATH,down
TRINITY_DN9427_c0_g1_i2,Pre-pol,Fer,-9.696465173,8.45E-07,9.25E-05,P4H3_ARATH,down
TRINITY_DN917_c0_g1_i21,Pre-pol,Fer,-9.627625718,9.04E-07,9.72E-05,SBT38_ARATH,down
TRINITY_DN1825_c0_g2_i2,Pre-pol,Fer,-9.59517108,9.97E-07,0.00010538,PBL19_ARATH,down
TRINITY_DN13_c0_g1_i13,Pre-pol,Fer,-10.1379734,1.09E-06,0.000112251,DEK_HUMAN,down
TRINITY_DN10854_c0_g1_i1,Pre-pol,Fer,-4.370646476,1.16E-06,0.000117782,ODO1_PETHY,down
TRINITY_DN11123_c1_g1_i3,Pre-pol,Fer,-5.599086991,1.16E-06,0.000118285,HQGT_RAUSE,down
TRINITY_DN3783_c0_g2_i2,Pre-pol,Fer,-9.543937204,1.27E-06,0.000127349,URGT3_ARATH,down
TRINITY_DN9648_c0_g1_i1,Pre-pol,Fer,-9.539000698,1.28E-06,0.00012819,CAAT6_ARATH,down
TRINITY_DN1466_c0_g1_i16,Pre-pol,Fer,-9.536783186,1.32E-06,0.00013081,PB27B_ARATH,down
TRINITY_DN10985_c0_g1_i1,Pre-pol,Fer,-4.523584722,1.35E-06,0.000133351,PIL13_ORYSJ,down
TRINITY_DN3130_c0_g1_i3,Pre-pol,Fer,-5.305184035,1.42E-06,0.000137015,STAD_ELAGV,down
TRINITY_DN2481_c0_g1_i1,Pre-pol,Fer,-3.446720021,1.46E-06,0.000140261,FHAB_BORPE,down
TRINITY_DN1134_c0_g1_i5,Pre-pol,Fer,-9.536071035,1.53E-06,0.000145183,PLAT1_ARATH,down
TRINITY_DN8667_c0_g2_i5,Pre-pol,Fer,-9.501607213,1.55E-06,0.000145515,CDKE1_ORYSJ,down
TRINITY_DN6502_c0_g1_i57,Pre-pol,Fer,-9.519077439,1.57E-06,0.00014635,TUR2_SPIPO,down
TRINITY_DN10952_c0_g1_i1,Pre-pol,Fer,-11.17646365,1.68E-06,0.000154253,STP7_ARATH,down
TRINITY_DN994_c0_g1_i2,Pre-pol,Fer,-9.491952954,1.70E-06,0.000156074,KPYC_SOLTU,down
TRINITY_DN4522_c0_g1_i4,Pre-pol,Fer,-5.198090942,1.76E-06,0.000160425,PER56_ARATH,down
TRINITY_DN9069_c0_g1_i3,Pre-pol,Fer,-4.163943561,1.77E-06,0.000160425,WRK23_ARATH,down
TRINITY_DN9450_c0_g1_i1,Pre-pol,Fer,-9.756670349,1.79E-06,0.000160425,GDL34_ARATH,down
TRINITY_DN8400_c0_g1_i31,Pre-pol,Fer,-9.530725587,1.79E-06,0.000160425,FK132_ARATH,down
TRINITY_DN3517_c0_g1_i1,Pre-pol,Fer,-9.478233654,1.79E-06,0.000160425,APBLA_ARATH,down
TRINITY_DN4593_c0_g1_i1,Pre-pol,Fer,-9.584384852,1.99E-06,0.000174817,SART3_HUMAN,down
TRINITY_DN4065_c0_g1_i1,Pre-pol,Fer,-10.09061949,2.01E-06,0.000175829,MET1_ARATH,down
TRINITY_DN17587_c0_g1_i1,Pre-pol,Fer,-10.07461739,2.18E-06,0.000186053,C7D55_HYOMU,down
TRINITY_DN1901_c0_g1_i3,Pre-pol,Fer,-9.439326096,2.21E-06,0.00018838,ZFR_XENLA,down
TRINITY_DN337_c0_g1_i1,Pre-pol,Fer,-3.513069216,2.35E-06,0.000197948,ATPG1_ARATH,down
TRINITY_DN3257_c0_g1_i14,Pre-pol,Fer,-10.88416242,2.36E-06,0.000197948,AGDP1_ARATH,down
TRINITY_DN4165_c0_g1_i3,Pre-pol,Fer,-9.508302231,2.75E-06,0.000224416,HIP37_ARATH,down
TRINITY_DN11974_c0_g1_i8,Pre-pol,Fer,-10.48649101,2.79E-06,0.000225968,MDAR3_ORYSJ,down
TRINITY_DN11739_c0_g1_i2,Pre-pol,Fer,-4.56726426,2.96E-06,0.000237762,NOMT_NARAP,down
TRINITY_DN11262_c0_g1_i1,Pre-pol,Fer,-6.895618538,3.08E-06,0.000243105,CYP1_CROXC,down
TRINITY_DN550_c1_g1_i1,Pre-pol,Fer,-4.697778854,3.08E-06,0.000243105,XTH9_ARATH,down
TRINITY_DN9355_c0_g1_i10,Pre-pol,Fer,-3.979519751,3.29E-06,0.000255977,F26G_HELSP,down
TRINITY_DN8247_c0_g1_i5,Pre-pol,Fer,-9.330823299,3.33E-06,0.000258262,RUMI_CULQU,down
TRINITY_DN9393_c0_g1_i1,Pre-pol,Fer,-4.087857085,3.60E-06,0.000273749,OFP4_ARATH,down
TRINITY_DN14342_c0_g1_i1,Pre-pol,Fer,-3.650440373,3.62E-06,0.000273749,PSBO_TOBAC,down
TRINITY_DN1073_c0_g1_i14,Pre-pol,Fer,-3.996642875,3.88E-06,0.000289301,PSRP6_SPIOL,down
TRINITY_DN5290_c0_g2_i2,Pre-pol,Fer,-5.000242188,3.89E-06,0.000289675,LOX21_SOLTU,down
TRINITY_DN3499_c0_g1_i2,Pre-pol,Fer,-3.698070556,4.28E-06,0.000311184,NPY1_ARATH,down
TRINITY_DN12026_c0_g1_i1,Pre-pol,Fer,-7.014012109,4.34E-06,0.000313817,NAC22_ARATH,down
TRINITY_DN14183_c0_g1_i1,Pre-pol,Fer,-9.621698941,4.43E-06,0.000317548,UFD1_MOUSE,down
TRINITY_DN9993_c0_g1_i3,Pre-pol,Fer,-4.252426268,4.52E-06,0.000323354,MIF2_ARATH,down
TRINITY_DN10009_c0_g1_i76,Pre-pol,Fer,-10.36874984,4.69E-06,0.000333779,CESA9_ORYSJ,down
TRINITY_DN1610_c0_g1_i1,Pre-pol,Fer,-9.64272341,4.74E-06,0.000336757,CYSEP_RICCO,down
TRINITY_DN12497_c0_g1_i1,Pre-pol,Fer,-4.750016214,4.82E-06,0.000340809,MYB73_ARATH,down
TRINITY_DN9991_c0_g1_i1,Pre-pol,Fer,-9.362304048,5.09E-06,0.000354692,CCX5_ARATH,down
TRINITY_DN2481_c0_g1_i3,Pre-pol,Fer,-3.288153448,5.31E-06,0.000365907,BURPC_ORYSJ,down
TRINITY_DN12382_c0_g1_i2,Pre-pol,Fer,-9.565871043,5.43E-06,0.000371434,DMP6_ARATH,down
TRINITY_DN459_c0_g3_i3,Pre-pol,Fer,-9.219865075,5.48E-06,0.000373919,NAC87_ARATH,down
TRINITY_DN2235_c0_g1_i1,Pre-pol,Fer,-4.05419435,5.53E-06,0.00037613,TOLB_PELLD,down
TRINITY_DN12202_c0_g1_i4,Pre-pol,Fer,-9.224047995,5.72E-06,0.000385882,RL222_ARATH,down
TRINITY_DN15278_c0_g1_i1,Pre-pol,Fer,-7.251428452,5.93E-06,0.000394633,PM1_SOYBN,down
TRINITY_DN1757_c0_g1_i8,Pre-pol,Fer,-7.746473027,5.94E-06,0.000394633,CEA_COLES,down
TRINITY_DN9939_c0_g1_i6,Pre-pol,Fer,-9.308351002,6.07E-06,0.000400781,ILL3_ORYSJ,down
TRINITY_DN4417_c0_g1_i1,Pre-pol,Fer,-3.751140012,6.19E-06,0.000407395,PSAL_HORVU,down
TRINITY_DN9594_c0_g1_i3,Pre-pol,Fer,-5.035015205,6.59E-06,0.000429197,GCSH_FLAAN,down
TRINITY_DN1354_c1_g1_i3,Pre-pol,Fer,-4.011753676,6.69E-06,0.000432388,NCS1_COPJA,down
TRINITY_DN11886_c0_g1_i3,Pre-pol,Fer,-3.979818268,7.13E-06,0.000452391,ADH2_MAIZE,down
TRINITY_DN10670_c0_g1_i1,Pre-pol,Fer,-10.0416133,7.37E-06,0.000461962,PLAO1_PLAOI,down
TRINITY_DN779_c0_g1_i5,Pre-pol,Fer,-9.193639878,7.42E-06,0.00046355,LRP6A_ARATH,down
TRINITY_DN2435_c0_g1_i1,Pre-pol,Fer,-3.67513448,8.09E-06,0.000498613,GLO15_ORYSI,down
TRINITY_DN315_c0_g2_i4,Pre-pol,Fer,-3.228441859,8.10E-06,0.000498613,POR_DAUCA,down
TRINITY_DN315_c0_g2_i3,Pre-pol,Fer,-3.216966807,8.19E-06,0.000502333,POR_DAUCA,down
TRINITY_DN15705_c0_g2_i1,Pre-pol,Fer,-6.625650025,8.50E-06,0.000517005,OBP2B_MAIZE,down
TRINITY_DN11424_c0_g1_i14,Pre-pol,Fer,-9.11652572,8.73E-06,0.000528131,CRK7_ARATH,down
TRINITY_DN9636_c0_g1_i4,Pre-pol,Fer,-9.10537168,9.41E-06,0.000558372,Y283_BACHD,down
TRINITY_DN11123_c1_g1_i7,Pre-pol,Fer,-5.985215441,9.86E-06,0.000579564,HQGT_RAUSE,down
TRINITY_DN12462_c0_g1_i3,Pre-pol,Fer,-3.33012003,1.01E-05,0.000589435,HIP39_ARATH,down
TRINITY_DN6535_c0_g1_i5,Pre-pol,Fer,-9.566713381,1.06E-05,0.000615035,IDHC_TOBAC,down
TRINITY_DN13591_c0_g1_i2,Pre-pol,Fer,-9.396118437,1.18E-05,0.000670422,HHT1_ARATH,down
TRINITY_DN1673_c0_g1_i1,Pre-pol,Fer,-4.104263763,1.19E-05,0.000674595,CIPKJ_ORYSJ,down
TRINITY_DN5678_c0_g1_i11,Pre-pol,Fer,-7.102868279,1.33E-05,0.000740903,YCED2_ARATH,down
TRINITY_DN4282_c0_g1_i7,Pre-pol,Fer,-3.252080989,1.34E-05,0.000746583,PFPA_RICCO,down
TRINITY_DN47_c0_g1_i9,Pre-pol,Fer,-9.590430477,1.48E-05,0.000801033,NC100_ARATH,down
TRINITY_DN18678_c0_g1_i1,Pre-pol,Fer,-7.369658809,1.49E-05,0.000806135,LEC1_REMVI,down
TRINITY_DN10400_c0_g1_i5,Pre-pol,Fer,-9.313784913,1.50E-05,0.000807462,VPS15_ARATH,down
TRINITY_DN9720_c0_g1_i11,Pre-pol,Fer,-10.08980254,1.50E-05,0.00080891,Y1661_ARATH,down
TRINITY_DN9247_c0_g1_i3,Pre-pol,Fer,-9.304327459,1.58E-05,0.000843395,ATG16_ARATH,down
TRINITY_DN35621_c0_g1_i1,Pre-pol,Fer,-9.02618345,1.72E-05,0.000901649,THT2_ORYSJ,down
TRINITY_DN9355_c0_g1_i14,Pre-pol,Fer,-4.511680819,1.74E-05,0.000910238,BGL09_ORYSJ,down
TRINITY_DN506_c1_g2_i8,Pre-pol,Fer,-3.247981826,1.75E-05,0.000912616,ACT_GOSHI,down
TRINITY_DN6531_c0_g1_i4,Pre-pol,Fer,-9.019171234,1.75E-05,0.000913081,NEMF_MOUSE,down
TRINITY_DN7878_c0_g1_i1,Pre-pol,Fer,-3.731397068,1.89E-05,0.000962032,KNU_ARATH,down
TRINITY_DN3432_c0_g1_i14,Pre-pol,Fer,-9.064197244,1.93E-05,0.000973475,CAAT2_ARATH,down
TRINITY_DN9860_c0_g1_i7,Pre-pol,Fer,-9.237919689,1.95E-05,0.000977948,SCP3_ARATH,down
TRINITY_DN11139_c0_g1_i14,Pre-pol,Fer,-9.148764809,2.05E-05,0.001018565,WDR5B_ARATH,down
TRINITY_DN6999_c0_g1_i1,Pre-pol,Fer,-9.399367706,2.06E-05,0.001018565,NRPE1_ARATH,down
TRINITY_DN10980_c0_g1_i1,Pre-pol,Fer,-9.246803116,2.13E-05,0.001045638,RB12B_HUMAN,down
TRINITY_DN3227_c1_g2_i1,Pre-pol,Fer,-4.041912436,2.20E-05,0.001076375,Y1540_ARATH,down
TRINITY_DN11012_c0_g1_i1,Pre-pol,Fer,-9.117332779,2.25E-05,0.001095045,DREB3_ARATH,down
TRINITY_DN9117_c0_g1_i28,Pre-pol,Fer,-4.603855775,2.27E-05,0.001098618,LAX3_MEDTR,down
TRINITY_DN4522_c0_g1_i5,Pre-pol,Fer,-5.143012296,2.43E-05,0.001154615,PER27_ARATH,down
TRINITY_DN916_c0_g1_i5,Pre-pol,Fer,-3.231553237,2.45E-05,0.001160792,NPR1_ORYSJ,down
TRINITY_DN2064_c0_g1_i76,Pre-pol,Fer,-8.919727109,2.64E-05,0.001223388,VPS3_ARATH,down
TRINITY_DN14902_c0_g1_i1,Pre-pol,Fer,-5.630534218,2.70E-05,0.001245617,GPAT3_ARATH,down
TRINITY_DN2644_c0_g1_i13,Pre-pol,Fer,-8.849025439,2.74E-05,0.001258081,CSN5_ORYSJ,down
TRINITY_DN8903_c0_g1_i3,Pre-pol,Fer,-6.663773623,2.87E-05,0.001307638,NAC98_ARATH,down
TRINITY_DN6376_c0_g1_i31,Pre-pol,Fer,-9.186892161,2.90E-05,0.001320796,CNR6_MAIZE,down
TRINITY_DN5204_c0_g3_i2,Pre-pol,Fer,-4.832158269,3.00E-05,0.001352017,BEL1_ARATH,down
TRINITY_DN1954_c0_g1_i6,Pre-pol,Fer,-8.823841527,3.04E-05,0.001364162,RPA12_SCHPO,down
TRINITY_DN8980_c0_g1_i2,Pre-pol,Fer,-8.829996621,3.12E-05,0.001383119,P2C51_ARATH,down
TRINITY_DN11206_c0_g1_i1,Pre-pol,Fer,-6.78169263,3.23E-05,0.001420294,Y2168_ARATH,down
TRINITY_DN7035_c0_g2_i4,Pre-pol,Fer,-4.264905382,3.32E-05,0.001451485,ADF5_ORYSJ,down
TRINITY_DN2119_c1_g1_i1,Pre-pol,Fer,-8.805805123,3.33E-05,0.001451656,ATL46_ARATH,down
TRINITY_DN7649_c0_g1_i6,Pre-pol,Fer,-9.117598171,3.33E-05,0.001452629,FH5_ARATH,down
TRINITY_DN158_c0_g1_i4,Pre-pol,Fer,-3.212872825,3.34E-05,0.001456576,ICIW_WHEAT,down
TRINITY_DN12063_c0_g1_i1,Pre-pol,Fer,-5.256688073,3.37E-05,0.001462525,PTI6_SOLLC,down
TRINITY_DN1697_c0_g1_i38,Pre-pol,Fer,-8.95322802,3.39E-05,0.001469767,LOGL2_ORYSJ,down
TRINITY_DN12625_c0_g1_i3,Pre-pol,Fer,-8.884595133,3.52E-05,0.00151543,NFYB3_ARATH,down
TRINITY_DN10788_c0_g1_i2,Pre-pol,Fer,-8.10345101,3.80E-05,0.00158937,PLT5_ARATH,down
TRINITY_DN244_c0_g1_i1,Pre-pol,Fer,-3.99275034,3.83E-05,0.001596364,LFS_ALLCE,down
TRINITY_DN9939_c0_g1_i14,Pre-pol,Fer,-6.536633776,3.87E-05,0.001608213,ILL7_ORYSJ,down
TRINITY_DN5778_c0_g1_i3,Pre-pol,Fer,-4.039004907,3.90E-05,0.001615244,MAVI_CUCPE,down
TRINITY_DN8474_c0_g1_i1,Pre-pol,Fer,-3.485601077,4.14E-05,0.001700813,NFD4_ARATH,down
TRINITY_DN1391_c0_g1_i3,Pre-pol,Fer,-8.777336565,4.15E-05,0.001700813,NDX1_SOLLC,down
TRINITY_DN4314_c0_g1_i1,Pre-pol,Fer,-4.228179335,4.29E-05,0.001745348,G3PA2_ARATH,down
TRINITY_DN2784_c1_g3_i6,Pre-pol,Fer,-4.09467276,4.41E-05,0.001776773,TBL33_ARATH,down
TRINITY_DN1697_c0_g1_i22,Pre-pol,Fer,-6.887483199,4.46E-05,0.001791516,LOG8_ARATH,down
TRINITY_DN922_c0_g1_i3,Pre-pol,Fer,-5.184632476,4.46E-05,0.001791516,PR1_ASPOF,down
TRINITY_DN7312_c0_g1_i2,Pre-pol,Fer,-4.079037533,4.51E-05,0.001800881,RF298_ARATH,down
TRINITY_DN12127_c0_g1_i1,Pre-pol,Fer,-7.730300775,4.67E-05,0.00184426,ATL51_ARATH,down
TRINITY_DN3709_c0_g1_i7,Pre-pol,Fer,-4.154815384,4.83E-05,0.001896095,CB24_TOBAC,down
TRINITY_DN8392_c0_g1_i1,Pre-pol,Fer,-6.542233293,4.90E-05,0.00191475,PYR1_ARATH,down
TRINITY_DN524_c0_g1_i51,Pre-pol,Fer,-8.796923724,4.97E-05,0.00193745,YGI3_SCHPO,down
TRINITY_DN862_c0_g1_i40,Pre-pol,Fer,-8.713266709,5.00E-05,0.001946778,C90A4_ORYSJ,down
TRINITY_DN13985_c0_g2_i1,Pre-pol,Fer,-9.30206846,5.23E-05,0.002024838,MYB52_ARATH,down
TRINITY_DN65_c0_g2_i2,Pre-pol,Fer,-4.259143029,5.29E-05,0.002035947,OLE96_ARATH,down
TRINITY_DN4783_c0_g1_i1,Pre-pol,Fer,-4.032942488,5.35E-05,0.002049407,4CL1_NARPS,down
TRINITY_DN5353_c0_g1_i8,Pre-pol,Fer,-4.379212359,5.37E-05,0.002054175,IDD1_ARATH,down
TRINITY_DN14059_c0_g1_i6,Pre-pol,Fer,-6.731789602,5.40E-05,0.00206366,NR_NARPS,down
TRINITY_DN135_c0_g2_i1,Pre-pol,Fer,-3.335767122,5.46E-05,0.002075555,BLH1_ARATH,down
TRINITY_DN10878_c0_g1_i7,Pre-pol,Fer,-8.86077193,5.52E-05,0.002091426,GAGT3_ARATH,down
TRINITY_DN11681_c0_g1_i1,Pre-pol,Fer,-8.691736688,5.75E-05,0.002139328,U73C3_ARATH,down
TRINITY_DN5027_c0_g1_i4,Pre-pol,Fer,-9.556361326,5.78E-05,0.00214244,REHY_HORVU,down
TRINITY_DN11859_c1_g1_i1,Pre-pol,Fer,-4.022755725,6.12E-05,0.002239252,PER51_ARATH,down
TRINITY_DN1585_c0_g1_i2,Pre-pol,Fer,-8.269482983,6.46E-05,0.002329878,LIRP1_ORYSJ,down
TRINITY_DN9675_c0_g1_i20,Pre-pol,Fer,-8.827796649,6.61E-05,0.002374746,PAE5_ARATH,down
TRINITY_DN8266_c0_g1_i1,Pre-pol,Fer,-8.619296006,7.11E-05,0.002522823,ILP1_ARATH,down
TRINITY_DN15373_c0_g2_i1,Pre-pol,Fer,-6.769767131,7.38E-05,0.00259928,CXE2_ARATH,down
TRINITY_DN4699_c0_g1_i2,Pre-pol,Fer,-8.612222272,7.59E-05,0.002659505,ABP4_MAIZE,down
TRINITY_DN13444_c0_g1_i1,Pre-pol,Fer,-6.095130108,7.70E-05,0.002684163,PSI2_ARATH,down
TRINITY_DN4147_c0_g1_i12,Pre-pol,Fer,-8.666966605,7.86E-05,0.002720499,S2544_MOUSE,down
TRINITY_DN506_c1_g2_i13,Pre-pol,Fer,-2.84509165,7.86E-05,0.002720577,ACT_GOSHI,down
TRINITY_DN9355_c0_g1_i13,Pre-pol,Fer,-4.039840949,8.01E-05,0.002755293,BGL12_ORYSI,down
TRINITY_DN12617_c0_g1_i1,Pre-pol,Fer,-5.464844899,8.24E-05,0.00282261,MYB61_ARATH,down
TRINITY_DN1710_c0_g1_i2,Pre-pol,Fer,-8.582480913,8.31E-05,0.002844932,CIPK1_ORYSJ,down
TRINITY_DN1397_c0_g1_i1,Pre-pol,Fer,-3.686761895,8.42E-05,0.002873738,TL19_ARATH,down
TRINITY_DN8301_c0_g1_i2,Pre-pol,Fer,-4.741187984,8.64E-05,0.002937691,PR1_ASPOF,down
TRINITY_DN8320_c0_g1_i4,Pre-pol,Fer,-9.755207929,8.87E-05,0.002993546,CADH6_ORYSJ,down
TRINITY_DN15333_c0_g1_i6,Pre-pol,Fer,-6.370474856,8.88E-05,0.002994856,CYT1_ACTCC,down
TRINITY_DN3406_c0_g1_i3,Pre-pol,Fer,-8.664941536,9.02E-05,0.003033033,UBP4_ARATH,down
TRINITY_DN3575_c1_g1_i1,Pre-pol,Fer,-4.436204848,9.06E-05,0.003037012,ADPO1_ORYSJ,down
TRINITY_DN3238_c0_g1_i14,Pre-pol,Fer,-8.742635994,9.06E-05,0.003037012,Y4276_ARATH,down
TRINITY_DN5711_c0_g1_i3,Pre-pol,Fer,-8.83298734,9.18E-05,0.003064037,BH137_ARATH,down
TRINITY_DN1558_c1_g1_i1,Pre-pol,Fer,-3.356937393,9.37E-05,0.003106617,4CLLA_ARATH,down
TRINITY_DN5155_c0_g1_i1,Pre-pol,Fer,-3.285552536,9.45E-05,0.003128609,FLZ8_ARATH,down
TRINITY_DN15423_c0_g1_i1,Pre-pol,Fer,-4.316469206,9.70E-05,0.00319474,F16P1_ORYSJ,down
TRINITY_DN449_c0_g1_i7,Pre-pol,Fer,-3.009288863,9.78E-05,0.003207038,BURP3_ORYSJ,down
