,"Table S3. DEGs between Pre-Pol vs Post-pol, up-regulated and down-regulated",,,,,,
ID,sampleA,sampleB,log2 Fold Change,p-value,Adjusted p-value (padj),Uniprot annotation,Regulation
TRINITY_DN7719_c0_g1_i1,Pre-pol,Post-pol,15.95244378,6.77E-25,4.93E-21,HSP21_SOYBN,up
TRINITY_DN1811_c0_g1_i2,Pre-pol,Post-pol,15.55024027,1.67E-23,9.13E-20,BAG6_ARATH,up
TRINITY_DN7172_c0_g1_i40,Pre-pol,Post-pol,13.30370911,1.50E-17,2.73E-14,FKB70_WHEAT,up
TRINITY_DN3886_c0_g1_i3,Pre-pol,Post-pol,12.740809,8.10E-14,6.10E-11,HSF30_SOLPE,up
TRINITY_DN894_c0_g1_i14,Pre-pol,Post-pol,12.68847649,1.33E-14,1.16E-11,HFA2B_ORYSJ,up
TRINITY_DN894_c0_g1_i18,Pre-pol,Post-pol,12.61371609,6.03E-13,3.71E-10,HFA2C_ORYSJ,up
TRINITY_DN7172_c0_g1_i22,Pre-pol,Post-pol,12.37011225,1.27E-09,3.22E-07,FK151_ARATH,up
TRINITY_DN84_c0_g2_i1,Pre-pol,Post-pol,12.14087392,2.52E-14,2.00E-11,METK_DENCR,up
TRINITY_DN694_c0_g1_i3,Pre-pol,Post-pol,12.13963482,2.21E-14,1.82E-11,LEC2_COLES,up
TRINITY_DN10403_c0_g1_i13,Pre-pol,Post-pol,12.11099697,2.45E-14,1.98E-11,SRO1_ARATH,up
TRINITY_DN34_c0_g1_i7,Pre-pol,Post-pol,12.0755657,2.00E-13,1.39E-10,LHY_PETHY,up
TRINITY_DN7172_c0_g1_i6,Pre-pol,Post-pol,11.87775427,3.72E-13,2.42E-10,FK152_ARATH,up
TRINITY_DN133_c0_g1_i11,Pre-pol,Post-pol,11.80598492,7.27E-13,4.35E-10,DNAJ_CLOTE,up
TRINITY_DN2956_c0_g1_i10,Pre-pol,Post-pol,11.77198922,1.61E-11,7.18E-09,IF5A2_NICPL,up
TRINITY_DN34_c0_g1_i9,Pre-pol,Post-pol,11.77148547,8.82E-11,3.08E-08,LHY_PETHY,up
TRINITY_DN709_c0_g3_i14,Pre-pol,Post-pol,11.44276114,3.39E-12,1.75E-09,LNK1_ARATH,up
TRINITY_DN9036_c0_g1_i7,Pre-pol,Post-pol,11.43626028,1.43E-12,7.89E-10,DESI1_XENLA,up
TRINITY_DN7584_c0_g1_i2,Pre-pol,Post-pol,11.29233413,2.43E-08,4.00E-06,HSP7C_PETHY,up
TRINITY_DN1811_c0_g1_i9,Pre-pol,Post-pol,11.2256038,1.26E-06,0.000105992,BAG6_ARATH,up
TRINITY_DN9763_c0_g1_i4,Pre-pol,Post-pol,11.14829055,8.09E-12,3.89E-09,TENAC_ARATH,up
TRINITY_DN3870_c0_g1_i4,Pre-pol,Post-pol,11.13166581,2.81E-11,1.15E-08,MSL8_ARATH,up
TRINITY_DN122_c0_g1_i2,Pre-pol,Post-pol,11.12169862,1.63E-08,2.85E-06,NET4A_ARATH,up
TRINITY_DN584_c0_g1_i3,Pre-pol,Post-pol,11.10571551,4.11E-07,4.27E-05,ARFG_ORYSJ,up
TRINITY_DN873_c0_g1_i44,Pre-pol,Post-pol,11.07450705,1.54E-10,5.09E-08,PRP39_SCHPO,up
TRINITY_DN2994_c0_g1_i15,Pre-pol,Post-pol,10.96685315,8.22E-11,2.97E-08,CMTA3_ARATH,up
TRINITY_DN133_c0_g1_i8,Pre-pol,Post-pol,10.95800954,6.28E-10,1.74E-07,DNAJ_CLOTE,up
TRINITY_DN11647_c0_g1_i2,Pre-pol,Post-pol,10.94808208,4.47E-11,1.70E-08,NAAT1_ORYSJ,up
TRINITY_DN820_c0_g1_i2,Pre-pol,Post-pol,10.91379075,5.16E-11,1.93E-08,SBT3_LOTJA,up
TRINITY_DN9117_c0_g1_i4,Pre-pol,Post-pol,10.86820276,1.30E-08,2.39E-06,LAX3_MEDTR,up
TRINITY_DN2419_c0_g1_i1,Pre-pol,Post-pol,10.84825958,2.91E-09,6.68E-07,PKL_ARATH,up
TRINITY_DN994_c0_g1_i7,Pre-pol,Post-pol,10.84036197,8.97E-08,1.19E-05,KPYC_SOLTU,up
TRINITY_DN2444_c0_g1_i1,Pre-pol,Post-pol,10.79186266,8.68E-11,3.06E-08,VATL4_ARATH,up
TRINITY_DN19553_c0_g2_i2,Pre-pol,Post-pol,10.77895669,1.34E-10,4.51E-08,WOX2_ARATH,up
TRINITY_DN943_c0_g1_i2,Pre-pol,Post-pol,10.77787676,5.20E-09,1.08E-06,DJC27_ORYSJ,up
TRINITY_DN2507_c0_g1_i5,Pre-pol,Post-pol,10.71093569,3.88E-08,5.87E-06,PAT_PETHY,up
TRINITY_DN822_c0_g1_i2,Pre-pol,Post-pol,10.6993879,7.43E-10,2.02E-07,HT1_ARATH,up
TRINITY_DN2013_c0_g1_i4,Pre-pol,Post-pol,10.65619278,2.77E-08,4.41E-06,SGS3_ORYSJ,up
TRINITY_DN1348_c0_g1_i15,Pre-pol,Post-pol,10.59239483,3.31E-10,9.76E-08,WAT1_ARATH,up
TRINITY_DN1760_c0_g1_i6,Pre-pol,Post-pol,10.56434831,9.16E-09,1.79E-06,SCAM1_ORYSI,up
TRINITY_DN4583_c0_g1_i2,Pre-pol,Post-pol,10.54434836,1.10E-07,1.42E-05,DAAF1_HUMAN,up
TRINITY_DN6627_c0_g1_i15,Pre-pol,Post-pol,10.52142631,4.02E-10,1.16E-07,ALAT2_ARATH,up
TRINITY_DN5029_c0_g1_i9,Pre-pol,Post-pol,10.51914186,4.05E-09,8.77E-07,PBL28_ARATH,up
TRINITY_DN803_c0_g1_i9,Pre-pol,Post-pol,10.50082589,4.55E-10,1.31E-07,GUN6_ARATH,up
TRINITY_DN472_c1_g1_i11,Pre-pol,Post-pol,10.47463711,7.54E-09,1.51E-06,TBB1_MAIZE,up
TRINITY_DN7362_c0_g1_i17,Pre-pol,Post-pol,10.45222028,2.37E-09,5.55E-07,SRL2_ORYSJ,up
TRINITY_DN1529_c0_g1_i4,Pre-pol,Post-pol,10.43633043,2.66E-09,6.14E-07,MET18_DICDI,up
TRINITY_DN5530_c0_g1_i6,Pre-pol,Post-pol,10.39048006,6.53E-07,6.23E-05,EI2BA_DICDI,up
TRINITY_DN1679_c0_g1_i2,Pre-pol,Post-pol,10.36373955,1.14E-09,2.96E-07,KIC_ARATH,up
TRINITY_DN3257_c0_g1_i6,Pre-pol,Post-pol,10.29535925,1.44E-07,1.78E-05,AGDP1_ARATH,up
TRINITY_DN173_c0_g1_i13,Pre-pol,Post-pol,10.27863823,1.00E-08,1.92E-06,HSP7S_PEA,up
TRINITY_DN40_c0_g1_i25,Pre-pol,Post-pol,10.24837041,6.52E-09,1.33E-06,BLH10_ARATH,up
TRINITY_DN3608_c0_g1_i11,Pre-pol,Post-pol,10.24221394,1.47E-08,2.63E-06,GLNB_ORYSJ,up
TRINITY_DN3886_c0_g1_i2,Pre-pol,Post-pol,10.20028947,4.66E-07,4.74E-05,HSF30_SOLPE,up
TRINITY_DN231_c0_g1_i13,Pre-pol,Post-pol,10.18626171,3.17E-09,7.26E-07,DERL1_ORYSJ,up
TRINITY_DN2139_c0_g1_i15,Pre-pol,Post-pol,10.18463311,2.43E-07,2.81E-05,KN14C_ORYSJ,up
TRINITY_DN4181_c0_g2_i12,Pre-pol,Post-pol,10.1776241,1.23E-08,2.29E-06,SWT14_ORYSJ,up
TRINITY_DN3071_c0_g1_i3,Pre-pol,Post-pol,10.16502052,2.62E-07,2.99E-05,RB208_ORYSJ,up
TRINITY_DN3643_c0_g1_i16,Pre-pol,Post-pol,10.15937651,4.83E-09,1.01E-06,DXR_ORYSJ,up
TRINITY_DN7616_c0_g1_i1,Pre-pol,Post-pol,10.15448704,1.86E-07,2.26E-05,MIK2_ARATH,up
TRINITY_DN913_c0_g1_i3,Pre-pol,Post-pol,10.12540083,1.06E-08,2.01E-06,CDKC2_ORYSJ,up
TRINITY_DN994_c0_g1_i8,Pre-pol,Post-pol,10.11169977,1.41E-05,0.000755991,KPYC_SOLTU,up
TRINITY_DN1867_c0_g1_i19,Pre-pol,Post-pol,10.11016937,7.01E-09,1.42E-06,OFUT7_ARATH,up
TRINITY_DN9248_c0_g1_i3,Pre-pol,Post-pol,10.08762582,2.58E-08,4.20E-06,PBL15_ARATH,up
TRINITY_DN1171_c0_g1_i4,Pre-pol,Post-pol,10.08550575,7.86E-08,1.07E-05,BGA15_ORYSJ,up
TRINITY_DN133_c0_g1_i17,Pre-pol,Post-pol,10.04732568,5.70E-07,5.55E-05,DNAJ_CLOD6,up
TRINITY_DN10325_c0_g1_i2,Pre-pol,Post-pol,10.03454325,2.12E-08,3.55E-06,TMN11_ARATH,up
TRINITY_DN116_c0_g1_i22,Pre-pol,Post-pol,10.0256507,8.56E-09,1.69E-06,U2A2B_NICPL,up
TRINITY_DN4593_c0_g1_i3,Pre-pol,Post-pol,9.996803846,1.48E-08,2.63E-06,SART3_HUMAN,up
TRINITY_DN6849_c0_g1_i8,Pre-pol,Post-pol,9.993667121,1.21E-08,2.26E-06,XTHA_PHAAN,up
TRINITY_DN7361_c0_g1_i8,Pre-pol,Post-pol,9.988499325,4.53E-08,6.65E-06,UVR8_ARATH,up
TRINITY_DN385_c0_g1_i1,Pre-pol,Post-pol,9.969808672,2.01E-07,2.38E-05,PMTQ_ARATH,up
TRINITY_DN806_c0_g1_i7,Pre-pol,Post-pol,9.929711363,4.79E-08,6.96E-06,Y1765_ARATH,up
TRINITY_DN10883_c0_g1_i5,Pre-pol,Post-pol,9.924114428,9.99E-08,1.31E-05,ANK3_MOUSE,up
TRINITY_DN4949_c0_g1_i7,Pre-pol,Post-pol,9.923107491,1.87E-08,3.20E-06,PAH2_ARATH,up
TRINITY_DN3372_c0_g1_i4,Pre-pol,Post-pol,9.922915805,1.66E-08,2.89E-06,WDR43_MOUSE,up
TRINITY_DN7027_c0_g1_i1,Pre-pol,Post-pol,9.910519944,8.58E-07,7.73E-05,SBT4_LOTJA,up
TRINITY_DN2036_c0_g1_i36,Pre-pol,Post-pol,9.903640138,2.71E-08,4.34E-06,SCP51_ARATH,up
TRINITY_DN4167_c0_g1_i3,Pre-pol,Post-pol,9.893713038,2.99E-08,4.69E-06,SCD2_ARATH,up
TRINITY_DN16304_c0_g1_i4,Pre-pol,Post-pol,9.889900015,2.03E-07,2.40E-05,RBM28_MOUSE,up
TRINITY_DN9191_c0_g1_i97,Pre-pol,Post-pol,9.887435049,2.18E-05,0.001092698,RFS1_ARATH,up
TRINITY_DN397_c0_g1_i1,Pre-pol,Post-pol,9.873510584,7.07E-08,9.78E-06,TAF1_ORYSJ,up
TRINITY_DN3068_c0_g1_i39,Pre-pol,Post-pol,9.871046223,2.82E-07,3.17E-05,PABN2_ARATH,up
TRINITY_DN1327_c0_g1_i34,Pre-pol,Post-pol,9.858133402,8.29E-07,7.53E-05,NTL9_ARATH,up
TRINITY_DN144_c0_g1_i14,Pre-pol,Post-pol,9.849112622,3.56E-08,5.44E-06,ISPG_ORYSJ,up
TRINITY_DN10758_c0_g1_i26,Pre-pol,Post-pol,9.814691138,7.38E-08,1.01E-05,SMC6B_ARATH,up
TRINITY_DN885_c0_g1_i4,Pre-pol,Post-pol,9.798737957,3.82E-07,4.02E-05,RHD3_ORYSJ,up
TRINITY_DN219_c0_g1_i5,Pre-pol,Post-pol,9.792719164,3.88E-07,4.07E-05,FK163_ARATH,up
TRINITY_DN8055_c0_g1_i2,Pre-pol,Post-pol,9.714986225,5.76E-08,8.13E-06,SYVM1_ARATH,up
TRINITY_DN14281_c0_g1_i14,Pre-pol,Post-pol,9.712937498,2.59E-06,0.00019271,PPR24_ARATH,up
TRINITY_DN3172_c0_g1_i4,Pre-pol,Post-pol,9.708238994,1.23E-07,1.54E-05,Y1425_THEVO,up
TRINITY_DN5169_c0_g1_i1,Pre-pol,Post-pol,9.696660573,1.10E-07,1.41E-05,EXPA1_ORYSJ,up
TRINITY_DN2977_c0_g1_i17,Pre-pol,Post-pol,9.67948484,4.06E-05,0.001814664,RU17_ARATH,up
TRINITY_DN4473_c0_g1_i4,Pre-pol,Post-pol,9.675958712,9.74E-08,1.28E-05,TBC15_MOUSE,up
TRINITY_DN7027_c0_g1_i11,Pre-pol,Post-pol,9.657637929,5.94E-07,5.74E-05,SBT4_LOTJA,up
TRINITY_DN6227_c0_g1_i14,Pre-pol,Post-pol,9.633883634,9.55E-08,1.26E-05,SDN5_ARATH,up
TRINITY_DN4713_c0_g1_i11,Pre-pol,Post-pol,9.601897489,4.88E-07,4.87E-05,UXT3_ARATH,up
TRINITY_DN2667_c0_g2_i1,Pre-pol,Post-pol,9.60111226,1.13E-07,1.44E-05,CSE_ARATH,up
TRINITY_DN3024_c0_g1_i16,Pre-pol,Post-pol,9.56682259,1.94E-07,2.33E-05,SEC_ARATH,up
TRINITY_DN6390_c0_g1_i4,Pre-pol,Post-pol,9.550995335,2.85E-06,0.000207304,ZDH15_ARATH,up
TRINITY_DN11768_c0_g1_i8,Pre-pol,Post-pol,9.54335149,3.42E-07,3.66E-05,RUBA_WHEAT,up
TRINITY_DN1401_c0_g1_i2,Pre-pol,Post-pol,9.537979226,1.69E-05,0.000877272,MYB05_ANTMA,up
TRINITY_DN9445_c0_g1_i2,Pre-pol,Post-pol,9.506557235,7.17E-07,6.69E-05,ATB13_ARATH,up
TRINITY_DN2473_c0_g1_i4,Pre-pol,Post-pol,9.498574376,3.86E-07,4.06E-05,FRS6_ARATH,up
TRINITY_DN357_c0_g1_i26,Pre-pol,Post-pol,9.49499387,2.49E-07,2.86E-05,ACS_ARATH,up
TRINITY_DN4445_c0_g1_i12,Pre-pol,Post-pol,9.477438081,2.60E-07,2.97E-05,F26G_HELSP,up
TRINITY_DN5378_c0_g1_i10,Pre-pol,Post-pol,9.468368216,4.86E-07,4.87E-05,PME62_ARATH,up
TRINITY_DN9427_c0_g1_i7,Pre-pol,Post-pol,9.447697943,2.88E-07,3.22E-05,P4H3_ARATH,up
TRINITY_DN2092_c0_g1_i12,Pre-pol,Post-pol,9.44206822,3.02E-07,3.34E-05,FRS6_ARATH,up
TRINITY_DN10094_c0_g1_i3,Pre-pol,Post-pol,9.426921394,3.58E-07,3.80E-05,CSLA9_ORYSJ,up
TRINITY_DN265_c0_g1_i4,Pre-pol,Post-pol,9.426193621,7.36E-06,0.000441651,CKL2_ARATH,up
TRINITY_DN6100_c0_g1_i9,Pre-pol,Post-pol,9.424445206,1.26E-06,0.000105992,FPPS1_ARTSI,up
TRINITY_DN14231_c0_g1_i6,Pre-pol,Post-pol,9.420316351,1.56E-06,0.000126864,Y4837_ARATH,up
TRINITY_DN8821_c0_g1_i89,Pre-pol,Post-pol,9.417299378,3.36E-07,3.62E-05,CERK1_ORYSJ,up
TRINITY_DN925_c0_g1_i5,Pre-pol,Post-pol,9.398848501,4.88E-07,4.87E-05,NIC1_ARATH,up
TRINITY_DN5762_c0_g1_i1,Pre-pol,Post-pol,9.385949552,4.13E-07,4.27E-05,TT9_ARATH,up
TRINITY_DN1513_c0_g1_i9,Pre-pol,Post-pol,9.385911288,5.04E-07,5.00E-05,Y1765_ARATH,up
TRINITY_DN4927_c0_g1_i8,Pre-pol,Post-pol,9.377771152,1.05E-06,9.23E-05,SDN1_ARATH,up
TRINITY_DN3458_c0_g1_i18,Pre-pol,Post-pol,9.36918672,6.80E-06,0.00041564,TAUE3_ARATH,up
TRINITY_DN805_c0_g1_i28,Pre-pol,Post-pol,9.354207723,4.88E-07,4.87E-05,GGAP1_ARATH,up
TRINITY_DN10047_c0_g1_i3,Pre-pol,Post-pol,9.335317703,1.13E-06,9.79E-05,RBBP_ARATH,up
TRINITY_DN798_c0_g1_i6,Pre-pol,Post-pol,9.328927403,4.80E-06,0.00030984,EF1G2_ORYSJ,up
TRINITY_DN4473_c0_g1_i12,Pre-pol,Post-pol,9.328823499,5.77E-07,5.61E-05,TBC17_MOUSE,up
TRINITY_DN2730_c0_g1_i9,Pre-pol,Post-pol,9.325679821,9.29E-07,8.30E-05,SCRK6_ARATH,up
TRINITY_DN1135_c0_g1_i4,Pre-pol,Post-pol,9.322744252,6.89E-07,6.48E-05,CPL1_ARATH,up
TRINITY_DN1750_c0_g1_i13,Pre-pol,Post-pol,9.311682233,9.85E-07,8.75E-05,Y4869_ORYSJ,up
TRINITY_DN7772_c0_g1_i9,Pre-pol,Post-pol,9.307369809,6.75E-06,0.00041564,ATXR2_ARATH,up
TRINITY_DN3135_c0_g1_i4,Pre-pol,Post-pol,9.296134003,8.02E-07,7.35E-05,SPSY_ARATH,up
TRINITY_DN6198_c0_g1_i3,Pre-pol,Post-pol,9.285392195,1.67E-06,0.000134244,FRAY2_DICDI,up
TRINITY_DN5547_c0_g1_i9,Pre-pol,Post-pol,9.252510071,4.21E-06,0.000279752,GUX8_ARATH,up
TRINITY_DN5583_c0_g1_i2,Pre-pol,Post-pol,9.249778864,1.50E-06,0.000122786,CDPKK_ORYSJ,up
TRINITY_DN9690_c0_g1_i24,Pre-pol,Post-pol,9.245449448,9.21E-07,8.25E-05,BAG1_ARATH,up
TRINITY_DN12549_c0_g1_i7,Pre-pol,Post-pol,9.241257671,1.98E-06,0.000155649,HIP1_ORYSJ,up
TRINITY_DN1249_c0_g1_i24,Pre-pol,Post-pol,9.226650556,1.20E-06,0.000102635,RNZ1_ARATH,up
TRINITY_DN11225_c0_g1_i9,Pre-pol,Post-pol,9.22598786,1.04E-06,9.20E-05,ERF1Y_ARATH,up
TRINITY_DN397_c0_g1_i14,Pre-pol,Post-pol,9.214257631,1.19E-06,0.000101746,TAF1_ORYSJ,up
TRINITY_DN806_c0_g1_i21,Pre-pol,Post-pol,9.209747233,1.25E-06,0.000105785,Y3148_ARATH,up
TRINITY_DN4026_c0_g1_i6,Pre-pol,Post-pol,9.181847792,5.28E-05,0.002230511,OFT29_ARATH,up
TRINITY_DN1122_c0_g1_i4,Pre-pol,Post-pol,9.177058459,1.76E-06,0.000140086,PXN_ARATH,up
TRINITY_DN988_c0_g1_i3,Pre-pol,Post-pol,9.172595517,3.56E-06,0.000247559,FL3H2_ORYSJ,up
TRINITY_DN5261_c0_g1_i2,Pre-pol,Post-pol,9.168467638,1.44E-06,0.000118746,CHR5_ARATH,up
TRINITY_DN2202_c0_g1_i3,Pre-pol,Post-pol,9.16394527,1.47E-05,0.000785275,FAAH_ORYSJ,up
TRINITY_DN7263_c0_g1_i3,Pre-pol,Post-pol,9.158659944,3.10E-06,0.000222382,GAGT1_ARATH,up
TRINITY_DN384_c0_g1_i13,Pre-pol,Post-pol,9.156847409,3.30E-06,0.000232542,HBP1C_WHEAT,up
TRINITY_DN1394_c0_g1_i27,Pre-pol,Post-pol,9.154853833,2.28E-06,0.000174391,DDM1_ARATH,up
TRINITY_DN15523_c0_g1_i1,Pre-pol,Post-pol,9.1457389,1.70E-06,0.000136296,TGD1_ARATH,up
TRINITY_DN798_c0_g1_i16,Pre-pol,Post-pol,9.142020261,4.20E-05,0.001861519,EF1G2_ORYSJ,up
TRINITY_DN2300_c0_g1_i3,Pre-pol,Post-pol,9.136995849,1.72E-06,0.000137704,UPL6_ARATH,up
TRINITY_DN10879_c0_g1_i25,Pre-pol,Post-pol,9.123073976,2.63E-06,0.000195079,CRSP_ARATH,up
TRINITY_DN13097_c0_g1_i13,Pre-pol,Post-pol,9.119329527,1.93E-06,0.000152515,PIGM_ARATH,up
TRINITY_DN6034_c0_g1_i12,Pre-pol,Post-pol,9.117112427,1.93E-06,0.000152628,DLD_ARATH,up
TRINITY_DN3463_c0_g1_i2,Pre-pol,Post-pol,9.104520573,9.39E-06,0.000540826,MED16_ARATH,up
TRINITY_DN2150_c0_g1_i13,Pre-pol,Post-pol,9.103662221,2.79E-06,0.000203709,PHR3_ORYSJ,up
TRINITY_DN2857_c0_g1_i7,Pre-pol,Post-pol,9.102584015,2.21E-06,0.000169966,AB29B_ARATH,up
TRINITY_DN11970_c0_g1_i3,Pre-pol,Post-pol,9.099199827,2.14E-06,0.000165741,XPO7_CHICK,up
TRINITY_DN1674_c0_g1_i9,Pre-pol,Post-pol,9.098472162,2.57E-06,0.000191925,PSI1_ARATH,up
TRINITY_DN1463_c0_g1_i2,Pre-pol,Post-pol,9.09588238,5.77E-05,0.002386453,YHLA_SCHPO,up
TRINITY_DN6446_c0_g1_i2,Pre-pol,Post-pol,9.06972402,5.10E-06,0.000325319,TRPA1_ARATH,up
TRINITY_DN6860_c0_g1_i2,Pre-pol,Post-pol,9.068611613,6.17E-06,0.000384016,OTU4_ARATH,up
TRINITY_DN5262_c0_g1_i3,Pre-pol,Post-pol,9.056877534,3.71E-06,0.000252078,LE14B_PRUAR,up
TRINITY_DN4034_c0_g1_i33,Pre-pol,Post-pol,9.042560776,3.45E-06,0.000241112,TGT_XENTR,up
TRINITY_DN5581_c0_g1_i4,Pre-pol,Post-pol,9.032383909,3.99E-06,0.000267764,Y1634_ARATH,up
TRINITY_DN8486_c0_g1_i2,Pre-pol,Post-pol,9.016075215,8.61E-05,0.003275542,TTL3_ARATH,up
TRINITY_DN2840_c0_g1_i13,Pre-pol,Post-pol,9.01215347,3.70E-06,0.000252078,IF1A_ONOVI,up
TRINITY_DN10598_c0_g1_i1,Pre-pol,Post-pol,9.011501809,8.29E-06,0.000490327,ALIS5_ARATH,up
TRINITY_DN1038_c0_g1_i8,Pre-pol,Post-pol,9.011344858,4.10E-06,0.000273341,GDT14_ORYSI,up
TRINITY_DN7533_c0_g1_i6,Pre-pol,Post-pol,9.008532287,7.35E-05,0.00286453,BRCA1_ARATH,up
TRINITY_DN10072_c0_g1_i11,Pre-pol,Post-pol,9.007188402,1.21E-05,0.000671711,OP10_MAIZE,up
TRINITY_DN4743_c0_g1_i9,Pre-pol,Post-pol,8.990344696,8.32E-06,0.000490565,HIS3_ARATH,up
TRINITY_DN206_c0_g1_i9,Pre-pol,Post-pol,8.989165584,7.02E-06,0.000424577,PCKA_MAIZE,up
TRINITY_DN2806_c0_g1_i10,Pre-pol,Post-pol,8.980122109,1.17E-05,0.000655618,RIBA1_ORYSJ,up
TRINITY_DN10598_c0_g1_i4,Pre-pol,Post-pol,8.979706625,5.43E-05,0.00227577,ALIS5_ARATH,up
TRINITY_DN13284_c0_g1_i8,Pre-pol,Post-pol,8.967630854,5.13E-06,0.000326954,RHD31_ORYSJ,up
TRINITY_DN3409_c0_g1_i15,Pre-pol,Post-pol,8.966563298,1.49E-05,0.00079549,MO2_ARATH,up
TRINITY_DN2109_c0_g1_i7,Pre-pol,Post-pol,8.957954106,1.24E-05,0.00068726,MAP1B_ARATH,up
TRINITY_DN2893_c0_g1_i8,Pre-pol,Post-pol,8.951484355,5.00E-06,0.000320672,LNK2_ARATH,up
TRINITY_DN14227_c0_g1_i2,Pre-pol,Post-pol,8.949641641,1.73E-05,0.000895137,IPCS_ORYSJ,up
TRINITY_DN994_c0_g1_i1,Pre-pol,Post-pol,8.941227316,1.42E-05,0.000760423,KPYC_SOYBN,up
TRINITY_DN14054_c0_g1_i12,Pre-pol,Post-pol,8.93432444,3.48E-05,0.001598484,TNKS_DROME,up
TRINITY_DN779_c0_g1_i4,Pre-pol,Post-pol,8.930511351,7.12E-06,0.000428469,LRP6A_ARATH,up
TRINITY_DN7528_c0_g1_i3,Pre-pol,Post-pol,8.910564343,6.60E-06,0.000407733,YNBD_ECOLI,up
TRINITY_DN6884_c0_g1_i12,Pre-pol,Post-pol,8.909490233,1.98E-05,0.001006289,SLAH2_ARATH,up
TRINITY_DN1272_c0_g1_i3,Pre-pol,Post-pol,8.886846675,6.93E-06,0.000421922,CSU1_ARATH,up
TRINITY_DN785_c0_g1_i5,Pre-pol,Post-pol,8.873619037,1.56E-05,0.000821047,STR10_ARATH,up
TRINITY_DN320_c0_g1_i4,Pre-pol,Post-pol,8.871050029,1.13E-05,0.000637472,RMP_BOVIN,up
TRINITY_DN3714_c0_g1_i2,Pre-pol,Post-pol,8.863480339,1.70E-05,0.000884468,SIGB_ARATH,up
TRINITY_DN7172_c0_g1_i20,Pre-pol,Post-pol,8.856084034,8.90E-08,1.19E-05,FKB62_ARATH,up
TRINITY_DN805_c0_g1_i11,Pre-pol,Post-pol,8.856052514,1.01E-05,0.000574298,GGAP1_ARATH,up
TRINITY_DN7121_c1_g1_i6,Pre-pol,Post-pol,8.851339573,3.28E-05,0.001521251,GLIP5_ARATH,up
TRINITY_DN4631_c0_g1_i16,Pre-pol,Post-pol,8.84393705,1.59E-05,0.000837411,EER5_ARATH,up
TRINITY_DN4275_c0_g1_i1,Pre-pol,Post-pol,8.82689738,9.99E-06,0.00056943,EI2BE_RAT,up
TRINITY_DN7172_c0_g1_i31,Pre-pol,Post-pol,8.824165594,9.36E-07,8.35E-05,FKB70_WHEAT,up
TRINITY_DN14668_c0_g1_i5,Pre-pol,Post-pol,8.816058424,1.81E-05,0.000932493,GLRX1_RICCN,up
TRINITY_DN4716_c0_g1_i5,Pre-pol,Post-pol,8.813087479,4.55E-05,0.001977009,MOS14_ARATH,up
TRINITY_DN16445_c0_g1_i6,Pre-pol,Post-pol,8.805865613,1.54E-39,3.36E-35,HS22M_SOYBN,up
TRINITY_DN1516_c0_g1_i3,Pre-pol,Post-pol,8.796439688,3.48E-05,0.001598484,IPO9_MOUSE,up
TRINITY_DN5096_c0_g1_i2,Pre-pol,Post-pol,8.793376245,1.61E-05,0.000844497,MAN1_ORYSJ,up
TRINITY_DN3384_c0_g1_i23,Pre-pol,Post-pol,8.792028608,1.24E-05,0.000685451,PEK11_ARATH,up
TRINITY_DN1542_c0_g1_i6,Pre-pol,Post-pol,8.776976454,2.45E-05,0.001209532,SC35_ARATH,up
TRINITY_DN1235_c0_g1_i12,Pre-pol,Post-pol,8.769091429,1.47E-05,0.000785275,IF2B_WHEAT,up
TRINITY_DN658_c0_g1_i14,Pre-pol,Post-pol,8.748186514,1.82E-05,0.000933828,CLPB3_ARATH,up
TRINITY_DN11139_c0_g1_i9,Pre-pol,Post-pol,8.739358161,3.75E-05,0.001696636,WDR5B_ARATH,up
TRINITY_DN10030_c0_g1_i4,Pre-pol,Post-pol,8.738543378,1.82E-05,0.000933828,ARP9_ORYSI,up
TRINITY_DN296_c0_g1_i7,Pre-pol,Post-pol,8.729618639,5.11E-05,0.002176219,CAMT3_PETHY,up
TRINITY_DN4164_c0_g1_i4,Pre-pol,Post-pol,8.727844304,2.67E-05,0.001296388,HPCA1_ARATH,up
TRINITY_DN3362_c0_g1_i3,Pre-pol,Post-pol,8.726215952,5.57E-05,0.00232316,C3H6_ARATH,up
TRINITY_DN1136_c0_g1_i39,Pre-pol,Post-pol,8.725985866,1.97E-05,0.001005471,FPGS2_ARATH,up
TRINITY_DN7260_c0_g1_i3,Pre-pol,Post-pol,8.722261261,6.54E-05,0.002649047,MANA1_ARATH,up
TRINITY_DN9668_c0_g1_i6,Pre-pol,Post-pol,8.715342933,3.51E-05,0.001606465,NGBR_DANRE,up
TRINITY_DN8841_c0_g2_i1,Pre-pol,Post-pol,8.691171996,4.59E-05,0.001992032,NIN1_ORYSJ,up
TRINITY_DN9829_c0_g1_i3,Pre-pol,Post-pol,8.688030416,2.16E-05,0.001084213,MSR1_ARATH,up
TRINITY_DN5834_c0_g1_i28,Pre-pol,Post-pol,8.681835313,8.39E-05,0.00320567,KN14M_ORYSJ,up
TRINITY_DN8676_c0_g1_i5,Pre-pol,Post-pol,8.67460349,4.33E-05,0.00190235,APSR1_ARATH,up
TRINITY_DN5030_c0_g1_i6,Pre-pol,Post-pol,8.65468402,2.97E-05,0.001410849,AB12I_ARATH,up
TRINITY_DN2957_c0_g1_i6,Pre-pol,Post-pol,8.65163506,2.53E-05,0.001240802,CA1P_WHEAT,up
TRINITY_DN614_c0_g1_i4,Pre-pol,Post-pol,8.64909624,3.12E-05,0.001463237,GT121_ARATH,up
TRINITY_DN3204_c1_g1_i5,Pre-pol,Post-pol,8.644403729,3.67E-05,0.001670174,COL5_ARATH,up
TRINITY_DN2739_c0_g1_i5,Pre-pol,Post-pol,8.636793446,4.59E-05,0.001992032,RGAPX_ARATH,up
TRINITY_DN2736_c0_g1_i7,Pre-pol,Post-pol,8.630323383,6.55E-05,0.002652504,FL3H1_CROXC,up
TRINITY_DN1327_c0_g1_i43,Pre-pol,Post-pol,8.624841025,4.76E-05,0.002048984,NAC14_ARATH,up
TRINITY_DN1310_c0_g1_i1,Pre-pol,Post-pol,8.616967877,4.31E-05,0.001893716,B3GLT_HUMAN,up
TRINITY_DN7939_c0_g1_i4,Pre-pol,Post-pol,8.609982418,5.68E-05,0.002359213,DG783_ARATH,up
TRINITY_DN649_c0_g1_i96,Pre-pol,Post-pol,8.605952111,5.51E-05,0.002304189,LAMP1_ARATH,up
TRINITY_DN13097_c0_g1_i11,Pre-pol,Post-pol,8.600571403,3.13E-05,0.001464396,PIGM_ARATH,up
TRINITY_DN9566_c0_g1_i2,Pre-pol,Post-pol,8.596251214,5.24E-05,0.002221237,POT5_ARATH,up
TRINITY_DN8112_c0_g1_i3,Pre-pol,Post-pol,8.590992237,3.28E-05,0.001521251,APF1_ARATH,up
TRINITY_DN11272_c0_g1_i3,Pre-pol,Post-pol,8.587785274,3.51E-05,0.001607852,PGLR_PERAE,up
TRINITY_DN255_c0_g1_i16,Pre-pol,Post-pol,8.581349009,3.44E-05,0.00158332,OPA3_SCHPO,up
TRINITY_DN569_c0_g1_i1,Pre-pol,Post-pol,8.578723193,5.70E-05,0.002366047,PLCD4_ARATH,up
TRINITY_DN5892_c0_g1_i41,Pre-pol,Post-pol,8.578555393,6.60E-05,0.002663844,PYRG_DICDI,up
TRINITY_DN372_c0_g1_i13,Pre-pol,Post-pol,8.577148597,6.92E-05,0.002740181,CSK2E_ARATH,up
TRINITY_DN6333_c0_g1_i11,Pre-pol,Post-pol,8.572681999,5.11E-05,0.002176219,SAC4_ARATH,up
TRINITY_DN17096_c0_g1_i47,Pre-pol,Post-pol,8.553122937,4.14E-05,0.001844992,AAMT1_MAIZE,up
TRINITY_DN5762_c0_g1_i15,Pre-pol,Post-pol,8.552596864,5.14E-05,0.002186047,TT9_ARATH,up
TRINITY_DN8667_c0_g2_i11,Pre-pol,Post-pol,8.550524908,9.15E-05,0.00343851,CDKE1_ORYSJ,up
TRINITY_DN4583_c0_g1_i8,Pre-pol,Post-pol,8.547580291,6.12E-05,0.002498606,LRC46_RAT,up
TRINITY_DN4047_c0_g1_i11,Pre-pol,Post-pol,8.543775498,4.18E-05,0.00185519,LYPA2_RAT,up
TRINITY_DN1821_c0_g1_i1,Pre-pol,Post-pol,8.539550204,1.62E-16,2.08E-13,HS704_ARATH,up
TRINITY_DN6833_c0_g1_i19,Pre-pol,Post-pol,8.536031338,4.67E-05,0.002020917,REV1_ARATH,up
TRINITY_DN11461_c0_g1_i2,Pre-pol,Post-pol,8.536007669,5.52E-05,0.002305698,FPP7_ARATH,up
TRINITY_DN3886_c0_g1_i1,Pre-pol,Post-pol,8.53071685,1.90E-13,1.34E-10,HSF30_SOLPE,up
TRINITY_DN666_c0_g1_i4,Pre-pol,Post-pol,8.52434607,5.50E-05,0.002301716,RTNLP_ARATH,up
TRINITY_DN8676_c0_g1_i14,Pre-pol,Post-pol,8.514747461,7.14E-05,0.002798379,APSR1_ARATH,up
TRINITY_DN2270_c0_g1_i6,Pre-pol,Post-pol,8.502360677,5.28E-05,0.002230128,LRP6B_ARATH,up
TRINITY_DN8021_c0_g1_i8,Pre-pol,Post-pol,8.478256106,8.89E-05,0.003365756,PILS7_ARATH,up
TRINITY_DN13359_c0_g1_i6,Pre-pol,Post-pol,8.474268346,5.90E-05,0.002427344,Y1049_ARATH,up
TRINITY_DN1157_c0_g1_i5,Pre-pol,Post-pol,8.471935558,7.20E-05,0.002815432,PPA4_ARATH,up
TRINITY_DN4328_c0_g1_i16,Pre-pol,Post-pol,8.469048554,6.61E-05,0.002663844,ZDHC6_ARATH,up
TRINITY_DN17738_c0_g1_i6,Pre-pol,Post-pol,8.452126557,8.86E-05,0.00335764,SYMPK_HUMAN,up
TRINITY_DN7985_c0_g1_i15,Pre-pol,Post-pol,8.444474691,9.80E-05,0.003634573,TTL12_HUMAN,up
TRINITY_DN1136_c0_g1_i26,Pre-pol,Post-pol,8.439104126,7.31E-05,0.00285155,FPGS2_ARATH,up
TRINITY_DN4827_c0_g1_i1,Pre-pol,Post-pol,8.420577064,9.70E-05,0.003609745,RIMP_LEPBP,up
TRINITY_DN2505_c0_g1_i5,Pre-pol,Post-pol,8.419393339,7.76E-05,0.003002985,TBL16_ARATH,up
TRINITY_DN9894_c0_g1_i12,Pre-pol,Post-pol,8.407936262,9.93E-05,0.003665755,UVR8_ARATH,up
TRINITY_DN9208_c0_g1_i1,Pre-pol,Post-pol,8.349303564,4.02E-10,1.16E-07,PIP12_ORYSJ,up
TRINITY_DN2967_c0_g1_i3,Pre-pol,Post-pol,8.327823287,9.39E-09,1.82E-06,SPISY_SANSP,up
TRINITY_DN206_c0_g1_i30,Pre-pol,Post-pol,8.163594887,2.57E-06,0.000191925,BH095_ARATH,up
TRINITY_DN4746_c0_g1_i1,Pre-pol,Post-pol,8.08874914,1.60E-05,0.000840571,RBL1_ARATH,up
TRINITY_DN96_c0_g1_i4,Pre-pol,Post-pol,7.810012849,1.71E-07,2.09E-05,AHSA_DICDI,up
TRINITY_DN1821_c0_g2_i1,Pre-pol,Post-pol,7.727946388,6.18E-05,0.002521695,DHE2_ACHKL,up
TRINITY_DN11132_c0_g1_i2,Pre-pol,Post-pol,7.623747737,1.48E-20,4.97E-17,SPL8_ARATH,up
TRINITY_DN11290_c0_g1_i5,Pre-pol,Post-pol,7.605383828,2.34E-05,0.001163056,IDS3_HORVU,up
TRINITY_DN133_c0_g1_i13,Pre-pol,Post-pol,7.529312354,3.73E-17,5.43E-14,DNAJ_CLOTE,up
TRINITY_DN10403_c0_g1_i9,Pre-pol,Post-pol,7.319488205,1.06E-05,0.000599962,SRO3_ARATH,up
TRINITY_DN1220_c0_g1_i7,Pre-pol,Post-pol,7.303878674,3.63E-09,8.07E-07,RVE8_ARATH,up
TRINITY_DN96_c0_g1_i2,Pre-pol,Post-pol,7.250144522,1.30E-06,0.000109028,AHSA_DICDI,up
TRINITY_DN1401_c0_g1_i6,Pre-pol,Post-pol,7.164513364,2.06E-27,2.25E-23,MYB05_ANTMA,up
TRINITY_DN820_c0_g1_i1,Pre-pol,Post-pol,7.162583484,8.56E-11,3.04E-08,SBT3_LOTJA,up
TRINITY_DN1605_c0_g1_i7,Pre-pol,Post-pol,7.152736766,6.62E-05,0.002663844,CLPB1_ARATH,up
TRINITY_DN1401_c0_g1_i7,Pre-pol,Post-pol,7.140057281,1.98E-07,2.37E-05,MYB05_ANTMA,up
TRINITY_DN523_c0_g1_i2,Pre-pol,Post-pol,7.108083272,3.73E-06,0.000252851,NAC90_ARATH,up
TRINITY_DN4946_c0_g1_i5,Pre-pol,Post-pol,7.095725294,3.00E-07,3.33E-05,GUN2_PERAE,up
TRINITY_DN2967_c0_g1_i11,Pre-pol,Post-pol,7.067520437,3.30E-06,0.000232542,ATESY_MAGGA,up
TRINITY_DN1811_c0_g1_i8,Pre-pol,Post-pol,7.064498996,2.74E-08,4.37E-06,BAG6_ARATH,up
TRINITY_DN19068_c0_g1_i1,Pre-pol,Post-pol,7.059058573,7.32E-09,1.47E-06,CNGC4_ARATH,up
TRINITY_DN1867_c0_g1_i6,Pre-pol,Post-pol,6.951880953,3.64E-09,8.07E-07,OFUT7_ARATH,up
TRINITY_DN11419_c0_g1_i4,Pre-pol,Post-pol,6.846999506,1.11E-06,9.61E-05,PDR1_PETHY,up
TRINITY_DN851_c0_g1_i3,Pre-pol,Post-pol,6.740019405,3.41E-12,1.75E-09,HSP83_ORYSJ,up
TRINITY_DN10150_c0_g1_i9,Pre-pol,Post-pol,6.683688086,5.52E-06,0.000348894,MFSD5_MOUSE,up
TRINITY_DN14217_c0_g1_i1,Pre-pol,Post-pol,6.680298052,6.81E-07,6.46E-05,MYRS_QUEIL,up
TRINITY_DN1220_c0_g1_i2,Pre-pol,Post-pol,6.647728371,6.45E-05,0.002615597,RVE8_ARATH,up
TRINITY_DN894_c0_g1_i32,Pre-pol,Post-pol,6.628123459,1.82E-11,7.97E-09,HFA2C_ORYSJ,up
TRINITY_DN7584_c0_g1_i5,Pre-pol,Post-pol,6.586975931,4.43E-06,0.000290616,HSP72_SOLLC,up
TRINITY_DN4591_c0_g1_i2,Pre-pol,Post-pol,6.55190436,3.83E-16,4.19E-13,PNAA_PRUDU,up
TRINITY_DN9922_c0_g2_i2,Pre-pol,Post-pol,6.518606378,5.73E-22,2.50E-18,ASOL_TOBAC,up
TRINITY_DN320_c1_g1_i3,Pre-pol,Post-pol,6.489841903,3.25E-06,0.0002304,MYB05_ANTMA,up
TRINITY_DN3464_c0_g1_i25,Pre-pol,Post-pol,6.466259698,7.37E-05,0.002869117,NEK6_ORYSJ,up
TRINITY_DN1220_c0_g1_i9,Pre-pol,Post-pol,6.417517443,4.96E-06,0.000318077,RVE8_ARATH,up
TRINITY_DN81_c0_g1_i1,Pre-pol,Post-pol,6.377671738,1.03E-06,9.09E-05,PPA1_SOLLC,up
TRINITY_DN2967_c0_g1_i8,Pre-pol,Post-pol,6.361672921,5.64E-06,0.000354998,SPISY_SANSP,up
TRINITY_DN820_c0_g1_i5,Pre-pol,Post-pol,6.333367752,1.51E-05,0.000804308,SBT3_LOTJA,up
TRINITY_DN6531_c0_g1_i2,Pre-pol,Post-pol,6.296955307,3.87E-06,0.000261153,NEMF_HUMAN,up
TRINITY_DN530_c0_g1_i2,Pre-pol,Post-pol,6.280206824,2.00E-06,0.000156839,BAG5_ARATH,up
TRINITY_DN1548_c0_g1_i13,Pre-pol,Post-pol,6.261277643,2.74E-06,0.000200932,SUI12_ARATH,up
TRINITY_DN14111_c0_g1_i1,Pre-pol,Post-pol,6.239141622,3.63E-06,0.000249849,PERN_ARMRU,up
TRINITY_DN320_c1_g1_i5,Pre-pol,Post-pol,6.201330103,3.65E-05,0.001659932,MYB05_ANTMA,up
TRINITY_DN1867_c0_g1_i7,Pre-pol,Post-pol,6.057502173,3.91E-06,0.000263243,OFUT7_ARATH,up
TRINITY_DN7172_c0_g1_i4,Pre-pol,Post-pol,5.970618106,1.80E-08,3.09E-06,FKB62_ARATH,up
TRINITY_DN1816_c0_g1_i2,Pre-pol,Post-pol,5.919733115,1.57E-09,3.89E-07,WRK19_ARATH,up
TRINITY_DN983_c0_g1_i1,Pre-pol,Post-pol,5.894201,7.29E-05,0.002844274,TI10C_ORYSI,up
TRINITY_DN96_c0_g1_i5,Pre-pol,Post-pol,5.874729626,1.24E-17,2.46E-14,AHSA_DICDI,up
TRINITY_DN21148_c0_g1_i2,Pre-pol,Post-pol,5.860512391,5.21E-08,7.44E-06,MRAY_ARATH,up
TRINITY_DN6931_c0_g1_i70,Pre-pol,Post-pol,5.834814648,1.10E-06,9.57E-05,PTR8_ARATH,up
TRINITY_DN11970_c0_g1_i6,Pre-pol,Post-pol,5.795955875,1.20E-07,1.52E-05,XPO7_CHICK,up
TRINITY_DN1369_c0_g1_i2,Pre-pol,Post-pol,5.794024447,4.07E-06,0.000271606,HS21C_SOLLC,up
TRINITY_DN894_c0_g1_i29,Pre-pol,Post-pol,5.754733827,4.63E-13,2.93E-10,HFA2D_ORYSJ,up
TRINITY_DN16843_c1_g1_i1,Pre-pol,Post-pol,5.747072254,7.82E-11,2.85E-08,XPT_ARATH,up
TRINITY_DN894_c0_g1_i15,Pre-pol,Post-pol,5.69963443,2.54E-08,4.15E-06,HFA2C_ORYSJ,up
TRINITY_DN1821_c0_g1_i3,Pre-pol,Post-pol,5.695565686,5.71E-10,1.61E-07,HSP7C_PETHY,up
TRINITY_DN6849_c0_g1_i6,Pre-pol,Post-pol,5.693404789,8.48E-07,7.68E-05,XTHA_PHAAN,up
TRINITY_DN1821_c0_g1_i2,Pre-pol,Post-pol,5.675564915,1.78E-10,5.73E-08,HSP71_SOLLC,up
TRINITY_DN3142_c0_g1_i2,Pre-pol,Post-pol,5.665708718,6.89E-17,9.41E-14,HS186_ORYSJ,up
TRINITY_DN3142_c0_g1_i1,Pre-pol,Post-pol,5.625938823,1.21E-14,1.10E-11,HS186_ORYSJ,up
TRINITY_DN1868_c0_g1_i8,Pre-pol,Post-pol,5.615611679,6.33E-05,0.002578669,EXPA1_ARATH,up
TRINITY_DN10072_c0_g1_i6,Pre-pol,Post-pol,5.545912986,8.90E-05,0.003369004,OP10_MAIZE,up
TRINITY_DN1605_c0_g1_i12,Pre-pol,Post-pol,5.508540823,1.10E-06,9.57E-05,CLPB1_ARATH,up
TRINITY_DN261_c0_g1_i2,Pre-pol,Post-pol,5.488918437,5.61E-07,5.48E-05,FOSB_BACLD,up
TRINITY_DN1008_c0_g1_i2,Pre-pol,Post-pol,5.429133133,1.96E-08,3.32E-06,TIC40_PEA,up
TRINITY_DN1369_c0_g2_i1,Pre-pol,Post-pol,5.405543957,6.77E-06,0.00041564,HS25P_ARATH,up
TRINITY_DN1212_c0_g1_i4,Pre-pol,Post-pol,5.403439491,2.40E-06,0.000181591,HSP83_IPONI,up
TRINITY_DN4375_c0_g1_i4,Pre-pol,Post-pol,5.37224012,8.67E-13,5.01E-10,DNJH_CUCSA,up
TRINITY_DN7584_c0_g1_i4,Pre-pol,Post-pol,5.291009593,2.24E-08,3.72E-06,HSP7C_PETHY,up
TRINITY_DN4662_c0_g1_i3,Pre-pol,Post-pol,5.28508279,2.22E-15,2.25E-12,GSTFC_ARATH,up
TRINITY_DN12695_c0_g1_i6,Pre-pol,Post-pol,5.208543759,3.07E-07,3.37E-05,RAY1_ARATH,up
TRINITY_DN1369_c0_g1_i1,Pre-pol,Post-pol,5.203231313,1.28E-08,2.36E-06,HS21C_SOLLC,up
TRINITY_DN1811_c0_g1_i7,Pre-pol,Post-pol,5.171988572,6.74E-05,0.002690824,BAG6_ARATH,up
TRINITY_DN2862_c0_g1_i1,Pre-pol,Post-pol,5.134939825,1.16E-18,2.66E-15,ALL8_OLEEU,up
TRINITY_DN16445_c0_g1_i1,Pre-pol,Post-pol,5.101761979,2.45E-06,0.000183984,HS23C_OXYRB,up
TRINITY_DN6478_c0_g1_i4,Pre-pol,Post-pol,5.072922525,4.54E-11,1.71E-08,P2C38_ARATH,up
TRINITY_DN8259_c0_g1_i1,Pre-pol,Post-pol,5.070284963,2.87E-16,3.40E-13,MBF1C_ARATH,up
TRINITY_DN108_c1_g2_i3,Pre-pol,Post-pol,4.959113775,6.03E-05,0.002467289,WAV3_ARATH,up
TRINITY_DN320_c1_g1_i7,Pre-pol,Post-pol,4.942910094,2.73E-05,0.001324337,MYB05_ANTMA,up
TRINITY_DN6158_c1_g2_i2,Pre-pol,Post-pol,4.854108797,4.61E-07,4.71E-05,AT4_ORYSJ,up
TRINITY_DN12798_c0_g1_i1,Pre-pol,Post-pol,4.849622951,4.33E-06,0.000285744,CCX1_ARATH,up
TRINITY_DN5872_c0_g1_i1,Pre-pol,Post-pol,4.826654012,6.62E-18,1.38E-14,PNAA_PRUDU,up
TRINITY_DN3464_c0_g1_i52,Pre-pol,Post-pol,4.774812457,1.82E-10,5.81E-08,NEK6_ORYSJ,up
TRINITY_DN1180_c0_g1_i1,Pre-pol,Post-pol,4.757103797,4.81E-09,1.01E-06,FKB62_ARATH,up
TRINITY_DN34_c0_g1_i3,Pre-pol,Post-pol,4.715588558,3.02E-07,3.34E-05,LHY_PETHY,up
TRINITY_DN2389_c0_g1_i2,Pre-pol,Post-pol,4.687272741,5.03E-12,2.50E-09,RBL14_ARATH,up
TRINITY_DN11290_c0_g1_i3,Pre-pol,Post-pol,4.680481559,6.46E-05,0.002617649,IDS3_HORVU,up
TRINITY_DN1760_c0_g1_i3,Pre-pol,Post-pol,4.67341191,1.19E-09,3.05E-07,SCAM1_ORYSI,up
TRINITY_DN1142_c0_g1_i14,Pre-pol,Post-pol,4.642076561,7.39E-05,0.002874744,DJB13_MOUSE,up
TRINITY_DN13630_c0_g1_i7,Pre-pol,Post-pol,4.600979438,2.05E-12,1.10E-09,GASA6_ARATH,up
TRINITY_DN9566_c0_g1_i1,Pre-pol,Post-pol,4.59827389,1.29E-06,0.000107611,POT5_ARATH,up
TRINITY_DN1239_c0_g1_i1,Pre-pol,Post-pol,4.518435336,6.54E-06,0.000404669,SBT14_ARATH,up
TRINITY_DN2114_c0_g1_i26,Pre-pol,Post-pol,4.491285812,4.19E-08,6.25E-06,MAOX_PHAVU,up
TRINITY_DN10015_c0_g1_i1,Pre-pol,Post-pol,4.456413542,3.03E-05,0.001425762,BAG5_ARATH,up
TRINITY_DN11419_c0_g1_i7,Pre-pol,Post-pol,4.442673941,3.69E-12,1.87E-09,PDR1_PETAX,up
TRINITY_DN13776_c0_g1_i2,Pre-pol,Post-pol,4.439744409,2.64E-17,4.13E-14,CALR_PRUAR,up
TRINITY_DN34_c0_g1_i4,Pre-pol,Post-pol,4.415717636,1.30E-09,3.27E-07,LHY_PETHY,up
TRINITY_DN851_c0_g1_i4,Pre-pol,Post-pol,4.412365015,1.09E-11,5.01E-09,HSP83_ORYSJ,up
TRINITY_DN1450_c0_g1_i1,Pre-pol,Post-pol,4.377846546,3.15E-16,3.62E-13,HS22M_PEA,up
TRINITY_DN4000_c0_g1_i9,Pre-pol,Post-pol,4.360256628,3.60E-05,0.001643515,APC10_ARATH,up
TRINITY_DN2641_c0_g1_i1,Pre-pol,Post-pol,4.352424228,6.21E-11,2.30E-08,NHL10_ARATH,up
TRINITY_DN7522_c0_g1_i20,Pre-pol,Post-pol,4.349577644,1.98E-07,2.37E-05,HSP11_MEDSA,up
TRINITY_DN1281_c0_g1_i5,Pre-pol,Post-pol,4.338195923,4.53E-08,6.65E-06,4CLLA_ARATH,up
TRINITY_DN2813_c0_g1_i1,Pre-pol,Post-pol,4.327774097,1.30E-10,4.41E-08,ERLL2_ARATH,up
TRINITY_DN4375_c0_g1_i2,Pre-pol,Post-pol,4.297872685,1.16E-14,1.08E-11,DNJH_ATRNU,up
TRINITY_DN7916_c0_g1_i2,Pre-pol,Post-pol,4.283989706,1.51E-18,3.29E-15,P2C78_ORYSJ,up
TRINITY_DN4640_c0_g1_i2,Pre-pol,Post-pol,4.259820446,4.90E-07,4.87E-05,P2C02_ARATH,up
TRINITY_DN1102_c0_g2_i2,Pre-pol,Post-pol,4.222535148,1.88E-06,0.000148988,ROS3_ARATH,up
TRINITY_DN5895_c0_g1_i48,Pre-pol,Post-pol,4.219735839,3.19E-05,0.001489409,YAI5_SCHPO,up
TRINITY_DN4442_c0_g1_i11,Pre-pol,Post-pol,4.212230623,2.01E-07,2.38E-05,APX2_ORYSJ,up
TRINITY_DN851_c0_g1_i2,Pre-pol,Post-pol,4.204962281,1.23E-12,6.90E-10,HSP83_ORYSJ,up
TRINITY_DN2073_c0_g1_i3,Pre-pol,Post-pol,4.179054783,2.94E-06,0.000213225,YAM3_SCHPO,up
TRINITY_DN35785_c0_g1_i1,Pre-pol,Post-pol,4.167222133,9.52E-05,0.00355075,AGL80_ARATH,up
TRINITY_DN641_c0_g1_i2,Pre-pol,Post-pol,4.163031675,3.91E-12,1.96E-09,TGT3B_ARATH,up
TRINITY_DN4236_c0_g1_i6,Pre-pol,Post-pol,4.141879581,5.76E-05,0.002386453,MBD9_ARATH,up
TRINITY_DN8123_c0_g1_i1,Pre-pol,Post-pol,4.129783031,1.07E-05,0.000602437,MURG_FLAPJ,up
TRINITY_DN2174_c0_g2_i1,Pre-pol,Post-pol,4.115795744,7.15E-12,3.47E-09,SBT4_LOTJA,up
TRINITY_DN1401_c0_g1_i4,Pre-pol,Post-pol,4.103894478,1.47E-08,2.63E-06,EOBI_PETHY,up
TRINITY_DN1450_c0_g1_i3,Pre-pol,Post-pol,4.076496573,4.84E-10,1.38E-07,HS22M_PEA,up
TRINITY_DN820_c0_g2_i1,Pre-pol,Post-pol,4.059268244,8.99E-05,0.003394444,SBT4_LOTJA,up
TRINITY_DN2813_c0_g1_i2,Pre-pol,Post-pol,4.033449188,5.22E-15,5.07E-12,ERLL2_ARATH,up
TRINITY_DN10403_c0_g1_i2,Pre-pol,Post-pol,4.018809055,3.26E-07,3.54E-05,SRO3_ARATH,up
TRINITY_DN4102_c0_g1_i5,Pre-pol,Post-pol,3.977620724,4.30E-08,6.37E-06,GME2_ORYSJ,up
TRINITY_DN8372_c0_g1_i1,Pre-pol,Post-pol,3.950517198,7.98E-10,2.14E-07,PTL_ARATH,up
TRINITY_DN1603_c0_g1_i30,Pre-pol,Post-pol,3.924337049,2.35E-05,0.001163511,PAE11_ARATH,up
TRINITY_DN1605_c0_g1_i15,Pre-pol,Post-pol,3.882123086,8.01E-07,7.35E-05,CLPB1_ORYSJ,up
TRINITY_DN4357_c0_g1_i3,Pre-pol,Post-pol,3.863255615,3.26E-06,0.000231101,BH162_ARATH,up
TRINITY_DN885_c0_g1_i2,Pre-pol,Post-pol,3.848386595,3.23E-05,0.001501695,RHD3_ORYSJ,up
TRINITY_DN13776_c0_g1_i3,Pre-pol,Post-pol,3.828908006,7.94E-07,7.30E-05,CALR_PRUAR,up
TRINITY_DN10015_c0_g1_i6,Pre-pol,Post-pol,3.822404139,5.56E-06,0.000351434,BAG5_ARATH,up
TRINITY_DN14227_c0_g1_i4,Pre-pol,Post-pol,3.787324294,1.02E-18,2.48E-15,IPCS_ORYSJ,up
TRINITY_DN2360_c0_g1_i6,Pre-pol,Post-pol,3.741902611,6.60E-06,0.000407733,DJC15_ORYSJ,up
TRINITY_DN2270_c0_g1_i7,Pre-pol,Post-pol,3.741389495,9.53E-05,0.00355075,LRP6B_ARATH,up
TRINITY_DN4662_c0_g1_i1,Pre-pol,Post-pol,3.727165123,2.08E-05,0.001046941,GSTFD_ARATH,up
TRINITY_DN8570_c0_g1_i13,Pre-pol,Post-pol,3.718534839,8.99E-11,3.12E-08,D2HDH_ORYSI,up
TRINITY_DN88_c0_g1_i13,Pre-pol,Post-pol,3.713394653,8.52E-14,6.31E-11,FAD3C_SESIN,up
TRINITY_DN2967_c0_g1_i2,Pre-pol,Post-pol,3.707576031,9.01E-05,0.00339916,MYRS_QUEIL,up
TRINITY_DN2725_c0_g2_i4,Pre-pol,Post-pol,3.701908602,2.03E-05,0.0010243,ASA2_ORYSJ,up
TRINITY_DN52_c0_g1_i12,Pre-pol,Post-pol,3.680497036,4.63E-08,6.75E-06,GASAB_ARATH,up
TRINITY_DN894_c0_g1_i8,Pre-pol,Post-pol,3.676182738,8.15E-09,1.62E-06,HFA2B_ORYSJ,up
TRINITY_DN4375_c0_g2_i1,Pre-pol,Post-pol,3.67150069,4.25E-06,0.000281276,DNJH_CUCSA,up
TRINITY_DN7489_c0_g1_i3,Pre-pol,Post-pol,3.663437165,1.62E-10,5.29E-08,HIP3_ARATH,up
TRINITY_DN1865_c0_g1_i1,Pre-pol,Post-pol,3.65028818,3.06E-06,0.000220221,GCT22_ARATH,up
TRINITY_DN943_c0_g1_i22,Pre-pol,Post-pol,3.638802512,2.65E-11,1.09E-08,DJC27_ORYSJ,up
TRINITY_DN5317_c0_g1_i1,Pre-pol,Post-pol,3.618319063,5.63E-09,1.16E-06,GID1C_ARATH,up
TRINITY_DN5819_c0_g1_i3,Pre-pol,Post-pol,3.608006687,7.97E-05,0.003072133,LYK5_ARATH,up
TRINITY_DN19_c0_g1_i2,Pre-pol,Post-pol,3.603225324,4.52E-05,0.001970116,HSP7M_PHAVU,up
TRINITY_DN4664_c0_g2_i2,Pre-pol,Post-pol,3.601033446,1.15E-05,0.000647805,HFB2B_ORYSJ,up
TRINITY_DN9331_c0_g1_i1,Pre-pol,Post-pol,3.579135153,1.27E-05,0.000695752,FH8_ARATH,up
TRINITY_DN8219_c0_g1_i2,Pre-pol,Post-pol,3.541373062,3.04E-06,0.000219137,OFT20_ARATH,up
TRINITY_DN4091_c0_g1_i3,Pre-pol,Post-pol,3.514625944,1.34E-06,0.00011179,NAC74_ORYSJ,up
TRINITY_DN12491_c0_g1_i1,Pre-pol,Post-pol,3.511833275,3.30E-17,4.97E-14,CML42_ARATH,up
TRINITY_DN8841_c0_g1_i2,Pre-pol,Post-pol,3.501047496,8.99E-13,5.10E-10,NIN1_ORYSJ,up
TRINITY_DN1302_c0_g1_i21,Pre-pol,Post-pol,3.497058746,2.79E-08,4.41E-06,TPP6_ORYSJ,up
TRINITY_DN9036_c0_g1_i1,Pre-pol,Post-pol,3.451828804,3.28E-06,0.00023197,DESI1_XENLA,up
TRINITY_DN9139_c0_g2_i2,Pre-pol,Post-pol,3.450385658,3.69E-16,4.14E-13,GSTUN_ARATH,up
TRINITY_DN3789_c0_g1_i1,Pre-pol,Post-pol,3.437679716,1.86E-07,2.26E-05,WRK53_ARATH,up
TRINITY_DN1168_c0_g1_i8,Pre-pol,Post-pol,3.427514555,5.33E-05,0.002243944,P2C42_ARATH,up
TRINITY_DN14054_c0_g1_i13,Pre-pol,Post-pol,3.415521591,4.16E-05,0.001852675,SP5K_BACSU,up
TRINITY_DN12457_c0_g1_i4,Pre-pol,Post-pol,3.404952848,2.70E-06,0.000198917,BIP8_TOBAC,up
TRINITY_DN1779_c0_g1_i1,Pre-pol,Post-pol,3.392589897,1.59E-10,5.23E-08,RRAA3_ARATH,up
TRINITY_DN4150_c0_g1_i6,Pre-pol,Post-pol,3.388755055,8.58E-05,0.003268335,ACT_GOSHI,up
TRINITY_DN10876_c0_g1_i4,Pre-pol,Post-pol,3.37898633,8.97E-06,0.000519083,TPP2_ORYSJ,up
TRINITY_DN1125_c0_g1_i1,Pre-pol,Post-pol,3.369909655,1.16E-06,1.00E-04,ROH1_ARATH,up
TRINITY_DN7937_c0_g1_i1,Pre-pol,Post-pol,3.351760232,3.78E-05,0.001708692,PP128_ARATH,up
TRINITY_DN6573_c0_g1_i2,Pre-pol,Post-pol,3.315078406,8.65E-06,0.000503548,SCL28_ARATH,up
TRINITY_DN2269_c0_g1_i14,Pre-pol,Post-pol,3.312792376,5.26E-07,5.19E-05,Y1174_SYNP6,up
TRINITY_DN5020_c0_g1_i1,Pre-pol,Post-pol,3.304681241,4.34E-05,0.00190235,XTHB_PHAAN,up
TRINITY_DN11094_c1_g1_i1,Pre-pol,Post-pol,3.299871994,2.34E-06,0.00017765,RNHX1_ARATH,up
TRINITY_DN10257_c0_g1_i1,Pre-pol,Post-pol,3.292974917,2.12E-06,0.000164619,Y1571_ARATH,up
TRINITY_DN2620_c1_g1_i2,Pre-pol,Post-pol,3.291796954,1.05E-05,0.000595464,P2C12_ARATH,up
TRINITY_DN9226_c0_g1_i3,Pre-pol,Post-pol,3.28437764,8.86E-06,0.000514379,FB316_ARATH,up
TRINITY_DN3183_c0_g1_i1,Pre-pol,Post-pol,3.279887591,1.09E-07,1.41E-05,PHI1_ORYSJ,up
TRINITY_DN3582_c0_g1_i2,Pre-pol,Post-pol,3.257497086,2.23E-09,5.26E-07,ASIL2_ARATH,up
TRINITY_DN3606_c0_g1_i9,Pre-pol,Post-pol,3.209182681,6.40E-07,6.15E-05,PER51_ARATH,up
TRINITY_DN8524_c0_g2_i1,Pre-pol,Post-pol,3.195024487,8.53E-08,1.14E-05,ROH1_ARATH,up
TRINITY_DN4855_c0_g1_i7,Pre-pol,Post-pol,3.188466159,3.34E-09,7.60E-07,ABAH3_ORYSJ,up
TRINITY_DN18056_c0_g1_i8,Pre-pol,Post-pol,3.15231032,6.85E-07,6.48E-05,ERG3_ORYSJ,up
TRINITY_DN2849_c0_g1_i1,Pre-pol,Post-pol,3.136560645,9.13E-06,0.000527066,LEA5_CITSI,up
TRINITY_DN4681_c0_g1_i4,Pre-pol,Post-pol,3.132665784,5.73E-09,1.18E-06,VIT1_ORYSJ,up
TRINITY_DN1454_c0_g1_i1,Pre-pol,Post-pol,3.132476099,9.85E-09,1.90E-06,GAE1_ARATH,up
TRINITY_DN1768_c0_g1_i1,Pre-pol,Post-pol,3.132250012,2.40E-07,2.78E-05,WRK24_ORYSI,up
TRINITY_DN8969_c0_g1_i1,Pre-pol,Post-pol,3.074234466,7.12E-05,0.002798379,MURB_PARUW,up
TRINITY_DN1608_c0_g1_i56,Pre-pol,Post-pol,3.061834087,4.59E-05,0.001992032,TGAL4_ORYSJ,up
TRINITY_DN1138_c0_g1_i4,Pre-pol,Post-pol,3.058350005,2.85E-05,0.001368571,DRE2A_ORYSJ,up
TRINITY_DN4375_c0_g1_i3,Pre-pol,Post-pol,3.019864211,3.27E-10,9.73E-08,DNJH_CUCSA,up
TRINITY_DN1679_c0_g1_i1,Pre-pol,Post-pol,3.009185633,8.52E-06,0.000497691,PBP1_ARATH,up
TRINITY_DN18056_c0_g1_i9,Pre-pol,Post-pol,3.000492107,2.20E-06,0.000169589,ERG3_ORYSJ,up
TRINITY_DN943_c0_g1_i1,Pre-pol,Post-pol,2.974780538,5.52E-07,5.41E-05,DJC27_ORYSJ,up
TRINITY_DN192_c0_g2_i1,Pre-pol,Post-pol,2.963530023,2.10E-05,0.001056609,HSFB4_ARATH,up
TRINITY_DN3001_c0_g1_i2,Pre-pol,Post-pol,2.954458622,6.78E-07,6.44E-05,NSL1_ARATH,up
TRINITY_DN22_c0_g1_i6,Pre-pol,Post-pol,2.933511389,8.42E-06,0.000493932,AATP3_ARATH,up
TRINITY_DN3630_c0_g1_i9,Pre-pol,Post-pol,2.919449071,4.05E-08,6.06E-06,CCT2_ARATH,up
TRINITY_DN3426_c0_g1_i1,Pre-pol,Post-pol,2.905926015,8.87E-09,1.74E-06,CHI5_ARATH,up
TRINITY_DN5486_c1_g1_i3,Pre-pol,Post-pol,2.898124632,1.22E-06,0.000103181,AB42G_ORYSJ,up
TRINITY_DN822_c0_g1_i6,Pre-pol,Post-pol,2.865817159,8.53E-08,1.14E-05,HT1_ARATH,up
TRINITY_DN13714_c0_g1_i2,Pre-pol,Post-pol,2.848687579,8.33E-06,0.000490732,PMT12_ARATH,up
TRINITY_DN8867_c0_g1_i1,Pre-pol,Post-pol,2.835913965,7.65E-05,0.002962339,AATPK_ARATH,up
TRINITY_DN5568_c0_g1_i1,Pre-pol,Post-pol,2.833075397,1.32E-07,1.64E-05,U496A_ORYSJ,up
TRINITY_DN2123_c0_g1_i7,Pre-pol,Post-pol,2.816234262,2.16E-07,2.54E-05,PPAF2_IPOBA,up
TRINITY_DN5404_c0_g1_i2,Pre-pol,Post-pol,2.792147797,4.99E-08,7.20E-06,CHIA_SECCE,up
TRINITY_DN4185_c0_g1_i23,Pre-pol,Post-pol,2.781445482,4.03E-09,8.77E-07,ARP1_ARATH,up
TRINITY_DN1091_c0_g1_i3,Pre-pol,Post-pol,2.763113689,4.24E-07,4.37E-05,CHRC1_ONCHC,up
TRINITY_DN6318_c0_g1_i1,Pre-pol,Post-pol,2.751059972,8.49E-06,0.000496563,GYP1_SCHPO,up
TRINITY_DN709_c0_g3_i6,Pre-pol,Post-pol,2.741433465,8.37E-06,0.000492176,LNK1_ARATH,up
TRINITY_DN7242_c0_g1_i3,Pre-pol,Post-pol,2.726119139,8.21E-08,1.11E-05,RNF5_CAEEL,up
TRINITY_DN7393_c0_g1_i1,Pre-pol,Post-pol,2.700882826,1.42E-05,0.000760423,HIKES_RAT,up
TRINITY_DN5291_c0_g1_i3,Pre-pol,Post-pol,2.69881075,3.37E-07,3.62E-05,SBT4_LOTJA,up
TRINITY_DN84_c0_g2_i2,Pre-pol,Post-pol,2.636440179,1.23E-07,1.54E-05,METK_DENCR,up
TRINITY_DN3643_c0_g1_i22,Pre-pol,Post-pol,2.610653701,3.65E-06,0.000250449,DXR_ORYSJ,up
TRINITY_DN2028_c0_g1_i6,Pre-pol,Post-pol,2.575804661,1.53E-05,0.00080954,UTR3_ARATH,up
TRINITY_DN4807_c0_g1_i41,Pre-pol,Post-pol,2.563108185,2.69E-05,0.00130435,MYO12_ARATH,up
TRINITY_DN2267_c0_g1_i5,Pre-pol,Post-pol,2.55687673,3.18E-05,0.001485276,WRK70_SOLLC,up
TRINITY_DN3907_c0_g1_i1,Pre-pol,Post-pol,2.546543399,4.18E-11,1.62E-08,CML4_ARATH,up
TRINITY_DN13657_c0_g2_i5,Pre-pol,Post-pol,2.521986434,7.24E-05,0.002827029,HSP7O_ARATH,up
TRINITY_DN13068_c0_g1_i56,Pre-pol,Post-pol,2.508522788,9.87E-05,0.003651729,RGLG2_ARATH,up
TRINITY_DN11647_c0_g1_i3,Pre-pol,Post-pol,2.499905119,8.06E-06,0.000479082,NAAT1_ORYSJ,up
TRINITY_DN3033_c0_g1_i23,Pre-pol,Post-pol,2.493414962,3.09E-05,0.001452352,PIN3_ARATH,up
TRINITY_DN4102_c0_g1_i10,Pre-pol,Post-pol,2.466547467,5.44E-09,1.13E-06,GME1_ORYSJ,up
TRINITY_DN2114_c0_g1_i8,Pre-pol,Post-pol,2.448865336,4.61E-05,0.001998989,MAOX_VITVI,up
TRINITY_DN2686_c0_g1_i2,Pre-pol,Post-pol,2.438525895,7.09E-06,0.000427725,INV2_ORYSI,up
TRINITY_DN2203_c0_g1_i2,Pre-pol,Post-pol,2.429808172,1.29E-05,0.000703888,ERD7_ARATH,up
TRINITY_DN540_c0_g1_i1,Pre-pol,Post-pol,2.414256699,2.05E-05,0.001035532,GEML5_ARATH,up
TRINITY_DN9216_c0_g1_i16,Pre-pol,Post-pol,2.412424537,3.05E-05,0.001432507,PMK_ARATH,up
TRINITY_DN4958_c0_g3_i1,Pre-pol,Post-pol,2.338693584,1.30E-08,2.39E-06,UGDH4_ORYSJ,up
TRINITY_DN1162_c0_g1_i3,Pre-pol,Post-pol,2.263721978,9.83E-05,0.003645724,HIP23_ARATH,up
TRINITY_DN7434_c0_g1_i3,Pre-pol,Post-pol,2.248312099,3.85E-05,0.001736938,GSTF8_ARATH,up
TRINITY_DN13664_c0_g1_i4,Pre-pol,Post-pol,2.219769075,6.77E-05,0.002696679,SAP4_ARATH,up
TRINITY_DN277_c1_g1_i1,Pre-pol,Post-pol,2.191550568,8.63E-06,0.000503146,UBIQP_HORVU,up
TRINITY_DN22_c0_g1_i2,Pre-pol,Post-pol,2.18320001,3.03E-05,0.001425762,AATP3_ARATH,up
TRINITY_DN22_c0_g1_i8,Pre-pol,Post-pol,2.150937323,5.32E-05,0.002243355,AATP3_ARATH,up
TRINITY_DN345_c0_g1_i1,Pre-pol,Post-pol,2.120891335,8.29E-07,7.53E-05,AGT23_ARATH,up
TRINITY_DN1427_c0_g1_i4,Pre-pol,Post-pol,2.101032763,3.42E-06,0.000239498,LOVG_DROME,up
TRINITY_DN4259_c0_g2_i1,Pre-pol,Post-pol,2.094031816,6.96E-06,0.000422489,P2C44_ORYSJ,up
TRINITY_DN2284_c1_g3_i1,Pre-pol,Post-pol,2.087905629,6.59E-05,0.002663844,IDD1_ARATH,up
TRINITY_DN456_c0_g1_i1,Pre-pol,Post-pol,2.049163379,2.12E-05,0.001064326,SAU39_ORYSJ,up
TRINITY_DN6532_c0_g1_i1,Pre-pol,Post-pol,1.928639473,4.68E-06,0.000303358,LERK2_ORYSJ,up
TRINITY_DN299_c1_g2_i1,Pre-pol,Post-pol,1.92135677,2.44E-06,0.000183963,RIC2_ORYSJ,up
TRINITY_DN564_c0_g1_i1,Pre-pol,Post-pol,1.813845558,6.70E-05,0.002688885,PMEI9_ARATH,up
TRINITY_DN1548_c0_g1_i1,Pre-pol,Post-pol,1.792317659,3.85E-05,0.00173757,SUI12_ARATH,up
TRINITY_DN1676_c0_g1_i3,Pre-pol,Post-pol,1.788291503,7.02E-05,0.002769274,B3GT2_ARATH,up
TRINITY_DN732_c0_g1_i2,Pre-pol,Post-pol,1.772390785,8.75E-05,0.003321458,NDB3_ARATH,up
TRINITY_DN4340_c0_g2_i1,Pre-pol,Post-pol,1.706869446,4.17E-05,0.001852675,MANA_CANEN,up
TRINITY_DN8553_c0_g1_i1,Pre-pol,Post-pol,1.573615148,4.26E-05,0.001877653,PME3_CITSI,up
TRINITY_DN9835_c0_g1_i3,Pre-pol,Post-pol,-7.063395985,1.14E-33,1.66E-29,MY111_ARATH,down
TRINITY_DN315_c0_g1_i1,Pre-pol,Post-pol,-3.826868093,8.99E-21,3.28E-17,PORA_CUCSA,down
TRINITY_DN2435_c0_g1_i1,Pre-pol,Post-pol,-4.880602314,6.48E-19,1.89E-15,GLO15_ORYSI,down
TRINITY_DN12915_c0_g1_i2,Pre-pol,Post-pol,-4.918180515,8.83E-19,2.37E-15,CYQ32_CATRO,down
TRINITY_DN965_c0_g1_i3,Pre-pol,Post-pol,-4.973712429,2.49E-17,4.13E-14,CER2_ARATH,down
TRINITY_DN9835_c0_g1_i1,Pre-pol,Post-pol,-8.728183043,2.64E-17,4.13E-14,MYBP_MAIZE,down
TRINITY_DN8678_c1_g1_i2,Pre-pol,Post-pol,-4.321153247,4.27E-17,6.02E-14,PALY_BROFI,down
TRINITY_DN3310_c0_g1_i2,Pre-pol,Post-pol,-3.945387382,2.58E-16,3.14E-13,IAA27_ARATH,down
TRINITY_DN135_c0_g2_i1,Pre-pol,Post-pol,-3.593585362,3.27E-15,3.25E-12,BLH1_ARATH,down
TRINITY_DN6229_c0_g3_i1,Pre-pol,Post-pol,-5.579768323,1.02E-13,7.46E-11,PCF6_ORYSI,down
TRINITY_DN4033_c0_g1_i9,Pre-pol,Post-pol,-4.170538595,1.53E-13,1.09E-10,MEE14_ARATH,down
TRINITY_DN2387_c0_g1_i11,Pre-pol,Post-pol,-12.32213585,2.17E-13,1.46E-10,FLZ8_ARATH,down
TRINITY_DN8_c0_g1_i58,Pre-pol,Post-pol,-11.77955338,2.17E-13,1.46E-10,RBM39_HUMAN,down
TRINITY_DN9733_c0_g1_i13,Pre-pol,Post-pol,-14.7083217,3.47E-13,2.30E-10,Y3136_ARATH,down
TRINITY_DN980_c0_g1_i9,Pre-pol,Post-pol,-11.51261909,7.40E-13,4.37E-10,SR34_ARATH,down
TRINITY_DN1136_c0_g1_i87,Pre-pol,Post-pol,-11.25364432,6.76E-12,3.32E-09,FPGS2_ARATH,down
TRINITY_DN11541_c0_g2_i1,Pre-pol,Post-pol,-7.705562942,9.75E-12,4.53E-09,C86B1_ARATH,down
TRINITY_DN424_c0_g1_i8,Pre-pol,Post-pol,-3.79183747,2.45E-11,1.02E-08,LEU1A_SOLPN,down
TRINITY_DN17587_c0_g1_i1,Pre-pol,Post-pol,-11.27177111,3.50E-11,1.40E-08,C7D55_HYOMU,down
TRINITY_DN965_c0_g1_i19,Pre-pol,Post-pol,-11.01748473,4.18E-11,1.62E-08,CR26L_ARATH,down
TRINITY_DN424_c0_g1_i5,Pre-pol,Post-pol,-4.163785221,9.17E-11,3.15E-08,LEU1A_SOLPN,down
TRINITY_DN9117_c0_g1_i35,Pre-pol,Post-pol,-11.12627522,2.29E-10,7.14E-08,LAX3_ARATH,down
TRINITY_DN8811_c0_g1_i2,Pre-pol,Post-pol,-11.19746585,2.61E-10,8.03E-08,MYB86_ARATH,down
TRINITY_DN8_c0_g1_i5,Pre-pol,Post-pol,-10.55164626,2.92E-10,8.85E-08,RBM39_PONAB,down
TRINITY_DN7035_c0_g2_i4,Pre-pol,Post-pol,-4.575951054,6.11E-10,1.70E-07,ADF5_ORYSJ,down
TRINITY_DN8320_c0_g1_i4,Pre-pol,Post-pol,-10.95694341,7.30E-10,1.99E-07,CADH6_ORYSJ,down
TRINITY_DN1355_c0_g1_i11,Pre-pol,Post-pol,-10.41072088,7.78E-10,2.10E-07,MD26C_ARATH,down
TRINITY_DN5486_c0_g1_i66,Pre-pol,Post-pol,-10.47826679,8.68E-10,2.31E-07,AB31G_ORYSJ,down
TRINITY_DN5290_c0_g2_i2,Pre-pol,Post-pol,-4.002044116,1.07E-09,2.79E-07,LOX21_SOLTU,down
TRINITY_DN6158_c0_g1_i2,Pre-pol,Post-pol,-10.40269186,1.24E-09,3.15E-07,C3H53_ORYSJ,down
TRINITY_DN4325_c0_g1_i3,Pre-pol,Post-pol,-4.502054763,1.49E-09,3.71E-07,CCD31_ORYSJ,down
TRINITY_DN9445_c0_g1_i4,Pre-pol,Post-pol,-10.30214736,1.70E-09,4.15E-07,HOX21_ORYSJ,down
TRINITY_DN126_c0_g1_i14,Pre-pol,Post-pol,-11.14080547,1.94E-09,4.68E-07,PIL15_ORYSJ,down
TRINITY_DN3310_c0_g1_i1,Pre-pol,Post-pol,-3.594331012,2.34E-09,5.51E-07,IAA27_ARATH,down
TRINITY_DN4593_c0_g1_i1,Pre-pol,Post-pol,-10.18056082,2.61E-09,6.06E-07,SART3_HUMAN,down
TRINITY_DN11636_c0_g1_i16,Pre-pol,Post-pol,-10.13681781,3.44E-09,7.78E-07,ATESY_VITVI,down
TRINITY_DN6_c0_g1_i13,Pre-pol,Post-pol,-10.41965337,3.46E-09,7.79E-07,SF3B1_XENLA,down
TRINITY_DN2519_c0_g1_i3,Pre-pol,Post-pol,-3.563972017,3.90E-09,8.55E-07,FPG_ARATH,down
TRINITY_DN15058_c1_g1_i1,Pre-pol,Post-pol,-3.220652231,4.70E-09,1.00E-06,CP121_ARATH,down
TRINITY_DN17587_c0_g1_i5,Pre-pol,Post-pol,-10.20829137,4.83E-09,1.01E-06,C7D55_HYOMU,down
TRINITY_DN255_c0_g1_i28,Pre-pol,Post-pol,-10.31113472,9.99E-09,1.92E-06,OPA3_SCHPO,down
TRINITY_DN6531_c0_g1_i4,Pre-pol,Post-pol,-10.0172729,1.01E-08,1.93E-06,NEMF_MOUSE,down
TRINITY_DN1585_c0_g1_i2,Pre-pol,Post-pol,-7.837192029,1.12E-08,2.12E-06,LIRP1_ORYSJ,down
TRINITY_DN8650_c0_g1_i1,Pre-pol,Post-pol,-10.00571949,1.13E-08,2.13E-06,CCAMK_LOTJA,down
TRINITY_DN7411_c0_g1_i8,Pre-pol,Post-pol,-10.19958127,1.20E-08,2.25E-06,AB14G_ARATH,down
TRINITY_DN1673_c0_g1_i1,Pre-pol,Post-pol,-3.309525136,1.32E-08,2.41E-06,CIPKJ_ORYSJ,down
TRINITY_DN3_c0_g1_i1,Pre-pol,Post-pol,-5.322390581,1.45E-08,2.63E-06,NAMB1_HORVS,down
TRINITY_DN3555_c0_g1_i4,Pre-pol,Post-pol,-10.18701154,1.53E-08,2.70E-06,PBL27_ARATH,down
TRINITY_DN2644_c0_g1_i13,Pre-pol,Post-pol,-9.893530758,1.57E-08,2.76E-06,CSN5_ORYSJ,down
TRINITY_DN2722_c0_g1_i77,Pre-pol,Post-pol,-9.905165455,1.88E-08,3.21E-06,SUF4_ARATH,down
TRINITY_DN3634_c0_g1_i2,Pre-pol,Post-pol,-9.866059084,1.89E-08,3.22E-06,PSA_ORYSJ,down
TRINITY_DN1311_c0_g1_i11,Pre-pol,Post-pol,-4.522732253,2.12E-08,3.55E-06,BZP44_ARATH,down
TRINITY_DN1173_c0_g1_i6,Pre-pol,Post-pol,-10.40042997,2.61E-08,4.20E-06,IAA6_ORYSJ,down
TRINITY_DN1483_c0_g1_i19,Pre-pol,Post-pol,-10.04133349,2.61E-08,4.20E-06,PP349_ARATH,down
TRINITY_DN3203_c1_g1_i21,Pre-pol,Post-pol,-9.837881882,2.61E-08,4.20E-06,KN7E_ORYSJ,down
TRINITY_DN710_c0_g1_i2,Pre-pol,Post-pol,-10.10506097,2.81E-08,4.44E-06,TAF15_ARATH,down
TRINITY_DN3709_c0_g1_i7,Pre-pol,Post-pol,-3.175097337,2.94E-08,4.62E-06,CB24_TOBAC,down
TRINITY_DN7038_c0_g1_i1,Pre-pol,Post-pol,-3.094627595,3.14E-08,4.91E-06,CB2B_SOLLC,down
TRINITY_DN3204_c1_g1_i4,Pre-pol,Post-pol,-10.21072754,3.23E-08,5.02E-06,COL5_ARATH,down
TRINITY_DN2150_c0_g1_i14,Pre-pol,Post-pol,-9.765110455,3.27E-08,5.06E-06,SRL2_ORYSJ,down
TRINITY_DN126_c0_g1_i1,Pre-pol,Post-pol,-10.1341819,3.48E-08,5.33E-06,PIF3_ARATH,down
TRINITY_DN4165_c0_g1_i3,Pre-pol,Post-pol,-9.782459304,3.86E-08,5.86E-06,HIP37_ARATH,down
TRINITY_DN2922_c0_g1_i12,Pre-pol,Post-pol,-9.730920376,3.92E-08,5.89E-06,TOP1B_ARATH,down
TRINITY_DN401_c0_g1_i5,Pre-pol,Post-pol,-9.854822291,4.43E-08,6.54E-06,MAD29_ORYSJ,down
TRINITY_DN135_c1_g1_i1,Pre-pol,Post-pol,-3.818147374,4.63E-08,6.75E-06,BLH1_ARATH,down
TRINITY_DN873_c0_g1_i14,Pre-pol,Post-pol,-9.699437914,4.97E-08,7.19E-06,PRP39_MOUSE,down
TRINITY_DN9427_c0_g1_i2,Pre-pol,Post-pol,-10.04071107,5.25E-08,7.48E-06,P4H3_ARATH,down
TRINITY_DN1516_c0_g1_i2,Pre-pol,Post-pol,-9.67715673,5.55E-08,7.85E-06,IPO9_MOUSE,down
TRINITY_DN776_c0_g1_i7,Pre-pol,Post-pol,-9.677636146,6.00E-08,8.43E-06,RSLE3_ORYSJ,down
TRINITY_DN10457_c0_g1_i1,Pre-pol,Post-pol,-6.186324278,6.01E-08,8.43E-06,PPO_MALDO,down
TRINITY_DN994_c0_g1_i2,Pre-pol,Post-pol,-9.730866416,6.62E-08,9.22E-06,KPYC_SOLTU,down
TRINITY_DN1012_c0_g1_i1,Pre-pol,Post-pol,-9.973665549,6.96E-08,9.66E-06,UGPI7_ARATH,down
TRINITY_DN397_c0_g1_i6,Pre-pol,Post-pol,-9.630818832,7.28E-08,1.00E-05,TAF1_ORYSJ,down
TRINITY_DN7726_c0_g1_i1,Pre-pol,Post-pol,-4.864402456,7.28E-08,1.00E-05,RADL1_ARATH,down
TRINITY_DN3022_c0_g1_i7,Pre-pol,Post-pol,-9.684974178,8.08E-08,1.10E-05,MYBA2_ORYSJ,down
TRINITY_DN8617_c0_g1_i1,Pre-pol,Post-pol,-4.961141968,8.30E-08,1.12E-05,SOK2_ARATH,down
TRINITY_DN6115_c0_g1_i2,Pre-pol,Post-pol,-9.773137781,9.18E-08,1.22E-05,BRG3_ARATH,down
TRINITY_DN2731_c0_g1_i9,Pre-pol,Post-pol,-9.645799434,9.39E-08,1.24E-05,HIP24_ARATH,down
TRINITY_DN7079_c0_g1_i12,Pre-pol,Post-pol,-11.29638487,1.06E-07,1.38E-05,AB9C_ARATH,down
TRINITY_DN320_c0_g1_i25,Pre-pol,Post-pol,-9.563292528,1.08E-07,1.41E-05,RMP_BOVIN,down
TRINITY_DN2181_c1_g1_i1,Pre-pol,Post-pol,-7.020642572,1.15E-07,1.46E-05,PSC13_MAIZE,down
TRINITY_DN1674_c0_g1_i3,Pre-pol,Post-pol,-9.635770367,1.27E-07,1.58E-05,ERF34_ARATH,down
TRINITY_DN5213_c0_g1_i16,Pre-pol,Post-pol,-9.775275061,1.31E-07,1.64E-05,WNK4_ARATH,down
TRINITY_DN5155_c0_g1_i1,Pre-pol,Post-pol,-3.316511749,1.34E-07,1.66E-05,FLZ8_ARATH,down
TRINITY_DN3372_c0_g1_i6,Pre-pol,Post-pol,-9.54992343,1.51E-07,1.85E-05,WDR43_HUMAN,down
TRINITY_DN2137_c0_g1_i4,Pre-pol,Post-pol,-9.68011632,1.66E-07,2.03E-05,SPL18_ORYSJ,down
TRINITY_DN424_c0_g1_i12,Pre-pol,Post-pol,-3.9991293,1.88E-07,2.27E-05,LEU1A_SOLPN,down
TRINITY_DN1455_c0_g1_i18,Pre-pol,Post-pol,-9.577511247,1.96E-07,2.35E-05,KAN4_ARATH,down
TRINITY_DN2727_c0_g1_i70,Pre-pol,Post-pol,-9.711573425,2.01E-07,2.38E-05,MENE_ARATH,down
TRINITY_DN1721_c0_g1_i4,Pre-pol,Post-pol,-2.982830807,2.18E-07,2.55E-05,NAC83_ARATH,down
TRINITY_DN15333_c0_g1_i6,Pre-pol,Post-pol,-4.982916445,2.19E-07,2.55E-05,CYT1_ACTCC,down
TRINITY_DN891_c0_g1_i9,Pre-pol,Post-pol,-9.75079747,2.26E-07,2.63E-05,SECA_SPIOL,down
TRINITY_DN7047_c0_g1_i1,Pre-pol,Post-pol,-5.230820246,2.38E-07,2.76E-05,LSH6_ARATH,down
TRINITY_DN697_c0_g1_i1,Pre-pol,Post-pol,-9.456479284,2.56E-07,2.94E-05,FTSHB_ARATH,down
TRINITY_DN47_c0_g1_i9,Pre-pol,Post-pol,-9.409017017,2.66E-07,3.02E-05,NC100_ARATH,down
TRINITY_DN2727_c0_g1_i36,Pre-pol,Post-pol,-9.939915331,2.72E-07,3.07E-05,MENE_ARATH,down
TRINITY_DN449_c0_g1_i9,Pre-pol,Post-pol,-2.483411113,2.80E-07,3.16E-05,BURP3_ORYSJ,down
TRINITY_DN1704_c0_g1_i36,Pre-pol,Post-pol,-9.722438807,3.02E-07,3.34E-05,KEA3_ARATH,down
TRINITY_DN10863_c0_g1_i10,Pre-pol,Post-pol,-9.758381495,3.05E-07,3.36E-05,CKX1_ORYSJ,down
TRINITY_DN5552_c0_g1_i8,Pre-pol,Post-pol,-9.564395731,3.07E-07,3.37E-05,LST8_ORYSJ,down
TRINITY_DN6845_c0_g1_i14,Pre-pol,Post-pol,-9.606047543,3.17E-07,3.46E-05,ORP2A_ARATH,down
TRINITY_DN5204_c0_g3_i2,Pre-pol,Post-pol,-4.740915227,3.28E-07,3.55E-05,BEL1_ARATH,down
TRINITY_DN12891_c0_g2_i1,Pre-pol,Post-pol,-9.453142537,3.32E-07,3.59E-05,PLAO1_PLAOI,down
TRINITY_DN424_c0_g1_i4,Pre-pol,Post-pol,-3.672753242,3.36E-07,3.62E-05,LEU1A_SOLPN,down
TRINITY_DN3310_c0_g1_i3,Pre-pol,Post-pol,-3.088244875,3.44E-07,3.68E-05,IAA9_ARATH,down
TRINITY_DN709_c0_g2_i1,Pre-pol,Post-pol,-6.972733366,3.54E-07,3.78E-05,ZSS1_ZINZE,down
TRINITY_DN2387_c0_g1_i8,Pre-pol,Post-pol,-2.96046767,3.55E-07,3.78E-05,FLZ8_ARATH,down
TRINITY_DN5378_c0_g1_i13,Pre-pol,Post-pol,-9.343294124,3.99E-07,4.16E-05,PME62_ARATH,down
TRINITY_DN3349_c0_g1_i49,Pre-pol,Post-pol,-2.479417669,4.23E-07,4.37E-05,RSS3_ORYSJ,down
TRINITY_DN5827_c0_g1_i46,Pre-pol,Post-pol,-9.336558302,4.32E-07,4.45E-05,CHLD_ORYSJ,down
TRINITY_DN2625_c0_g1_i3,Pre-pol,Post-pol,-3.719824836,4.60E-07,4.71E-05,ATB40_ARATH,down
TRINITY_DN5515_c0_g1_i10,Pre-pol,Post-pol,-9.651847063,4.65E-07,4.74E-05,FMDA_METME,down
TRINITY_DN501_c0_g1_i12,Pre-pol,Post-pol,-9.325853551,4.68E-07,4.74E-05,PIL13_ORYSJ,down
TRINITY_DN3677_c0_g1_i1,Pre-pol,Post-pol,-5.222740495,4.77E-07,4.83E-05,C71AL_ARATH,down
TRINITY_DN1710_c0_g1_i2,Pre-pol,Post-pol,-9.317057612,5.13E-07,5.08E-05,CIPK1_ORYSJ,down
TRINITY_DN4743_c0_g1_i2,Pre-pol,Post-pol,-9.339641767,5.35E-07,5.27E-05,HIS3_ARATH,down
TRINITY_DN1697_c0_g1_i22,Pre-pol,Post-pol,-8.76552503,5.37E-07,5.27E-05,LOG8_ARATH,down
TRINITY_DN1688_c0_g1_i1,Pre-pol,Post-pol,-9.656727824,5.62E-07,5.48E-05,SUA_ARATH,down
TRINITY_DN4417_c0_g1_i1,Pre-pol,Post-pol,-3.034078308,6.49E-07,6.21E-05,PSAL_HORVU,down
TRINITY_DN3409_c0_g1_i23,Pre-pol,Post-pol,-9.555633198,6.87E-07,6.48E-05,MO3_ARATH,down
TRINITY_DN9395_c0_g1_i17,Pre-pol,Post-pol,-4.2480452,6.88E-07,6.48E-05,MTDH_MESCR,down
TRINITY_DN1003_c0_g1_i12,Pre-pol,Post-pol,-9.302110102,7.01E-07,6.58E-05,RBP2A_PLAF7,down
TRINITY_DN13829_c0_g1_i3,Pre-pol,Post-pol,-9.742947461,8.26E-07,7.53E-05,TYDP2_MOUSE,down
TRINITY_DN3294_c0_g1_i13,Pre-pol,Post-pol,-9.324521133,8.69E-07,7.81E-05,SRF3_ARATH,down
TRINITY_DN9594_c0_g1_i3,Pre-pol,Post-pol,-4.990063538,1.05E-06,9.23E-05,GCSH_FLAAN,down
TRINITY_DN6999_c0_g1_i1,Pre-pol,Post-pol,-9.701807774,1.06E-06,9.29E-05,NRPE1_ARATH,down
TRINITY_DN2957_c0_g1_i8,Pre-pol,Post-pol,-9.235969209,1.08E-06,9.43E-05,CA1P_WHEAT,down
TRINITY_DN1134_c0_g1_i5,Pre-pol,Post-pol,-7.249215517,1.19E-06,0.000101746,PLAT1_ARATH,down
TRINITY_DN135_c0_g1_i3,Pre-pol,Post-pol,-1.885993718,1.19E-06,0.000101746,BLH1_ARATH,down
TRINITY_DN9427_c0_g1_i4,Pre-pol,Post-pol,-9.32594599,1.20E-06,0.000102254,P4H3_ARATH,down
TRINITY_DN2416_c0_g1_i3,Pre-pol,Post-pol,-9.160755605,1.22E-06,0.000103604,AMO_ARATH,down
TRINITY_DN115_c0_g1_i54,Pre-pol,Post-pol,-9.709593406,1.26E-06,0.000105785,YAB4_ARATH,down
TRINITY_DN805_c0_g1_i5,Pre-pol,Post-pol,-9.378860054,1.37E-06,0.000114168,GGAP1_ARATH,down
TRINITY_DN3429_c0_g1_i3,Pre-pol,Post-pol,-2.306288383,1.42E-06,0.000117371,PP436_ARATH,down
TRINITY_DN732_c0_g3_i2,Pre-pol,Post-pol,-9.331987822,1.42E-06,0.000117371,ENDB1_SOLTU,down
TRINITY_DN10961_c0_g1_i5,Pre-pol,Post-pol,-9.496677336,1.45E-06,0.000119255,TOP3A_ARATH,down
TRINITY_DN13613_c0_g1_i1,Pre-pol,Post-pol,-4.893258007,1.50E-06,0.000122786,HOX3_ORYSJ,down
TRINITY_DN9683_c0_g1_i1,Pre-pol,Post-pol,-2.691726644,1.57E-06,0.000126864,PUB25_ARATH,down
TRINITY_DN9350_c0_g1_i1,Pre-pol,Post-pol,-3.81178261,1.57E-06,0.000126864,FLZ1_ARATH,down
TRINITY_DN10192_c0_g1_i1,Pre-pol,Post-pol,-3.481245941,1.63E-06,0.000131467,HIP36_ARATH,down
TRINITY_DN2092_c0_g1_i4,Pre-pol,Post-pol,-9.150547456,1.72E-06,0.000137912,FRS6_ARATH,down
TRINITY_DN116_c0_g1_i11,Pre-pol,Post-pol,-9.343562634,1.74E-06,0.000139057,U2A2B_NICPL,down
TRINITY_DN1819_c0_g1_i1,Pre-pol,Post-pol,-10.17021589,1.79E-06,0.000142395,GSHRC_ORYSJ,down
TRINITY_DN14096_c0_g1_i3,Pre-pol,Post-pol,-9.210450673,2.00E-06,0.00015727,SIGB_ARATH,down
TRINITY_DN3416_c0_g1_i5,Pre-pol,Post-pol,-9.068909805,2.01E-06,0.000157338,PIPNA_RABIT,down
TRINITY_DN1410_c0_g1_i8,Pre-pol,Post-pol,-3.955528911,2.06E-06,0.00016048,BLH9_ARATH,down
TRINITY_DN6534_c0_g1_i21,Pre-pol,Post-pol,-9.13883744,2.14E-06,0.000165741,APGM_METKA,down
TRINITY_DN7588_c0_g1_i37,Pre-pol,Post-pol,-9.0440935,2.18E-06,0.000168173,AGO16_ORYSJ,down
TRINITY_DN12497_c0_g1_i1,Pre-pol,Post-pol,-4.265754707,2.28E-06,0.000174391,MYB73_ARATH,down
TRINITY_DN1170_c0_g1_i18,Pre-pol,Post-pol,-9.357067188,2.31E-06,0.000176121,CAS_ARATH,down
TRINITY_DN5952_c0_g1_i1,Pre-pol,Post-pol,-2.702145032,2.35E-06,0.000178062,ATL43_ARATH,down
TRINITY_DN7029_c0_g1_i2,Pre-pol,Post-pol,-9.200987183,2.38E-06,0.000180344,NFYA5_ARATH,down
TRINITY_DN6976_c0_g1_i7,Pre-pol,Post-pol,-9.021716552,2.46E-06,0.000184777,PP159_ARATH,down
TRINITY_DN11636_c0_g1_i27,Pre-pol,Post-pol,-7.632691386,2.48E-06,0.000185879,MYRS_QUEIL,down
TRINITY_DN8305_c0_g1_i23,Pre-pol,Post-pol,-9.651737453,2.64E-06,0.000195762,JAC1_ARATH,down
TRINITY_DN12483_c0_g2_i1,Pre-pol,Post-pol,-9.268157623,2.66E-06,0.000196366,CYP1_CROXC,down
TRINITY_DN1440_c0_g1_i21,Pre-pol,Post-pol,-9.439946996,2.76E-06,0.000202158,CAND1_ARATH,down
TRINITY_DN1610_c0_g1_i1,Pre-pol,Post-pol,-11.30785153,2.83E-06,0.000206317,CYSEP_RICCO,down
TRINITY_DN13359_c0_g1_i5,Pre-pol,Post-pol,-9.071182919,2.88E-06,0.000209238,Y1049_ARATH,down
TRINITY_DN12598_c1_g1_i9,Pre-pol,Post-pol,-10.11145298,2.98E-06,0.000215148,PSBC_PHAAO,down
TRINITY_DN9686_c0_g1_i11,Pre-pol,Post-pol,-9.199798824,3.08E-06,0.000221453,Y2800_NOSS1,down
TRINITY_DN2181_c0_g1_i1,Pre-pol,Post-pol,-7.98090967,3.23E-06,0.000229671,PSC13_MAIZE,down
TRINITY_DN501_c0_g1_i14,Pre-pol,Post-pol,-9.245702653,3.43E-06,0.00023963,PIL13_ORYSJ,down
TRINITY_DN1466_c0_g1_i16,Pre-pol,Post-pol,-8.960048064,3.47E-06,0.000241668,PB27B_ARATH,down
TRINITY_DN3551_c0_g1_i1,Pre-pol,Post-pol,-2.842506103,3.53E-06,0.00024582,OPF13_ARATH,down
TRINITY_DN8974_c0_g1_i33,Pre-pol,Post-pol,-9.121648705,3.58E-06,0.000248543,TOP1_RICBR,down
TRINITY_DN965_c0_g1_i8,Pre-pol,Post-pol,-3.769701212,3.60E-06,0.000249342,CER2_ARATH,down
TRINITY_DN1625_c0_g1_i4,Pre-pol,Post-pol,-9.327362573,3.64E-06,0.000249849,ARFI_ARATH,down
TRINITY_DN8266_c0_g1_i1,Pre-pol,Post-pol,-8.967892832,3.69E-06,0.000252078,ILP1_ARATH,down
TRINITY_DN9131_c0_g1_i1,Pre-pol,Post-pol,-4.145563418,3.71E-06,0.000252078,U85A2_ARATH,down
TRINITY_DN5678_c0_g1_i11,Pre-pol,Post-pol,-6.949782309,3.71E-06,0.000252078,YCED2_ARATH,down
TRINITY_DN10260_c0_g1_i5,Pre-pol,Post-pol,-9.504071631,3.77E-06,0.000255298,C96T1_NARAP,down
TRINITY_DN1173_c0_g1_i5,Pre-pol,Post-pol,-3.573093306,3.85E-06,0.000260132,IAA6_ORYSJ,down
TRINITY_DN7068_c0_g1_i7,Pre-pol,Post-pol,-8.937233391,4.02E-06,0.000269569,ATCA2_ARATH,down
TRINITY_DN60_c0_g2_i2,Pre-pol,Post-pol,-2.185561497,4.05E-06,0.000270835,MADS3_VITVI,down
TRINITY_DN2202_c0_g1_i7,Pre-pol,Post-pol,-8.996225187,4.13E-06,0.00027477,FAAH_ORYSJ,down
TRINITY_DN2119_c1_g1_i1,Pre-pol,Post-pol,-9.032258509,4.28E-06,0.000283186,ATL46_ARATH,down
TRINITY_DN12566_c0_g1_i2,Pre-pol,Post-pol,-7.742816613,4.43E-06,0.000290616,PER72_ARATH,down
TRINITY_DN6332_c1_g1_i1,Pre-pol,Post-pol,-3.831285878,4.47E-06,0.000291924,PPO_MALDO,down
TRINITY_DN2623_c0_g1_i1,Pre-pol,Post-pol,-2.152307579,4.54E-06,0.00029546,PMEI9_ARATH,down
TRINITY_DN1267_c0_g1_i17,Pre-pol,Post-pol,-2.640170603,4.73E-06,0.000306326,CYP38_ARATH,down
TRINITY_DN2156_c0_g1_i9,Pre-pol,Post-pol,-8.955170021,4.76E-06,0.000307739,GPI1_SCHPO,down
TRINITY_DN5464_c0_g1_i27,Pre-pol,Post-pol,-8.939127452,4.81E-06,0.000310366,AE7_ARATH,down
TRINITY_DN1397_c0_g1_i1,Pre-pol,Post-pol,-2.711269512,4.86E-06,0.000313126,TL19_ARATH,down
TRINITY_DN8678_c1_g1_i1,Pre-pol,Post-pol,-8.965405749,4.91E-06,0.000315902,PALY_BROFI,down
TRINITY_DN4964_c0_g1_i4,Pre-pol,Post-pol,-8.988700668,5.08E-06,0.000324828,NOC2L_ORYSJ,down
TRINITY_DN8761_c0_g1_i3,Pre-pol,Post-pol,-3.443614791,5.16E-06,0.000328519,Y5576_ARATH,down
TRINITY_DN2696_c0_g1_i1,Pre-pol,Post-pol,-8.941734728,5.32E-06,0.000337676,GLIP7_ARATH,down
TRINITY_DN8821_c0_g1_i69,Pre-pol,Post-pol,-8.994251002,5.64E-06,0.000354998,LYK3_MEDTR,down
TRINITY_DN2235_c0_g1_i2,Pre-pol,Post-pol,-5.743168702,5.64E-06,0.000354998,TOLB_PELCD,down
TRINITY_DN6263_c0_g1_i3,Pre-pol,Post-pol,-9.183522929,5.78E-06,0.000362082,Y1790_ARATH,down
TRINITY_DN1234_c0_g1_i4,Pre-pol,Post-pol,-9.485567944,5.87E-06,0.000367059,AAP2_ARATH,down
TRINITY_DN974_c0_g1_i5,Pre-pol,Post-pol,-9.332522046,6.16E-06,0.000384016,CCD61_ARATH,down
TRINITY_DN10245_c0_g1_i1,Pre-pol,Post-pol,-8.947439623,6.44E-06,0.000399692,HIP36_ARATH,down
TRINITY_DN10161_c0_g2_i1,Pre-pol,Post-pol,-10.25910526,6.53E-06,0.00040457,CUCM1_CUCME,down
TRINITY_DN6198_c0_g1_i2,Pre-pol,Post-pol,-8.916628882,6.79E-06,0.00041564,FRAY2_DICDI,down
TRINITY_DN15333_c5_g1_i1,Pre-pol,Post-pol,-6.511224857,6.79E-06,0.00041564,CYT1_ACTCC,down
TRINITY_DN333_c0_g1_i13,Pre-pol,Post-pol,-8.98309759,6.87E-06,0.0004192,CA1P_ARATH,down
TRINITY_DN5515_c0_g1_i11,Pre-pol,Post-pol,-9.210272242,6.88E-06,0.0004192,FMDA_METME,down
TRINITY_DN2481_c0_g1_i1,Pre-pol,Post-pol,-3.482082325,6.98E-06,0.000422944,FHAB_BORPE,down
TRINITY_DN6792_c0_g1_i2,Pre-pol,Post-pol,-2.241678885,7.05E-06,0.000425567,RMA1_ARATH,down
TRINITY_DN17738_c0_g1_i2,Pre-pol,Post-pol,-8.82263208,7.50E-06,0.000448871,SYMPK_HUMAN,down
TRINITY_DN10653_c0_g1_i10,Pre-pol,Post-pol,-8.909204577,7.81E-06,0.000466421,Y7797_ORYSJ,down
TRINITY_DN9018_c0_g1_i2,Pre-pol,Post-pol,-2.997814528,7.89E-06,0.000470301,TCP3_ARATH,down
TRINITY_DN1394_c0_g1_i14,Pre-pol,Post-pol,-8.831750957,7.96E-06,0.000474135,DDM1_ARATH,down
TRINITY_DN7878_c0_g1_i1,Pre-pol,Post-pol,-3.083745246,8.30E-06,0.000490327,KNU_ARATH,down
TRINITY_DN994_c0_g1_i5,Pre-pol,Post-pol,-8.884577344,8.47E-06,0.000496519,KPYC_SOYBN,down
TRINITY_DN5290_c0_g2_i5,Pre-pol,Post-pol,-8.801352131,8.87E-06,0.000514379,LOX21_SOLTU,down
TRINITY_DN6491_c0_g1_i49,Pre-pol,Post-pol,-8.936615048,8.87E-06,0.000514379,Y1342_ARATH,down
TRINITY_DN20616_c1_g1_i1,Pre-pol,Post-pol,-8.941138638,9.00E-06,0.000520156,OFP8_ARATH,down
TRINITY_DN13359_c0_g1_i7,Pre-pol,Post-pol,-8.809837134,9.29E-06,0.00053582,Y1049_ARATH,down
TRINITY_DN23398_c0_g1_i7,Pre-pol,Post-pol,-10.21443747,9.59E-06,0.000550779,CDKF4_ORYSJ,down
TRINITY_DN6122_c0_g1_i7,Pre-pol,Post-pol,-9.656221934,9.61E-06,0.000550852,Y1154_ARATH,down
TRINITY_DN325_c0_g1_i8,Pre-pol,Post-pol,-8.77432039,9.66E-06,0.000552813,IQD32_ARATH,down
TRINITY_DN6158_c0_g1_i68,Pre-pol,Post-pol,-2.413168572,9.79E-06,0.000559201,C3H22_ORYSJ,down
TRINITY_DN10568_c1_g1_i2,Pre-pol,Post-pol,-8.934564157,9.80E-06,0.000559299,SUT33_ARATH,down
TRINITY_DN5072_c0_g1_i5,Pre-pol,Post-pol,-2.909333901,1.05E-05,0.000592548,APRR3_ARATH,down
TRINITY_DN192_c0_g2_i2,Pre-pol,Post-pol,-4.345293736,1.10E-05,0.000618359,HFB4B_ORYSJ,down
TRINITY_DN9763_c0_g2_i1,Pre-pol,Post-pol,-3.278905063,1.14E-05,0.000640151,U74F1_ARATH,down
TRINITY_DN10651_c0_g1_i1,Pre-pol,Post-pol,-2.243831597,1.16E-05,0.000650332,YJNA_SCHPO,down
TRINITY_DN13206_c0_g1_i1,Pre-pol,Post-pol,-9.042848585,1.22E-05,0.000677402,ZFP10_ARATH,down
TRINITY_DN6652_c0_g1_i1,Pre-pol,Post-pol,-9.480787733,1.24E-05,0.000685451,NFYA2_ARATH,down
TRINITY_DN19553_c0_g1_i2,Pre-pol,Post-pol,-9.184454444,1.25E-05,0.000688406,WUS_ANTMA,down
TRINITY_DN9004_c0_g1_i6,Pre-pol,Post-pol,-8.990105012,1.26E-05,0.000693844,MYB06_ANTMA,down
TRINITY_DN24105_c0_g1_i18,Pre-pol,Post-pol,-8.983302809,1.26E-05,0.000693844,FANCM_ARATH,down
TRINITY_DN2834_c0_g1_i14,Pre-pol,Post-pol,-8.803520174,1.27E-05,0.000697307,SCP34_ARATH,down
TRINITY_DN748_c0_g1_i1,Pre-pol,Post-pol,-8.868779047,1.28E-05,0.000701277,BIOF_ARATH,down
TRINITY_DN2763_c0_g1_i13,Pre-pol,Post-pol,-8.997152366,1.29E-05,0.000703888,PER17_ARATH,down
TRINITY_DN9571_c0_g1_i21,Pre-pol,Post-pol,-8.72170514,1.29E-05,0.000703888,ALN_ORYSJ,down
TRINITY_DN3783_c0_g2_i2,Pre-pol,Post-pol,-8.718367009,1.39E-05,0.000749292,URGT3_ARATH,down
TRINITY_DN2144_c0_g1_i5,Pre-pol,Post-pol,-9.134393399,1.39E-05,0.000749292,MA657_ARATH,down
TRINITY_DN610_c0_g1_i24,Pre-pol,Post-pol,-8.788626547,1.40E-05,0.000754091,CHR24_ARATH,down
TRINITY_DN701_c0_g1_i1,Pre-pol,Post-pol,-8.80410631,1.44E-05,0.000771819,SYYC1_ARATH,down
TRINITY_DN11912_c0_g1_i18,Pre-pol,Post-pol,-8.704735707,1.45E-05,0.000776386,UGAL1_ARATH,down
TRINITY_DN4400_c0_g1_i14,Pre-pol,Post-pol,-8.943979327,1.51E-05,0.000804308,AHP6_ARATH,down
TRINITY_DN9086_c0_g1_i30,Pre-pol,Post-pol,-8.741690218,1.52E-05,0.000806712,F26_ARATH,down
TRINITY_DN10340_c0_g1_i29,Pre-pol,Post-pol,-3.255324965,1.53E-05,0.000809738,GLO14_ORYSI,down
TRINITY_DN2774_c1_g1_i8,Pre-pol,Post-pol,-8.68559015,1.55E-05,0.000820734,BAG1_ARATH,down
TRINITY_DN479_c0_g1_i46,Pre-pol,Post-pol,-8.793801578,1.57E-05,0.00082899,PIGA_ARATH,down
TRINITY_DN4109_c0_g1_i2,Pre-pol,Post-pol,-8.736313769,1.58E-05,0.000832566,VIP1L_ARATH,down
TRINITY_DN2147_c0_g1_i1,Pre-pol,Post-pol,-9.04840877,1.63E-05,0.00085273,C1D_CHICK,down
TRINITY_DN1422_c0_g1_i20,Pre-pol,Post-pol,-8.710993439,1.63E-05,0.000852778,RCA_MAIZE,down
TRINITY_DN10981_c0_g1_i1,Pre-pol,Post-pol,-8.733912305,1.71E-05,0.000885686,MUC21_ARATH,down
TRINITY_DN6794_c0_g3_i12,Pre-pol,Post-pol,-9.46339888,1.82E-05,0.000933828,YEII_ECOLI,down
TRINITY_DN458_c0_g1_i11,Pre-pol,Post-pol,-8.995555782,1.82E-05,0.000933828,P2C73_ARATH,down
TRINITY_DN17566_c0_g1_i4,Pre-pol,Post-pol,-1.813256685,1.90E-05,0.000969616,E134_MAIZE,down
TRINITY_DN256_c0_g1_i1,Pre-pol,Post-pol,-9.160435108,1.92E-05,0.000982101,CDF2_ARATH,down
TRINITY_DN1999_c0_g1_i1,Pre-pol,Post-pol,-2.568620403,2.01E-05,0.001020484,TIF4B_ARATH,down
TRINITY_DN8821_c0_g1_i56,Pre-pol,Post-pol,-8.658257705,2.18E-05,0.001090609,LYK3_MEDTR,down
TRINITY_DN3517_c0_g1_i1,Pre-pol,Post-pol,-8.652559109,2.22E-05,0.001111027,APBLA_ARATH,down
TRINITY_DN6964_c0_g1_i1,Pre-pol,Post-pol,-3.095330523,2.26E-05,0.001125881,GOLS2_ARATH,down
TRINITY_DN202_c0_g1_i24,Pre-pol,Post-pol,-8.621297644,2.26E-05,0.001127608,PD338_ARATH,down
TRINITY_DN8798_c1_g1_i2,Pre-pol,Post-pol,-2.640724372,2.30E-05,0.001143484,XTH9_ARATH,down
TRINITY_DN449_c0_g1_i7,Pre-pol,Post-pol,-2.152228366,2.35E-05,0.001166323,BURP3_ORYSJ,down
TRINITY_DN17_c0_g1_i14,Pre-pol,Post-pol,-4.338716541,2.47E-05,0.001217758,DIV_ANTMA,down
TRINITY_DN14082_c0_g1_i14,Pre-pol,Post-pol,-8.597169861,2.49E-05,0.001226823,TTC38_HUMAN,down
TRINITY_DN115_c0_g1_i55,Pre-pol,Post-pol,-8.935342325,2.54E-05,0.001244457,YAB4_ARATH,down
TRINITY_DN10959_c0_g1_i2,Pre-pol,Post-pol,-8.832701132,2.61E-05,0.001275248,BRG1_ARATH,down
TRINITY_DN1298_c0_g1_i5,Pre-pol,Post-pol,-8.752281835,2.64E-05,0.001288055,SOQ1_ARATH,down
TRINITY_DN1274_c0_g1_i25,Pre-pol,Post-pol,-8.71344283,2.66E-05,0.001296388,NIPA6_ARATH,down
TRINITY_DN9956_c0_g1_i13,Pre-pol,Post-pol,-8.581957144,2.67E-05,0.001296388,RS1H_BACC1,down
TRINITY_DN7045_c0_g1_i11,Pre-pol,Post-pol,-8.57263596,2.77E-05,0.001339186,ARFS_ARATH,down
TRINITY_DN1136_c0_g1_i19,Pre-pol,Post-pol,-8.835551969,2.80E-05,0.001351008,PFBS_ARATH,down
TRINITY_DN8533_c0_g1_i6,Pre-pol,Post-pol,-9.076319157,2.80E-05,0.001351008,KEG_ARATH,down
TRINITY_DN12598_c1_g1_i2,Pre-pol,Post-pol,-8.670858673,2.81E-05,0.001356105,PSBC_PHAAO,down
TRINITY_DN17216_c0_g1_i1,Pre-pol,Post-pol,-8.650017698,2.86E-05,0.001371742,Y1534_ARATH,down
TRINITY_DN6688_c0_g1_i2,Pre-pol,Post-pol,-8.641096698,2.87E-05,0.001373266,STN8_ARATH,down
TRINITY_DN9196_c0_g1_i17,Pre-pol,Post-pol,-8.969402495,2.91E-05,0.001389149,SIGE_ARATH,down
TRINITY_DN4065_c0_g1_i1,Pre-pol,Post-pol,-9.171958859,2.92E-05,0.001392537,MET1_ARATH,down
TRINITY_DN2064_c0_g1_i91,Pre-pol,Post-pol,-8.758482174,3.00E-05,0.001420999,VPS3_ARATH,down
TRINITY_DN17587_c0_g1_i7,Pre-pol,Post-pol,-6.274670659,3.00E-05,0.001420999,C7D55_HYOMU,down
TRINITY_DN6028_c0_g1_i3,Pre-pol,Post-pol,-4.217134638,3.01E-05,0.001422606,S17P_WHEAT,down
TRINITY_DN5782_c0_g1_i1,Pre-pol,Post-pol,-2.848442377,3.01E-05,0.001424149,RNP1_ARATH,down
TRINITY_DN6349_c1_g1_i1,Pre-pol,Post-pol,-3.695340494,3.03E-05,0.001425762,BRG3_ARATH,down
TRINITY_DN126_c0_g1_i11,Pre-pol,Post-pol,-2.396563773,3.04E-05,0.001430957,PIL15_ORYSJ,down
TRINITY_DN8771_c0_g1_i2,Pre-pol,Post-pol,-7.166407491,3.28E-05,0.001521251,ENL1_ORYSJ,down
TRINITY_DN8591_c0_g1_i7,Pre-pol,Post-pol,-4.019760337,3.37E-05,0.001558992,PSBR_SOLTU,down
TRINITY_DN4716_c0_g1_i1,Pre-pol,Post-pol,-8.535932347,3.40E-05,0.001566335,MOS14_ARATH,down
TRINITY_DN4522_c0_g1_i6,Pre-pol,Post-pol,-8.535932347,3.40E-05,0.001566335,PER39_ARATH,down
TRINITY_DN9860_c0_g1_i7,Pre-pol,Post-pol,-8.581080146,3.49E-05,0.001602421,SCP3_ARATH,down
TRINITY_DN7558_c0_g1_i4,Pre-pol,Post-pol,-8.647485554,3.51E-05,0.001606465,C90B2_ORYSJ,down
TRINITY_DN4146_c0_g1_i2,Pre-pol,Post-pol,-3.185371289,3.60E-05,0.001644418,HOX4_ORYSJ,down
TRINITY_DN13028_c0_g1_i24,Pre-pol,Post-pol,-8.624403882,3.74E-05,0.001696636,SBT3I_ARATH,down
TRINITY_DN1147_c0_g1_i4,Pre-pol,Post-pol,-8.562995916,3.75E-05,0.001696636,COR27_ARATH,down
TRINITY_DN1757_c0_g1_i8,Pre-pol,Post-pol,-4.214488172,3.95E-05,0.00177716,CEA_COLES,down
TRINITY_DN5025_c0_g1_i11,Pre-pol,Post-pol,-2.561613243,3.98E-05,0.001789006,PLAT1_ARATH,down
TRINITY_DN2763_c0_g1_i8,Pre-pol,Post-pol,-8.600956082,4.01E-05,0.001794243,PER17_ARATH,down
TRINITY_DN6934_c0_g1_i3,Pre-pol,Post-pol,-8.517843999,4.01E-05,0.001794243,FTSI3_ARATH,down
TRINITY_DN7217_c0_g1_i25,Pre-pol,Post-pol,-8.890314427,4.05E-05,0.001810096,CNDH2_ARATH,down
TRINITY_DN7481_c0_g1_i2,Pre-pol,Post-pol,-8.495830251,4.16E-05,0.00185252,NADHK_ORYSJ,down
TRINITY_DN19151_c0_g1_i4,Pre-pol,Post-pol,-3.317304984,4.22E-05,0.001865824,PER42_ARATH,down
TRINITY_DN1135_c0_g1_i2,Pre-pol,Post-pol,-8.487773818,4.22E-05,0.001865824,CPL1_ARATH,down
TRINITY_DN473_c0_g1_i2,Pre-pol,Post-pol,-3.331752269,4.25E-05,0.001877362,PRR95_ORYSJ,down
TRINITY_DN9733_c0_g1_i4,Pre-pol,Post-pol,-7.078204414,4.30E-05,0.001893658,Y3136_ARATH,down
TRINITY_DN16414_c0_g1_i2,Pre-pol,Post-pol,-2.803835562,4.34E-05,0.00190235,PER42_ARATH,down
TRINITY_DN12845_c0_g1_i2,Pre-pol,Post-pol,-2.549604558,4.38E-05,0.00191746,TBL1_ARATH,down
TRINITY_DN2212_c0_g1_i10,Pre-pol,Post-pol,-8.582413248,4.48E-05,0.001957676,DAR1_ARATH,down
TRINITY_DN6158_c0_g1_i41,Pre-pol,Post-pol,-6.070913225,4.49E-05,0.001962546,C3H22_ORYSJ,down
TRINITY_DN372_c0_g1_i19,Pre-pol,Post-pol,-8.544636962,4.53E-05,0.001973037,CSK2E_ARATH,down
TRINITY_DN5834_c0_g1_i5,Pre-pol,Post-pol,-8.548047588,4.71E-05,0.002038121,KN14K_ORYSJ,down
TRINITY_DN13791_c0_g1_i6,Pre-pol,Post-pol,-8.567719955,4.76E-05,0.002048984,Y2239_ARATH,down
TRINITY_DN2511_c0_g1_i12,Pre-pol,Post-pol,-2.992238171,4.78E-05,0.00205596,HTH_ARATH,down
TRINITY_DN7380_c0_g1_i12,Pre-pol,Post-pol,-4.554958891,4.88E-05,0.002095018,YF1F_SCHPO,down
TRINITY_DN1426_c0_g1_i10,Pre-pol,Post-pol,-8.472612815,4.92E-05,0.002108349,MLO13_ARATH,down
TRINITY_DN325_c0_g1_i5,Pre-pol,Post-pol,-2.039391056,5.04E-05,0.002155744,IQD32_ARATH,down
TRINITY_DN7084_c0_g1_i1,Pre-pol,Post-pol,-5.018087547,5.17E-05,0.002197181,ERLL2_ARATH,down
TRINITY_DN2545_c0_g1_i25,Pre-pol,Post-pol,-2.959509068,5.40E-05,0.00226835,FRO5_ARATH,down
TRINITY_DN11424_c0_g1_i14,Pre-pol,Post-pol,-8.893813968,5.45E-05,0.002283862,CRK7_ARATH,down
TRINITY_DN219_c0_g1_i3,Pre-pol,Post-pol,-4.0294179,5.60E-05,0.002334541,FK163_ARATH,down
TRINITY_DN9991_c0_g1_i1,Pre-pol,Post-pol,-8.439229727,5.63E-05,0.002342685,CCX5_ARATH,down
TRINITY_DN5124_c0_g1_i67,Pre-pol,Post-pol,-8.442662683,5.81E-05,0.002397259,URH1_ORYSJ,down
TRINITY_DN18678_c0_g1_i1,Pre-pol,Post-pol,-4.500507341,5.87E-05,0.002419231,LEC1_REMVI,down
TRINITY_DN831_c0_g1_i45,Pre-pol,Post-pol,-3.354112394,5.88E-05,0.002423802,VAB_ARATH,down
TRINITY_DN9648_c0_g1_i3,Pre-pol,Post-pol,-7.312998728,5.89E-05,0.002423802,CAAT6_ARATH,down
TRINITY_DN4473_c0_g1_i7,Pre-pol,Post-pol,-8.645329469,5.98E-05,0.002456914,TBC17_MOUSE,down
TRINITY_DN8326_c0_g1_i3,Pre-pol,Post-pol,-3.15750162,6.00E-05,0.002464167,GRF3_ARATH,down
TRINITY_DN3349_c0_g1_i1,Pre-pol,Post-pol,-8.453730859,6.01E-05,0.002464245,RSS3_ORYSJ,down
TRINITY_DN4382_c0_g1_i1,Pre-pol,Post-pol,-7.364310333,6.02E-05,0.002464873,ASOL_TOBAC,down
TRINITY_DN3406_c0_g1_i14,Pre-pol,Post-pol,-8.415526673,6.27E-05,0.002555909,UBP3_ARATH,down
TRINITY_DN1981_c0_g1_i4,Pre-pol,Post-pol,-8.460955729,6.38E-05,0.002595728,BRG3_ARATH,down
TRINITY_DN757_c0_g1_i9,Pre-pol,Post-pol,-9.047801624,6.44E-05,0.002615597,BRG1_ARATH,down
TRINITY_DN1023_c0_g1_i3,Pre-pol,Post-pol,-3.450003145,6.62E-05,0.002663844,HIP6_ARATH,down
TRINITY_DN3817_c0_g1_i1,Pre-pol,Post-pol,-1.988538142,6.62E-05,0.002663844,EXOL3_ARATH,down
TRINITY_DN2557_c0_g1_i25,Pre-pol,Post-pol,-8.416189966,6.66E-05,0.002678792,CCR4E_ARATH,down
TRINITY_DN320_c0_g1_i9,Pre-pol,Post-pol,-8.399391837,6.71E-05,0.002688885,RMP_BOVIN,down
TRINITY_DN1549_c0_g1_i1,Pre-pol,Post-pol,-8.636332777,6.74E-05,0.002690824,CANSD_VIBCH,down
TRINITY_DN2176_c0_g1_i11,Pre-pol,Post-pol,-8.56241322,6.74E-05,0.002690824,GLAK1_ARATH,down
TRINITY_DN72_c0_g1_i20,Pre-pol,Post-pol,-8.401994403,6.77E-05,0.002696679,EAF6_XENLA,down
TRINITY_DN1784_c0_g1_i4,Pre-pol,Post-pol,-8.478216662,6.82E-05,0.002711426,HD16N_ORYSJ,down
TRINITY_DN2934_c0_g1_i2,Pre-pol,Post-pol,-2.121567895,6.88E-05,0.002729554,HFB4B_ORYSJ,down
TRINITY_DN2362_c0_g1_i5,Pre-pol,Post-pol,-8.527510126,6.91E-05,0.002739899,IPT2_ARATH,down
TRINITY_DN8582_c0_g1_i67,Pre-pol,Post-pol,-6.189941429,6.92E-05,0.002740181,PPDK_MESCR,down
TRINITY_DN3406_c0_g1_i10,Pre-pol,Post-pol,-8.447858176,6.97E-05,0.002754575,UBP3_ARATH,down
TRINITY_DN10614_c0_g2_i12,Pre-pol,Post-pol,-2.369443793,7.13E-05,0.002798379,VAB_ARATH,down
TRINITY_DN603_c0_g1_i27,Pre-pol,Post-pol,-8.444243173,7.46E-05,0.002899537,GONS3_ARATH,down
TRINITY_DN8980_c0_g1_i2,Pre-pol,Post-pol,-8.680909104,7.47E-05,0.002900325,P2C51_ARATH,down
TRINITY_DN7079_c0_g1_i2,Pre-pol,Post-pol,-4.513435564,7.59E-05,0.002943815,AB15C_ARATH,down
TRINITY_DN501_c0_g1_i13,Pre-pol,Post-pol,-8.538388945,7.80E-05,0.003017543,PIL13_ORYSJ,down
TRINITY_DN4743_c0_g1_i13,Pre-pol,Post-pol,-8.478958896,7.89E-05,0.003046228,HIS3_ARATH,down
TRINITY_DN293_c0_g1_i10,Pre-pol,Post-pol,-8.391210686,7.97E-05,0.003072133,ELM1_ARATH,down
TRINITY_DN3031_c0_g1_i17,Pre-pol,Post-pol,-8.348388637,8.24E-05,0.003160736,PIRL8_ORYSJ,down
TRINITY_DN6505_c0_g1_i36,Pre-pol,Post-pol,-8.452235266,8.25E-05,0.003164753,SYLM_ARATH,down
TRINITY_DN7307_c0_g1_i1,Pre-pol,Post-pol,-4.392540343,8.31E-05,0.003181271,FLA9_ARATH,down
TRINITY_DN4256_c0_g1_i2,Pre-pol,Post-pol,-9.122696807,8.35E-05,0.003191284,CCA1_ARATH,down
TRINITY_DN16088_c0_g1_i6,Pre-pol,Post-pol,-2.299024332,8.41E-05,0.003210287,CB11_SOLLC,down
TRINITY_DN10245_c0_g1_i2,Pre-pol,Post-pol,-2.469294383,8.53E-05,0.003249568,HIP36_ARATH,down
TRINITY_DN4908_c0_g1_i3,Pre-pol,Post-pol,-1.846074962,8.67E-05,0.00329503,OHK3_ORYSI,down
TRINITY_DN7118_c0_g1_i18,Pre-pol,Post-pol,-2.81564364,8.99E-05,0.003394792,SBTS_LOTJA,down
TRINITY_DN5827_c0_g1_i43,Pre-pol,Post-pol,-8.543753319,9.29E-05,0.003481508,CHLD_TOBAC,down
TRINITY_DN3779_c0_g1_i1,Pre-pol,Post-pol,-2.285004438,9.37E-05,0.003504869,CXE18_ARATH,down
TRINITY_DN3069_c0_g2_i2,Pre-pol,Post-pol,-2.74277474,9.43E-05,0.00352485,C3H24_ORYSJ,down
TRINITY_DN5711_c0_g1_i3,Pre-pol,Post-pol,-8.319199981,9.44E-05,0.00352485,BH137_ARATH,down
TRINITY_DN10976_c0_g1_i1,Pre-pol,Post-pol,-3.124052286,9.78E-05,0.003631669,WAG1_ARATH,down
TRINITY_DN6034_c0_g1_i16,Pre-pol,Post-pol,-8.379783653,9.78E-05,0.003631669,DLD_ARATH,down
