,"Table S5 DEGs between Pol vs Post-pol, up-regulated and down-regulated",,,,,,
ID,sampleA,sampleB,log2FoldChange,pvalue,padj,Uniprot annotation,Regulation
TRINITY_DN7719_c0_g1_i1,Pol,Post-pol,15.17551406,3.12E-16,1.06E-12,HSP21_SOYBN,up
TRINITY_DN1811_c0_g1_i2,Pol,Post-pol,14.7625924,1.29E-17,5.24E-14,BAG6_ARATH,up
TRINITY_DN536_c0_g1_i4,Pol,Post-pol,13.17109251,3.15E-11,2.47E-08,DCAM_MAIZE,up
TRINITY_DN694_c0_g1_i3,Pol,Post-pol,12.25018661,2.28E-15,6.64E-12,LEC2_COLES,up
TRINITY_DN2033_c0_g1_i23,Pol,Post-pol,12.18452484,2.72E-15,7.39E-12,CNGC2_ARATH,up
TRINITY_DN614_c0_g1_i4,Pol,Post-pol,11.971242,7.04E-13,8.69E-10,GT121_ARATH,up
TRINITY_DN9117_c0_g1_i4,Pol,Post-pol,11.93732054,6.15E-14,1.19E-10,LAX3_MEDTR,up
TRINITY_DN6616_c0_g1_i3,Pol,Post-pol,11.87740113,7.05E-14,1.31E-10,TMN12_ARATH,up
TRINITY_DN2507_c0_g1_i5,Pol,Post-pol,11.87695769,2.34E-14,5.01E-11,PAT_PETHY,up
TRINITY_DN894_c0_g1_i14,Pol,Post-pol,11.79292783,1.04E-11,9.67E-09,HFA2B_ORYSJ,up
TRINITY_DN1778_c0_g1_i6,Pol,Post-pol,11.78008168,6.21E-12,6.17E-09,ACA1_ARATH,up
TRINITY_DN3709_c0_g1_i10,Pol,Post-pol,11.74001919,1.67E-06,0.000162468,CB2G_SOLLC,up
TRINITY_DN3870_c0_g1_i4,Pol,Post-pol,11.59330093,2.98E-13,4.19E-10,MSL8_ARATH,up
TRINITY_DN3886_c0_g1_i3,Pol,Post-pol,11.32654276,5.24E-12,5.48E-09,HSF30_SOLPE,up
TRINITY_DN5942_c0_g1_i2,Pol,Post-pol,11.27931784,1.20E-11,1.09E-08,CDKG2_ORYSJ,up
TRINITY_DN1605_c0_g1_i2,Pol,Post-pol,11.24063416,3.28E-10,1.61E-07,CLPB1_ARATH,up
TRINITY_DN472_c1_g1_i11,Pol,Post-pol,11.21835134,8.45E-11,5.22E-08,TBB1_MAIZE,up
TRINITY_DN264_c0_g1_i4,Pol,Post-pol,11.21336805,9.89E-12,9.37E-09,LOX6_ORYSJ,up
TRINITY_DN2430_c0_g1_i7,Pol,Post-pol,11.07800541,1.83E-11,1.59E-08,AGO10_ARATH,up
TRINITY_DN584_c0_g1_i3,Pol,Post-pol,11.06102242,1.37E-10,8.20E-08,ARFG_ORYSJ,up
TRINITY_DN943_c0_g1_i2,Pol,Post-pol,11.02596547,8.79E-12,8.52E-09,DJC27_ORYSJ,up
TRINITY_DN2893_c0_g1_i6,Pol,Post-pol,10.95253083,2.46E-11,2.04E-08,LNK2_ARATH,up
TRINITY_DN6502_c0_g1_i80,Pol,Post-pol,10.9286661,2.98E-09,9.94E-07,TUR2_SPIPO,up
TRINITY_DN820_c0_g1_i2,Pol,Post-pol,10.90150685,1.43E-10,8.46E-08,SBT3_LOTJA,up
TRINITY_DN1131_c0_g1_i6,Pol,Post-pol,10.83457132,5.98E-11,4.13E-08,ACOX1_ARATH,up
TRINITY_DN994_c0_g1_i7,Pol,Post-pol,10.79381137,5.71E-08,1.06E-05,KPYC_SOLTU,up
TRINITY_DN4338_c0_g1_i7,Pol,Post-pol,10.73649799,3.42E-11,2.63E-08,MED8_ARATH,up
TRINITY_DN206_c0_g1_i34,Pol,Post-pol,10.72022209,3.28E-06,0.000268997,PCKA1_ARATH,up
TRINITY_DN7172_c0_g1_i35,Pol,Post-pol,10.70144627,6.65E-11,4.41E-08,FK151_ARATH,up
TRINITY_DN1348_c0_g1_i15,Pol,Post-pol,10.69056603,4.64E-11,3.37E-08,WAT1_ARATH,up
TRINITY_DN5444_c0_g1_i2,Pol,Post-pol,10.68530922,1.27E-08,3.23E-06,LEU1A_SOLPN,up
TRINITY_DN3071_c0_g1_i3,Pol,Post-pol,10.64586312,7.68E-10,3.36E-07,RB208_ORYSJ,up
TRINITY_DN133_c0_g1_i11,Pol,Post-pol,10.63733675,9.94E-08,1.65E-05,DNAJ_CLOTE,up
TRINITY_DN1760_c0_g1_i6,Pol,Post-pol,10.56088946,1.57E-10,8.87E-08,SCAM1_ORYSI,up
TRINITY_DN3827_c0_g1_i4,Pol,Post-pol,10.55382556,2.07E-10,1.11E-07,ALY3_ARATH,up
TRINITY_DN1136_c0_g1_i100,Pol,Post-pol,10.55002681,9.44E-09,2.56E-06,FPGS2_ARATH,up
TRINITY_DN2013_c0_g1_i4,Pol,Post-pol,10.54173208,1.47E-10,8.57E-08,SGS3_ORYSJ,up
TRINITY_DN7456_c0_g1_i7,Pol,Post-pol,10.54110357,2.68E-10,1.39E-07,NET1A_ARATH,up
TRINITY_DN5530_c0_g1_i6,Pol,Post-pol,10.53329727,8.21E-10,3.48E-07,EI2BA_DICDI,up
TRINITY_DN10403_c0_g1_i13,Pol,Post-pol,10.51399213,2.13E-07,3.07E-05,SRO1_ARATH,up
TRINITY_DN1796_c0_g1_i4,Pol,Post-pol,10.48913453,1.59E-09,5.80E-07,NAL1_ORYSJ,up
TRINITY_DN1330_c0_g1_i8,Pol,Post-pol,10.47542773,1.98E-10,1.07E-07,ANL2_ARATH,up
TRINITY_DN265_c0_g1_i4,Pol,Post-pol,10.41595573,2.86E-10,1.46E-07,CKL2_ARATH,up
TRINITY_DN1539_c0_g1_i4,Pol,Post-pol,10.39703898,6.69E-10,2.99E-07,KCS11_ARATH,up
TRINITY_DN847_c0_g1_i7,Pol,Post-pol,10.37987405,5.33E-10,2.50E-07,SL30A_ARATH,up
TRINITY_DN4432_c0_g1_i5,Pol,Post-pol,10.33436939,7.46E-09,2.07E-06,NPG1_ARATH,up
TRINITY_DN1440_c0_g1_i1,Pol,Post-pol,10.32639103,1.70E-08,4.04E-06,CAND1_ARATH,up
TRINITY_DN2629_c0_g1_i3,Pol,Post-pol,10.27977967,8.02E-10,3.44E-07,TAF7_ARATH,up
TRINITY_DN14054_c0_g1_i41,Pol,Post-pol,10.26568559,9.05E-08,1.53E-05,CFXQ_CYAM1,up
TRINITY_DN9763_c0_g1_i4,Pol,Post-pol,10.20408671,4.16E-07,5.28E-05,TENAC_ARATH,up
TRINITY_DN177_c0_g1_i54,Pol,Post-pol,10.19122694,1.33E-09,5.07E-07,E2FA_ARATH,up
TRINITY_DN11810_c0_g1_i2,Pol,Post-pol,10.16671482,1.71E-09,6.10E-07,KEA2_ARATH,up
TRINITY_DN7588_c0_g1_i12,Pol,Post-pol,10.13495513,2.36E-08,5.29E-06,IF4E1_WHEAT,up
TRINITY_DN2663_c0_g1_i12,Pol,Post-pol,10.121429,1.36E-07,2.18E-05,BH130_ARATH,up
TRINITY_DN116_c0_g1_i22,Pol,Post-pol,10.08065227,4.77E-09,1.47E-06,U2A2B_NICPL,up
TRINITY_DN1703_c0_g1_i9,Pol,Post-pol,10.06043721,2.16E-06,0.000196558,WRK40_ARATH,up
TRINITY_DN2736_c0_g1_i7,Pol,Post-pol,10.05806267,3.96E-07,5.08E-05,FL3H1_CROXC,up
TRINITY_DN803_c0_g1_i9,Pol,Post-pol,10.04591638,3.93E-07,5.08E-05,GUN6_ARATH,up
TRINITY_DN3568_c0_g1_i10,Pol,Post-pol,10.0449333,3.44E-09,1.11E-06,PP330_ARATH,up
TRINITY_DN2145_c0_g1_i15,Pol,Post-pol,10.04379922,5.14E-09,1.56E-06,CKL1_ARATH,up
TRINITY_DN2722_c0_g1_i19,Pol,Post-pol,10.01792703,4.53E-09,1.41E-06,SUF4_ARATH,up
TRINITY_DN7361_c0_g1_i8,Pol,Post-pol,9.995684662,2.69E-08,5.83E-06,UVR8_ARATH,up
TRINITY_DN806_c0_g1_i7,Pol,Post-pol,9.974988225,6.06E-09,1.73E-06,Y1765_ARATH,up
TRINITY_DN527_c0_g1_i4,Pol,Post-pol,9.970066025,1.11E-07,1.84E-05,BH049_ARATH,up
TRINITY_DN3172_c0_g1_i4,Pol,Post-pol,9.965258168,1.41E-07,2.22E-05,Y1425_THEVO,up
TRINITY_DN1272_c0_g1_i3,Pol,Post-pol,9.944709585,3.74E-08,7.49E-06,CSU1_ARATH,up
TRINITY_DN822_c0_g1_i2,Pol,Post-pol,9.938908104,7.25E-08,1.29E-05,HT1_ARATH,up
TRINITY_DN437_c0_g1_i10,Pol,Post-pol,9.923671283,7.47E-09,2.07E-06,PSMD3_TOBAC,up
TRINITY_DN1679_c0_g1_i2,Pol,Post-pol,9.914415628,8.04E-05,0.003438766,KIC_ARATH,up
TRINITY_DN2139_c0_g1_i15,Pol,Post-pol,9.911215792,8.62E-08,1.49E-05,KN14C_ORYSJ,up
TRINITY_DN5581_c0_g1_i36,Pol,Post-pol,9.902169351,4.16E-07,5.28E-05,Y1634_ARATH,up
TRINITY_DN917_c0_g1_i8,Pol,Post-pol,9.881195077,2.39E-07,3.35E-05,SBT38_ARATH,up
TRINITY_DN6944_c2_g1_i2,Pol,Post-pol,9.880903875,4.79E-08,9.25E-06,COQ6_DANRE,up
TRINITY_DN9690_c0_g1_i24,Pol,Post-pol,9.851089083,3.13E-05,0.001602168,BAG1_ARATH,up
TRINITY_DN357_c0_g1_i26,Pol,Post-pol,9.845367483,4.20E-08,8.23E-06,ACS_ARATH,up
TRINITY_DN2087_c0_g1_i25,Pol,Post-pol,9.80881157,9.67E-07,0.00010624,ALA1_ARATH,up
TRINITY_DN19553_c0_g2_i2,Pol,Post-pol,9.796361814,1.64E-05,0.000968951,WOX2_ARATH,up
TRINITY_DN2956_c0_g1_i10,Pol,Post-pol,9.790398387,4.28E-06,0.000332624,IF5A2_NICPL,up
TRINITY_DN5004_c0_g1_i10,Pol,Post-pol,9.781197273,3.73E-08,7.49E-06,CSN4_ARATH,up
TRINITY_DN213_c0_g1_i6,Pol,Post-pol,9.750556925,2.84E-08,6.07E-06,ATB13_ARATH,up
TRINITY_DN4473_c0_g1_i4,Pol,Post-pol,9.746147307,2.43E-08,5.38E-06,TBC15_MOUSE,up
TRINITY_DN10871_c0_g1_i25,Pol,Post-pol,9.724060929,3.92E-08,7.80E-06,NAP1B_ORYSJ,up
TRINITY_DN806_c0_g1_i21,Pol,Post-pol,9.69194556,9.03E-08,1.53E-05,Y3148_ARATH,up
TRINITY_DN173_c0_g1_i13,Pol,Post-pol,9.690603027,3.76E-07,4.89E-05,HSP7S_PEA,up
TRINITY_DN988_c0_g1_i3,Pol,Post-pol,9.681352119,3.68E-08,7.46E-06,FL3H2_ORYSJ,up
TRINITY_DN9139_c0_g1_i1,Pol,Post-pol,9.675103601,4.31E-08,8.41E-06,GSTXC_TOBAC,up
TRINITY_DN925_c0_g1_i5,Pol,Post-pol,9.675092309,6.20E-08,1.13E-05,NIC1_ARATH,up
TRINITY_DN5378_c0_g1_i10,Pol,Post-pol,9.644824653,4.78E-08,9.25E-06,PME62_ARATH,up
TRINITY_DN16304_c0_g1_i4,Pol,Post-pol,9.641104011,5.06E-08,9.54E-06,RBM28_MOUSE,up
TRINITY_DN2202_c0_g1_i3,Pol,Post-pol,9.631408396,1.07E-06,0.00011551,FAAH_ORYSJ,up
TRINITY_DN2667_c0_g2_i1,Pol,Post-pol,9.631039408,6.76E-08,1.22E-05,CSE_ARATH,up
TRINITY_DN1235_c0_g1_i25,Pol,Post-pol,9.611940058,1.19E-06,0.000123981,IF2B_WHEAT,up
TRINITY_DN4167_c0_g1_i3,Pol,Post-pol,9.598664916,1.91E-07,2.79E-05,SCD2_ARATH,up
TRINITY_DN384_c0_g1_i26,Pol,Post-pol,9.598093986,6.28E-08,1.14E-05,TGAL1_ORYSJ,up
TRINITY_DN5262_c0_g1_i3,Pol,Post-pol,9.595097137,6.67E-08,1.21E-05,LE14B_PRUAR,up
TRINITY_DN674_c0_g1_i3,Pol,Post-pol,9.590219209,8.91E-08,1.53E-05,TF3B_MOUSE,up
TRINITY_DN14055_c0_g1_i2,Pol,Post-pol,9.571889077,1.71E-07,2.57E-05,DCUP1_ARATH,up
TRINITY_DN9167_c0_g1_i9,Pol,Post-pol,9.570953441,1.04E-07,1.73E-05,PQQL_ARATH,up
TRINITY_DN4904_c0_g1_i3,Pol,Post-pol,9.570867856,3.95E-07,5.08E-05,CPSF3_ARATH,up
TRINITY_DN2806_c0_g1_i10,Pol,Post-pol,9.564346947,1.28E-05,0.000797262,RIBA1_ORYSJ,up
TRINITY_DN5515_c0_g1_i12,Pol,Post-pol,9.544710793,9.54E-08,1.60E-05,FMDA_METME,up
TRINITY_DN7772_c0_g1_i9,Pol,Post-pol,9.543642627,1.41E-07,2.22E-05,ATXR2_ARATH,up
TRINITY_DN4927_c0_g1_i8,Pol,Post-pol,9.525390847,9.93E-08,1.65E-05,SDN1_ARATH,up
TRINITY_DN6025_c0_g1_i17,Pol,Post-pol,9.494232393,1.28E-07,2.07E-05,DEGP2_ARATH,up
TRINITY_DN3135_c0_g1_i4,Pol,Post-pol,9.482555605,1.45E-07,2.26E-05,SPSY_ARATH,up
TRINITY_DN2012_c0_g1_i2,Pol,Post-pol,9.46844476,1.66E-07,2.52E-05,Y2982_ORYSJ,up
TRINITY_DN10758_c0_g1_i26,Pol,Post-pol,9.453722046,1.13E-06,0.000119679,SMC6B_ARATH,up
TRINITY_DN1592_c0_g1_i8,Pol,Post-pol,9.434566333,4.59E-07,5.71E-05,C2D61_ARATH,up
TRINITY_DN4712_c0_g1_i1,Pol,Post-pol,9.432694089,7.82E-07,8.95E-05,XLG3_ARATH,up
TRINITY_DN14183_c0_g1_i1,Pol,Post-pol,9.428004797,1.98E-07,2.88E-05,UFD1_MOUSE,up
TRINITY_DN7362_c0_g1_i8,Pol,Post-pol,9.414330252,2.63E-05,0.001406119,SRL2_ORYSJ,up
TRINITY_DN4253_c0_g1_i13,Pol,Post-pol,9.397396332,3.99E-07,5.11E-05,EI24_ARATH,up
TRINITY_DN748_c0_g1_i13,Pol,Post-pol,9.385052509,1.30E-06,0.000133845,BIOF_ARATH,up
TRINITY_DN3458_c0_g1_i18,Pol,Post-pol,9.384863518,8.69E-07,9.66E-05,TAUE3_ARATH,up
TRINITY_DN13968_c0_g1_i21,Pol,Post-pol,9.383723899,2.99E-07,4.07E-05,NFD4_ARATH,up
TRINITY_DN10883_c0_g1_i5,Pol,Post-pol,9.382810236,4.68E-06,0.000357751,ANK3_MOUSE,up
TRINITY_DN14668_c0_g1_i5,Pol,Post-pol,9.376594601,2.54E-07,3.53E-05,GLRX1_RICCN,up
TRINITY_DN2092_c0_g1_i12,Pol,Post-pol,9.366832828,5.97E-07,7.19E-05,FRS6_ARATH,up
TRINITY_DN3226_c0_g2_i3,Pol,Post-pol,9.362906073,3.84E-07,4.99E-05,THLP1_ARATH,up
TRINITY_DN8974_c0_g1_i14,Pol,Post-pol,9.360724829,1.77E-06,0.00016891,TOP1_RICBR,up
TRINITY_DN9387_c0_g1_i5,Pol,Post-pol,9.352598914,3.24E-07,4.34E-05,SC24B_HUMAN,up
TRINITY_DN13348_c0_g1_i20,Pol,Post-pol,9.351226112,8.70E-07,9.66E-05,COLD1_ORYSI,up
TRINITY_DN4275_c0_g1_i1,Pol,Post-pol,9.348040372,6.01E-07,7.23E-05,EI2BE_RAT,up
TRINITY_DN11912_c0_g1_i8,Pol,Post-pol,9.321782512,7.61E-07,8.75E-05,UGAL1_ARATH,up
TRINITY_DN34_c0_g1_i7,Pol,Post-pol,9.317242445,2.52E-06,0.000218365,LHY_PETHY,up
TRINITY_DN511_c0_g1_i3,Pol,Post-pol,9.311836391,1.63E-06,0.000160688,ERD2_CAEBR,up
TRINITY_DN9445_c0_g1_i2,Pol,Post-pol,9.302049593,4.89E-07,6.04E-05,ATB13_ARATH,up
TRINITY_DN1391_c0_g1_i3,Pol,Post-pol,9.291938848,4.95E-07,6.09E-05,NDX1_SOLLC,up
TRINITY_DN5064_c0_g1_i5,Pol,Post-pol,9.270992037,1.07E-06,0.00011551,OSA15_ORYSJ,up
TRINITY_DN8418_c0_g1_i1,Pol,Post-pol,9.266189085,5.46E-07,6.66E-05,RSLE2_ORYSJ,up
TRINITY_DN1171_c0_g1_i9,Pol,Post-pol,9.252991677,1.10E-06,0.000116657,BGA15_ORYSJ,up
TRINITY_DN11763_c0_g1_i6,Pol,Post-pol,9.249367361,1.22E-06,0.000126707,PHT1_ORYSJ,up
TRINITY_DN2109_c0_g1_i7,Pol,Post-pol,9.243497514,1.79E-06,0.000170265,MAP1B_ARATH,up
TRINITY_DN2727_c0_g1_i61,Pol,Post-pol,9.24103256,2.34E-05,0.001270608,MENE_ARATH,up
TRINITY_DN1811_c0_g1_i9,Pol,Post-pol,9.233929538,5.94E-05,0.002686917,BAG6_ARATH,up
TRINITY_DN7455_c0_g1_i1,Pol,Post-pol,9.228962248,1.60E-06,0.000157934,HTSF1_MOUSE,up
TRINITY_DN8252_c0_g1_i3,Pol,Post-pol,9.222973319,3.02E-05,0.001567472,DNJB1_HUMAN,up
TRINITY_DN6372_c0_g1_i1,Pol,Post-pol,9.218174425,6.84E-07,8.00E-05,PRP2A_ORYSJ,up
TRINITY_DN4102_c0_g1_i2,Pol,Post-pol,9.21376668,1.77E-05,0.001022994,GME1_ORYSJ,up
TRINITY_DN3511_c0_g1_i6,Pol,Post-pol,9.204732521,8.33E-07,9.38E-05,UBP5_ARATH,up
TRINITY_DN3969_c1_g1_i66,Pol,Post-pol,9.198030684,3.97E-05,0.00193331,HSD1B_ARATH,up
TRINITY_DN2064_c0_g1_i36,Pol,Post-pol,9.196859447,9.84E-07,0.000107434,VPS3_ARATH,up
TRINITY_DN7536_c0_g1_i15,Pol,Post-pol,9.191776748,9.51E-07,0.000105254,FGT1_ARATH,up
TRINITY_DN583_c0_g1_i5,Pol,Post-pol,9.185238005,4.77E-06,0.000362849,CB5_ARATH,up
TRINITY_DN1750_c0_g1_i13,Pol,Post-pol,9.184395518,1.26E-06,0.000130626,Y4869_ORYSJ,up
TRINITY_DN4713_c0_g1_i11,Pol,Post-pol,9.18214356,1.13E-05,0.000725478,UXT3_ARATH,up
TRINITY_DN2137_c0_g1_i11,Pol,Post-pol,9.177920572,3.15E-06,0.000260526,SPL16_ORYSJ,up
TRINITY_DN133_c0_g1_i8,Pol,Post-pol,9.157472278,3.31E-06,0.000269886,DNAJ_CLOTE,up
TRINITY_DN9248_c0_g1_i52,Pol,Post-pol,9.134721546,2.29E-06,0.000206075,HERK_ARATH,up
TRINITY_DN1972_c0_g1_i15,Pol,Post-pol,9.118988818,1.39E-06,0.000139901,KEG_ARATH,up
TRINITY_DN1483_c0_g1_i9,Pol,Post-pol,9.11671099,2.90E-06,0.000244516,PP349_ARATH,up
TRINITY_DN4864_c0_g1_i5,Pol,Post-pol,9.112881519,1.34E-06,0.000136601,PPA18_ARATH,up
TRINITY_DN6828_c0_g1_i13,Pol,Post-pol,9.110939709,2.71E-06,0.000230428,RM45_DROME,up
TRINITY_DN1703_c0_g1_i6,Pol,Post-pol,9.108633476,4.73E-05,0.002223421,WRK40_ARATH,up
TRINITY_DN5989_c0_g1_i16,Pol,Post-pol,9.102139104,2.01E-05,0.001129374,CH60C_ARATH,up
TRINITY_DN3204_c1_g1_i5,Pol,Post-pol,9.097399116,2.13E-06,0.00019496,COL5_ARATH,up
TRINITY_DN4034_c0_g1_i71,Pol,Post-pol,9.093185665,1.44E-05,0.00087623,TGT_XENTR,up
TRINITY_DN5827_c0_g1_i32,Pol,Post-pol,9.090551865,4.18E-06,0.000326495,CHLD_TOBAC,up
TRINITY_DN188_c0_g1_i102,Pol,Post-pol,9.084374109,4.31E-06,0.000333669,CF107_ARATH,up
TRINITY_DN2678_c0_g1_i6,Pol,Post-pol,9.083468979,1.58E-06,0.000157135,TOR_ORYSJ,up
TRINITY_DN3155_c0_g1_i2,Pol,Post-pol,9.081962671,2.22E-06,0.000201035,ZSWM7_DANRE,up
TRINITY_DN805_c0_g1_i28,Pol,Post-pol,9.068712304,1.78E-06,0.000169562,GGAP1_ARATH,up
TRINITY_DN13284_c0_g1_i8,Pol,Post-pol,9.064629776,2.45E-06,0.000214663,RHD31_ORYSJ,up
TRINITY_DN202_c0_g1_i13,Pol,Post-pol,9.060080774,2.70E-06,0.000229763,PD338_ARATH,up
TRINITY_DN10208_c0_g1_i2,Pol,Post-pol,9.058598889,1.91E-06,0.000178747,ORC1_ORYSJ,up
TRINITY_DN9425_c0_g1_i19,Pol,Post-pol,9.046369408,2.57E-06,0.0002219,ROC8_ORYSJ,up
TRINITY_DN255_c0_g1_i16,Pol,Post-pol,9.045019096,8.10E-06,0.000561871,OPA3_SCHPO,up
TRINITY_DN9796_c0_g1_i8,Pol,Post-pol,9.042833333,5.02E-06,0.000377922,WDR44_XENLA,up
TRINITY_DN4660_c0_g1_i24,Pol,Post-pol,9.041996666,2.02E-06,0.0001872,NTO1_YEAST,up
TRINITY_DN8988_c0_g1_i3,Pol,Post-pol,9.041441856,2.59E-06,0.000221981,PP151_ARATH,up
TRINITY_DN524_c0_g1_i50,Pol,Post-pol,9.041200037,2.05E-06,0.000189599,YGI3_SCHPO,up
TRINITY_DN3204_c1_g1_i6,Pol,Post-pol,9.037885498,3.11E-06,0.000257645,COL5_ARATH,up
TRINITY_DN4904_c0_g1_i8,Pol,Post-pol,9.037130515,2.45E-06,0.000214663,CPSF3_ARATH,up
TRINITY_DN3956_c0_g1_i4,Pol,Post-pol,9.027248969,2.40E-06,0.00021209,P4KG8_ARATH,up
TRINITY_DN666_c0_g1_i4,Pol,Post-pol,9.022343418,2.25E-06,0.000202798,RTNLP_ARATH,up
TRINITY_DN1199_c0_g2_i2,Pol,Post-pol,9.021537591,2.38E-06,0.000211728,XRN4_ARATH,up
TRINITY_DN603_c0_g1_i21,Pol,Post-pol,9.015319107,3.36E-06,0.000272976,GONS3_ARATH,up
TRINITY_DN14131_c0_g1_i16,Pol,Post-pol,9.010926326,2.87E-05,0.001506972,CDC7_MOUSE,up
TRINITY_DN1483_c0_g1_i1,Pol,Post-pol,8.997531582,3.41E-05,0.001713773,PP349_ARATH,up
TRINITY_DN3350_c0_g1_i18,Pol,Post-pol,8.992068202,3.25E-06,0.000267369,CSC1_ARATH,up
TRINITY_DN2064_c0_g1_i61,Pol,Post-pol,8.991310028,4.33E-06,0.000334787,VPS3_ARATH,up
TRINITY_DN479_c0_g1_i21,Pol,Post-pol,8.978216795,2.93E-06,0.00024578,PIGA_ARATH,up
TRINITY_DN649_c0_g1_i96,Pol,Post-pol,8.971247286,3.22E-06,0.000265688,LAMP1_ARATH,up
TRINITY_DN5350_c0_g1_i6,Pol,Post-pol,8.968762581,3.92E-06,0.000310386,ACLA2_ORYSJ,up
TRINITY_DN333_c0_g1_i22,Pol,Post-pol,8.966609244,3.27E-06,0.000268854,PDL2_ARATH,up
TRINITY_DN737_c0_g1_i12,Pol,Post-pol,8.962329613,3.64E-06,0.000291605,UKL1_ARATH,up
TRINITY_DN2995_c0_g1_i1,Pol,Post-pol,8.961646912,4.67E-05,0.00220089,IRX9L_ORYSJ,up
TRINITY_DN1249_c0_g1_i24,Pol,Post-pol,8.960905132,6.55E-06,0.000471201,RNZ1_ARATH,up
TRINITY_DN7296_c0_g1_i21,Pol,Post-pol,8.952229572,5.96E-06,0.000436294,DNAJ1_ARATH,up
TRINITY_DN5895_c0_g1_i57,Pol,Post-pol,8.95078536,1.31E-05,0.000817114,YAI5_SCHPO,up
TRINITY_DN1691_c0_g1_i27,Pol,Post-pol,8.945916949,3.42E-05,0.001717316,PLST3_ARATH,up
TRINITY_DN3692_c0_g1_i5,Pol,Post-pol,8.934388889,4.80E-06,0.000363312,QQT1_ARATH,up
TRINITY_DN5336_c0_g1_i7,Pol,Post-pol,8.915653781,4.50E-05,0.002140388,COAC1_MAIZE,up
TRINITY_DN9083_c0_g1_i2,Pol,Post-pol,8.910929374,7.14E-06,0.000509236,CDP1_ARATH,up
TRINITY_DN384_c0_g1_i13,Pol,Post-pol,8.910124212,5.29E-06,0.000394741,HBP1C_WHEAT,up
TRINITY_DN11970_c0_g1_i3,Pol,Post-pol,8.907841019,7.30E-06,0.0005155,XPO7_CHICK,up
TRINITY_DN4275_c0_g1_i2,Pol,Post-pol,8.884299319,1.03E-05,0.000674354,EI2BE_RAT,up
TRINITY_DN924_c0_g1_i7,Pol,Post-pol,8.883129535,7.94E-06,0.000553706,NRPA1_ARATH,up
TRINITY_DN19662_c0_g2_i5,Pol,Post-pol,8.877186568,1.40E-05,0.000857937,YLBH_BACSU,up
TRINITY_DN8253_c0_g1_i1,Pol,Post-pol,8.86607507,6.52E-06,0.000470944,SBT4_LOTJA,up
TRINITY_DN2471_c0_g1_i9,Pol,Post-pol,8.859996385,9.25E-06,0.000620592,UGE1_ARATH,up
TRINITY_DN9668_c0_g1_i6,Pol,Post-pol,8.853268401,6.35E-06,0.000461455,NGBR_DANRE,up
TRINITY_DN7260_c0_g1_i3,Pol,Post-pol,8.838748702,4.32E-05,0.00206988,MANA1_ARATH,up
TRINITY_DN4964_c0_g1_i15,Pol,Post-pol,8.817627913,2.52E-05,0.001352289,NOC2L_ORYSJ,up
TRINITY_DN1096_c0_g1_i13,Pol,Post-pol,8.809694749,1.78E-05,0.001024904,ZW10_ARATH,up
TRINITY_DN12999_c0_g1_i1,Pol,Post-pol,8.808441822,1.16E-05,0.000735343,SCAPE_HUMAN,up
TRINITY_DN5190_c0_g1_i6,Pol,Post-pol,8.806339599,1.04E-05,0.000680253,C3H55_ORYSJ,up
TRINITY_DN6420_c0_g1_i5,Pol,Post-pol,8.803304521,8.32E-06,0.00057042,WDR20_HUMAN,up
TRINITY_DN2730_c0_g1_i9,Pol,Post-pol,8.802364361,8.16E-06,0.000564207,SCRK6_ARATH,up
TRINITY_DN3105_c0_g1_i6,Pol,Post-pol,8.80093144,1.93E-05,0.001095773,XTH32_ARATH,up
TRINITY_DN2379_c0_g1_i1,Pol,Post-pol,8.797950253,2.69E-05,0.001430795,AIP12_ARATH,up
TRINITY_DN5368_c0_g1_i10,Pol,Post-pol,8.783187171,1.09E-05,0.00070149,CHMO_ARATH,up
TRINITY_DN7219_c0_g1_i30,Pol,Post-pol,8.780350983,1.02E-05,0.000669378,DTX16_ARATH,up
TRINITY_DN3555_c0_g1_i14,Pol,Post-pol,8.776410247,1.23E-05,0.000772973,PBL27_ARATH,up
TRINITY_DN1136_c0_g1_i26,Pol,Post-pol,8.767466651,2.24E-05,0.001230707,FPGS2_ARATH,up
TRINITY_DN13256_c0_g1_i17,Pol,Post-pol,8.763345019,1.02E-05,0.00067085,CIPKO_ORYSJ,up
TRINITY_DN2482_c0_g1_i3,Pol,Post-pol,8.75525641,1.08E-05,0.000695922,WRK70_ARATH,up
TRINITY_DN333_c0_g1_i8,Pol,Post-pol,8.739788396,1.66E-05,0.00097108,PDL2_ARATH,up
TRINITY_DN1469_c0_g1_i4,Pol,Post-pol,8.739421211,4.54E-05,0.00214996,NSTU2_ARATH,up
TRINITY_DN8253_c0_g1_i3,Pol,Post-pol,8.736297352,1.61E-05,0.00095256,SBT4_LOTJA,up
TRINITY_DN4047_c0_g1_i23,Pol,Post-pol,8.73408966,1.84E-05,0.001056274,LYPA2_RAT,up
TRINITY_DN8701_c0_g1_i2,Pol,Post-pol,8.724847965,1.99E-05,0.001123516,KAD2_ORYSJ,up
TRINITY_DN3471_c0_g1_i11,Pol,Post-pol,8.721979586,1.27E-05,0.000797262,MTPC4_ARATH,up
TRINITY_DN17738_c0_g1_i6,Pol,Post-pol,8.718607115,3.93E-05,0.001916654,SYMPK_HUMAN,up
TRINITY_DN8628_c0_g1_i51,Pol,Post-pol,8.713314202,2.03E-05,0.001139871,BUD32_DICDI,up
TRINITY_DN6654_c0_g1_i16,Pol,Post-pol,8.706827761,1.39E-05,0.000857937,GBA2_MOUSE,up
TRINITY_DN9848_c0_g1_i1,Pol,Post-pol,8.700702933,1.55E-05,0.000924756,CCX1_ARATH,up
TRINITY_DN4119_c1_g1_i2,Pol,Post-pol,8.696400413,1.66E-05,0.00097108,HAK13_ORYSJ,up
TRINITY_DN6390_c0_g1_i4,Pol,Post-pol,8.695819751,1.84E-05,0.001055811,ZDH15_ARATH,up
TRINITY_DN7490_c0_g1_i7,Pol,Post-pol,8.695431968,2.10E-05,0.001171581,HCAR_ORYSJ,up
TRINITY_DN4275_c0_g1_i3,Pol,Post-pol,8.694511673,2.92E-05,0.001526888,EI2BE_RAT,up
TRINITY_DN13348_c0_g1_i28,Pol,Post-pol,8.693819019,1.49E-05,0.00089914,COLD1_ORYSJ,up
TRINITY_DN4631_c0_g1_i16,Pol,Post-pol,8.685366644,6.17E-05,0.002772787,EER5_ARATH,up
TRINITY_DN1084_c0_g1_i20,Pol,Post-pol,8.673431168,1.67E-05,0.00097601,MARH3_XENTR,up
TRINITY_DN24105_c0_g1_i12,Pol,Post-pol,8.664451002,3.04E-05,0.0015768,FANCM_ARATH,up
TRINITY_DN11242_c0_g1_i12,Pol,Post-pol,8.647710316,2.23E-05,0.001225221,BASS1_ORYSJ,up
TRINITY_DN11708_c0_g1_i37,Pol,Post-pol,8.639840747,4.10E-05,0.001978508,MPPA_SOLTU,up
TRINITY_DN1400_c0_g1_i19,Pol,Post-pol,8.635794069,2.10E-05,0.00117006,RSMH_PARUW,up
TRINITY_DN3101_c0_g1_i8,Pol,Post-pol,8.620772443,2.22E-05,0.001225221,MTM1_ARATH,up
TRINITY_DN296_c0_g1_i1,Pol,Post-pol,8.610457914,2.80E-05,0.001481948,CAMT3_PETHY,up
TRINITY_DN1280_c0_g1_i3,Pol,Post-pol,8.596109714,5.03E-05,0.002343452,HEN4_ARATH,up
TRINITY_DN3232_c0_g1_i12,Pol,Post-pol,8.594393424,2.57E-05,0.001381626,SIZ1_ARATH,up
TRINITY_DN8238_c0_g1_i8,Pol,Post-pol,8.593708775,4.39E-05,0.002094002,SRPK_PHYPO,up
TRINITY_DN9643_c0_g1_i9,Pol,Post-pol,8.586994161,3.14E-05,0.001604006,ASHR1_ARATH,up
TRINITY_DN6333_c0_g1_i11,Pol,Post-pol,8.583506184,4.56E-05,0.002152864,SAC4_ARATH,up
TRINITY_DN8959_c0_g1_i6,Pol,Post-pol,8.582489581,3.41E-05,0.001713773,CCR4F_ARATH,up
TRINITY_DN3680_c0_g1_i5,Pol,Post-pol,8.579234734,3.07E-05,0.001591328,TAUE3_ARATH,up
TRINITY_DN2739_c0_g1_i5,Pol,Post-pol,8.565944142,9.12E-05,0.003762552,RGAPX_ARATH,up
TRINITY_DN4790_c0_g1_i2,Pol,Post-pol,8.557504665,4.53E-05,0.002147563,GALM_BOVIN,up
TRINITY_DN13097_c0_g1_i11,Pol,Post-pol,8.548517695,5.44E-05,0.002493729,PIGM_ARATH,up
TRINITY_DN10596_c0_g1_i4,Pol,Post-pol,8.547017919,6.77E-05,0.0030022,GLTB_ORYSJ,up
TRINITY_DN7684_c0_g1_i1,Pol,Post-pol,8.538027521,6.42E-05,0.002868974,PPP7L_ARATH,up
TRINITY_DN1068_c0_g1_i10,Pol,Post-pol,8.528118089,3.72E-05,0.001840993,HTPX2_METAC,up
TRINITY_DN6785_c0_g1_i19,Pol,Post-pol,8.50556499,5.05E-05,0.002349926,MORC2_ARATH,up
TRINITY_DN4363_c0_g1_i8,Pol,Post-pol,8.500370893,6.55E-05,0.002913051,NRPC2_ARATH,up
TRINITY_DN258_c0_g1_i9,Pol,Post-pol,8.496679731,5.43E-05,0.002492543,U91C1_ARATH,up
TRINITY_DN4367_c0_g1_i2,Pol,Post-pol,8.493227503,4.84E-05,0.002271145,FAX2_ARATH,up
TRINITY_DN1662_c0_g1_i7,Pol,Post-pol,8.491018062,6.98E-05,0.003065565,LACS2_ARATH,up
TRINITY_DN1328_c0_g1_i3,Pol,Post-pol,8.486892843,8.29E-05,0.003506584,CYT6_ARATH,up
TRINITY_DN10813_c0_g1_i2,Pol,Post-pol,8.478509724,8.90E-05,0.003702971,SRS2L_ARATH,up
TRINITY_DN13097_c0_g1_i14,Pol,Post-pol,8.458328742,5.47E-05,0.002505278,GL21_ORYSJ,up
TRINITY_DN6502_c0_g1_i29,Pol,Post-pol,8.452558177,6.39E-05,0.002860342,TUR2_SPIPO,up
TRINITY_DN13894_c0_g1_i4,Pol,Post-pol,8.443581436,8.24E-05,0.003499442,MTM1_ARATH,up
TRINITY_DN1992_c0_g1_i27,Pol,Post-pol,8.44318785,5.88E-05,0.002668772,AB1K7_ARATH,up
TRINITY_DN819_c0_g1_i6,Pol,Post-pol,8.433421624,6.84E-05,0.003017831,KLDC4_MOUSE,up
TRINITY_DN9186_c0_g1_i12,Pol,Post-pol,8.422025415,7.36E-05,0.003211683,PTBP3_ARATH,up
TRINITY_DN1526_c0_g1_i15,Pol,Post-pol,8.414907964,8.07E-05,0.003448202,GEK1_ARATH,up
TRINITY_DN5321_c0_g1_i5,Pol,Post-pol,8.408955091,7.19E-05,0.003149831,Y3589_ARATH,up
TRINITY_DN3471_c0_g1_i12,Pol,Post-pol,8.386924107,7.53E-05,0.003270434,MTPC4_ARATH,up
TRINITY_DN10471_c0_g1_i1,Pol,Post-pol,8.367784795,8.38E-05,0.003540876,UREH_BACSB,up
TRINITY_DN3886_c0_g1_i2,Pol,Post-pol,8.364553542,8.81E-05,0.003679428,HSF30_SOLPE,up
TRINITY_DN3369_c0_g1_i8,Pol,Post-pol,8.362921265,9.79E-05,0.003999178,ATXR6_ARATH,up
TRINITY_DN2666_c0_g1_i12,Pol,Post-pol,8.360035271,9.22E-05,0.003791996,PRH_ARATH,up
TRINITY_DN7172_c0_g1_i31,Pol,Post-pol,8.359525899,3.02E-06,0.000252926,FKB70_WHEAT,up
TRINITY_DN820_c0_g1_i4,Pol,Post-pol,8.313599252,2.12E-06,0.000194579,SBT_MEDTR,up
TRINITY_DN7172_c0_g1_i20,Pol,Post-pol,8.190671981,4.29E-07,5.37E-05,FKB62_ARATH,up
TRINITY_DN16445_c0_g1_i6,Pol,Post-pol,7.726604356,1.86E-25,1.08E-21,HS22M_SOYBN,up
TRINITY_DN122_c0_g1_i4,Pol,Post-pol,7.669062461,3.00E-05,0.001562465,NET4A_ARATH,up
TRINITY_DN1821_c0_g1_i1,Pol,Post-pol,7.490070156,1.21E-09,4.65E-07,HS704_ARATH,up
TRINITY_DN11132_c0_g1_i2,Pol,Post-pol,7.362527096,1.33E-16,4.91E-13,SPL8_ARATH,up
TRINITY_DN1703_c0_g1_i12,Pol,Post-pol,7.043793961,4.84E-05,0.002271145,WRK40_ARATH,up
TRINITY_DN8253_c0_g1_i4,Pol,Post-pol,7.009614826,3.09E-06,0.000257296,SBT4_LOTJA,up
TRINITY_DN3886_c0_g1_i1,Pol,Post-pol,6.972478337,3.90E-09,1.24E-06,HSF30_SOLPE,up
TRINITY_DN4591_c0_g1_i2,Pol,Post-pol,6.903347263,1.37E-28,1.12E-24,PNAA_PRUDU,up
TRINITY_DN81_c0_g1_i1,Pol,Post-pol,6.898492949,1.11E-09,4.42E-07,PPA1_SOLLC,up
TRINITY_DN820_c0_g1_i1,Pol,Post-pol,6.879672838,1.91E-10,1.05E-07,SBT3_LOTJA,up
TRINITY_DN19068_c0_g1_i1,Pol,Post-pol,6.740796891,3.54E-08,7.24E-06,CNGC4_ARATH,up
TRINITY_DN1811_c0_g1_i8,Pol,Post-pol,6.693494908,7.21E-07,8.37E-05,BAG6_ARATH,up
TRINITY_DN820_c0_g1_i5,Pol,Post-pol,6.624509629,1.34E-06,0.00013638,SBT3_LOTJA,up
TRINITY_DN21148_c0_g1_i2,Pol,Post-pol,6.427553173,8.94E-14,1.58E-10,MRAY_ARATH,up
TRINITY_DN133_c0_g1_i13,Pol,Post-pol,6.350285128,8.20E-11,5.14E-08,DNAJ_CLOTE,up
TRINITY_DN7172_c0_g1_i4,Pol,Post-pol,6.2131768,6.82E-06,0.00048947,FKB62_ARATH,up
TRINITY_DN1008_c0_g1_i2,Pol,Post-pol,6.076450574,1.01E-12,1.21E-09,TIC40_PEA,up
TRINITY_DN16843_c1_g1_i1,Pol,Post-pol,5.920410147,1.82E-14,4.11E-11,XPT_ARATH,up
TRINITY_DN7584_c0_g1_i5,Pol,Post-pol,5.79800921,1.09E-05,0.00070149,HSP72_SOLLC,up
TRINITY_DN1548_c0_g1_i13,Pol,Post-pol,5.787232652,2.08E-05,0.001164706,SUI12_ARATH,up
TRINITY_DN261_c0_g1_i1,Pol,Post-pol,5.661203271,7.27E-06,0.000514865,FOSB_BACLD,up
TRINITY_DN261_c0_g1_i2,Pol,Post-pol,5.641970726,8.89E-08,1.53E-05,FOSB_BACLD,up
TRINITY_DN28343_c0_g1_i1,Pol,Post-pol,5.611563216,5.95E-05,0.00268829,FUCO1_ARATH,up
TRINITY_DN11970_c0_g1_i6,Pol,Post-pol,5.591199423,2.76E-07,3.76E-05,XPO7_CHICK,up
TRINITY_DN9922_c0_g2_i2,Pol,Post-pol,5.539943599,8.05E-34,1.09E-29,ASOL_TOBAC,up
TRINITY_DN1821_c0_g1_i3,Pol,Post-pol,5.378489349,7.82E-10,3.39E-07,HSP7C_PETHY,up
TRINITY_DN1816_c0_g1_i2,Pol,Post-pol,5.365827866,1.82E-13,2.96E-10,WRK19_ARATH,up
TRINITY_DN1369_c0_g1_i2,Pol,Post-pol,5.199268091,2.04E-05,0.001145985,HS21C_SOLLC,up
TRINITY_DN6158_c1_g2_i2,Pol,Post-pol,5.183979319,4.57E-05,0.002156242,AT4_ORYSJ,up
TRINITY_DN530_c0_g1_i2,Pol,Post-pol,5.18148779,1.58E-05,0.000942451,BAG5_ARATH,up
TRINITY_DN3142_c0_g1_i2,Pol,Post-pol,5.131466794,2.80E-13,4.08E-10,HS186_ORYSJ,up
TRINITY_DN1760_c0_g1_i3,Pol,Post-pol,5.082783426,1.44E-14,3.46E-11,SCAM1_ORYSI,up
TRINITY_DN1821_c0_g1_i2,Pol,Post-pol,5.022524141,1.72E-08,4.08E-06,HSP71_SOLLC,up
TRINITY_DN3142_c0_g1_i1,Pol,Post-pol,4.969843519,2.48E-10,1.31E-07,HS186_ORYSJ,up
TRINITY_DN851_c0_g1_i3,Pol,Post-pol,4.93880699,2.15E-07,3.07E-05,HSP83_ORYSJ,up
TRINITY_DN4662_c0_g1_i3,Pol,Post-pol,4.903055815,1.18E-08,3.03E-06,GSTFC_ARATH,up
TRINITY_DN5872_c0_g1_i1,Pol,Post-pol,4.884112356,1.77E-38,3.60E-34,PNAA_PRUDU,up
TRINITY_DN1212_c0_g1_i4,Pol,Post-pol,4.847282316,1.71E-09,6.10E-07,HSP83_IPONI,up
TRINITY_DN13776_c0_g1_i2,Pol,Post-pol,4.834047093,1.76E-26,1.19E-22,CALR_PRUAR,up
TRINITY_DN1369_c0_g2_i1,Pol,Post-pol,4.779395767,7.59E-05,0.00328954,HS25P_ARATH,up
TRINITY_DN2862_c0_g1_i1,Pol,Post-pol,4.777468748,1.03E-06,0.000111573,ALL8_OLEEU,up
TRINITY_DN1239_c0_g1_i1,Pol,Post-pol,4.749117692,4.24E-07,5.35E-05,SBT14_ARATH,up
TRINITY_DN1180_c0_g1_i1,Pol,Post-pol,4.737060653,2.08E-07,3.01E-05,FKB62_ARATH,up
TRINITY_DN16445_c0_g1_i1,Pol,Post-pol,4.712170967,1.66E-05,0.00097108,HS23C_OXYRB,up
TRINITY_DN96_c0_g1_i5,Pol,Post-pol,4.631503497,6.70E-07,7.87E-05,AHSA_DICDI,up
TRINITY_DN6487_c1_g1_i2,Pol,Post-pol,4.608209291,1.23E-05,0.000772973,SWT15_ORYSI,up
TRINITY_DN1605_c0_g1_i12,Pol,Post-pol,4.554937476,7.37E-05,0.003212953,CLPB1_ARATH,up
TRINITY_DN1281_c0_g1_i5,Pol,Post-pol,4.54072582,6.27E-07,7.50E-05,4CLLA_ARATH,up
TRINITY_DN1369_c0_g1_i1,Pol,Post-pol,4.465125718,1.63E-06,0.000160828,HS21C_SOLLC,up
TRINITY_DN8259_c0_g1_i1,Pol,Post-pol,4.370821905,2.55E-08,5.61E-06,MBF1C_ARATH,up
TRINITY_DN820_c0_g2_i1,Pol,Post-pol,4.329605384,5.04E-06,0.000378724,SBT4_LOTJA,up
TRINITY_DN227_c0_g2_i2,Pol,Post-pol,4.287862411,1.13E-08,2.97E-06,DHE2_ARATH,up
TRINITY_DN7172_c0_g1_i2,Pol,Post-pol,4.170898495,6.69E-07,7.87E-05,FKB62_ARATH,up
TRINITY_DN1450_c0_g1_i3,Pol,Post-pol,4.170356133,4.71E-11,3.37E-08,HS22M_PEA,up
TRINITY_DN9139_c0_g2_i2,Pol,Post-pol,4.164646961,3.90E-39,1.59E-34,GSTUN_ARATH,up
TRINITY_DN5895_c0_g1_i48,Pol,Post-pol,4.146852593,3.97E-06,0.000312613,YAI5_SCHPO,up
TRINITY_DN2389_c0_g1_i2,Pol,Post-pol,4.14377003,1.08E-05,0.000699328,RBL14_ARATH,up
TRINITY_DN2174_c0_g2_i1,Pol,Post-pol,4.139951219,9.09E-15,2.32E-11,SBT4_LOTJA,up
TRINITY_DN4640_c0_g1_i2,Pol,Post-pol,4.098963455,1.89E-05,0.001079172,P2C02_ARATH,up
TRINITY_DN894_c0_g1_i29,Pol,Post-pol,4.05679293,2.17E-05,0.001205389,HFA2D_ORYSJ,up
TRINITY_DN7916_c0_g1_i2,Pol,Post-pol,4.039852091,2.90E-09,9.85E-07,P2C78_ORYSJ,up
TRINITY_DN6884_c0_g1_i6,Pol,Post-pol,3.923213351,8.65E-05,0.003627055,SLAH2_ARATH,up
TRINITY_DN851_c0_g1_i4,Pol,Post-pol,3.922426762,3.87E-09,1.24E-06,HSP83_ORYSJ,up
TRINITY_DN7522_c0_g1_i20,Pol,Post-pol,3.913909613,1.13E-08,2.97E-06,HSP11_MEDSA,up
TRINITY_DN2073_c0_g1_i3,Pol,Post-pol,3.808602291,1.40E-05,0.000857937,YAM3_SCHPO,up
TRINITY_DN851_c0_g1_i2,Pol,Post-pol,3.808141082,6.19E-11,4.20E-08,HSP83_ORYSJ,up
TRINITY_DN11798_c0_g1_i58,Pol,Post-pol,3.733149922,7.68E-05,0.003320486,PGLR4_ARATH,up
TRINITY_DN52_c0_g1_i12,Pol,Post-pol,3.722440422,1.43E-09,5.28E-07,GASAB_ARATH,up
TRINITY_DN7403_c0_g1_i2,Pol,Post-pol,3.696360781,2.25E-05,0.00123581,GSTUO_ARATH,up
TRINITY_DN5291_c0_g1_i3,Pol,Post-pol,3.649359467,1.64E-15,5.14E-12,SBT4_LOTJA,up
TRINITY_DN1762_c0_g1_i3,Pol,Post-pol,3.615730546,3.12E-05,0.001600491,UBA2C_ARATH,up
TRINITY_DN4968_c0_g1_i2,Pol,Post-pol,3.585041906,3.43E-07,4.55E-05,NUD13_ARATH,up
TRINITY_DN4855_c0_g1_i7,Pol,Post-pol,3.582531961,4.50E-13,5.92E-10,ABAH3_ORYSJ,up
TRINITY_DN4102_c0_g1_i5,Pol,Post-pol,3.566148248,3.89E-06,0.000308226,GME2_ORYSJ,up
TRINITY_DN1302_c0_g1_i21,Pol,Post-pol,3.564056185,1.19E-06,0.000123981,TPP6_ORYSJ,up
TRINITY_DN7403_c0_g1_i12,Pol,Post-pol,3.468542524,3.29E-06,0.000269071,GSTUO_ARATH,up
TRINITY_DN11486_c0_g2_i10,Pol,Post-pol,3.456427566,1.38E-06,0.00013942,1433_LILLO,up
TRINITY_DN641_c0_g1_i2,Pol,Post-pol,3.42565449,4.02E-12,4.31E-09,TGT3B_ARATH,up
TRINITY_DN4091_c0_g1_i3,Pol,Post-pol,3.396584493,2.15E-06,0.000196045,NAC74_ORYSJ,up
TRINITY_DN943_c0_g1_i22,Pol,Post-pol,3.374527488,1.56E-07,2.40E-05,DJC27_ORYSJ,up
TRINITY_DN12487_c0_g1_i5,Pol,Post-pol,3.343103925,7.83E-08,1.37E-05,MURA2_CARHZ,up
TRINITY_DN13776_c0_g1_i3,Pol,Post-pol,3.335438714,7.28E-06,0.000514946,CALR_PRUAR,up
TRINITY_DN1450_c0_g1_i1,Pol,Post-pol,3.322041771,1.19E-05,0.00075652,HS22M_PEA,up
TRINITY_DN7719_c0_g1_i6,Pol,Post-pol,3.259199684,8.10E-09,2.22E-06,HSP21_SOYBN,up
TRINITY_DN2577_c0_g1_i1,Pol,Post-pol,3.249688334,2.39E-06,0.000211748,HSP7S_PEA,up
TRINITY_DN12491_c0_g1_i1,Pol,Post-pol,3.248216629,3.71E-07,4.85E-05,CML42_ARATH,up
TRINITY_DN4375_c0_g1_i2,Pol,Post-pol,3.2334838,6.84E-06,0.000489985,DNJH_ATRNU,up
TRINITY_DN6573_c0_g1_i2,Pol,Post-pol,3.158221052,1.21E-05,0.000762702,SCL28_ARATH,up
TRINITY_DN5606_c0_g1_i18,Pol,Post-pol,3.128615778,1.15E-08,2.97E-06,SBT3_LOTJA,up
TRINITY_DN8969_c0_g1_i1,Pol,Post-pol,3.115871608,1.53E-05,0.000914601,MURB_PARUW,up
TRINITY_DN4528_c0_g1_i7,Pol,Post-pol,3.088316158,2.09E-05,0.001167375,BABA2_XENTR,up
TRINITY_DN2641_c0_g1_i1,Pol,Post-pol,3.069251238,2.93E-05,0.001528113,NHL10_ARATH,up
TRINITY_DN5317_c0_g1_i1,Pol,Post-pol,3.053281754,5.07E-05,0.002356334,GID1C_ARATH,up
TRINITY_DN86_c0_g1_i3,Pol,Post-pol,3.047889463,1.82E-08,4.26E-06,UBQ11_ARATH,up
TRINITY_DN9036_c0_g1_i1,Pol,Post-pol,3.044402645,5.22E-05,0.002408782,DESI1_XENLA,up
TRINITY_DN19_c0_g3_i2,Pol,Post-pol,3.037442585,1.06E-05,0.000686585,HSP7C_PETHY,up
TRINITY_DN2866_c0_g1_i11,Pol,Post-pol,3.021924459,1.25E-07,2.04E-05,GDL15_ARATH,up
TRINITY_DN2674_c0_g1_i4,Pol,Post-pol,3.008188873,1.59E-13,2.70E-10,OBL1_TOBAC,up
TRINITY_DN5025_c0_g1_i15,Pol,Post-pol,2.969536292,6.53E-06,0.000470944,PLAT1_ARATH,up
TRINITY_DN3089_c0_g1_i2,Pol,Post-pol,2.949690697,1.77E-06,0.000169132,GSTUH_ARATH,up
TRINITY_DN7316_c0_g1_i1,Pol,Post-pol,2.910363566,2.70E-07,3.71E-05,SAMC1_ARATH,up
TRINITY_DN882_c0_g1_i2,Pol,Post-pol,2.906800391,2.17E-08,5.00E-06,BAG7_ARATH,up
TRINITY_DN2458_c0_g1_i2,Pol,Post-pol,2.898724783,5.40E-08,1.01E-05,Y8948_DICDI,up
TRINITY_DN2220_c0_g1_i1,Pol,Post-pol,2.892674929,2.20E-08,5.03E-06,HSOP3_ARATH,up
TRINITY_DN1564_c0_g1_i6,Pol,Post-pol,2.8387655,2.31E-06,0.000207366,PGLR4_ARATH,up
TRINITY_DN4467_c0_g1_i2,Pol,Post-pol,2.830597248,2.70E-07,3.71E-05,SBT18_ARATH,up
TRINITY_DN11763_c0_g1_i3,Pol,Post-pol,2.825767104,8.72E-05,0.003647199,PHT1_ORYSJ,up
TRINITY_DN5350_c0_g1_i5,Pol,Post-pol,2.814015296,1.98E-09,6.97E-07,ACLA2_ORYSJ,up
TRINITY_DN461_c0_g1_i12,Pol,Post-pol,2.812996052,6.55E-05,0.002913051,SR34A_ARATH,up
TRINITY_DN516_c0_g1_i5,Pol,Post-pol,2.788379225,4.23E-07,5.35E-05,CAX1A_ORYSJ,up
TRINITY_DN7058_c0_g1_i4,Pol,Post-pol,2.777485135,2.69E-08,5.83E-06,SCP3_ARATH,up
TRINITY_DN12496_c0_g1_i2,Pol,Post-pol,2.764815731,8.11E-06,0.000561871,NIP21_MAIZE,up
TRINITY_DN5025_c0_g1_i14,Pol,Post-pol,2.763191753,8.49E-07,9.50E-05,PLAT1_ARATH,up
TRINITY_DN9559_c0_g1_i1,Pol,Post-pol,2.75810722,1.61E-05,0.00095256,LEC2_COLES,up
TRINITY_DN12457_c0_g1_i1,Pol,Post-pol,2.745660491,3.85E-05,0.001888558,BIP5_TOBAC,up
TRINITY_DN8625_c0_g1_i2,Pol,Post-pol,2.714113833,1.24E-05,0.000775623,EIF3M_DICDI,up
TRINITY_DN13657_c0_g2_i5,Pol,Post-pol,2.69184314,1.04E-06,0.000112791,HSP7O_ARATH,up
TRINITY_DN2832_c0_g1_i13,Pol,Post-pol,2.677612178,3.23E-06,0.000266293,BOR2_ARATH,up
TRINITY_DN2878_c0_g1_i2,Pol,Post-pol,2.667640295,1.74E-08,4.10E-06,4CLL6_ARATH,up
TRINITY_DN2686_c0_g1_i2,Pol,Post-pol,2.643254422,2.63E-08,5.76E-06,INV2_ORYSI,up
TRINITY_DN2267_c0_g1_i5,Pol,Post-pol,2.629640133,1.20E-09,4.65E-07,WRK70_SOLLC,up
TRINITY_DN9839_c0_g1_i4,Pol,Post-pol,2.627190576,1.75E-06,0.000168218,HSP7H_ARATH,up
TRINITY_DN1091_c0_g1_i3,Pol,Post-pol,2.62562012,8.70E-10,3.65E-07,CHRC1_ONCHC,up
TRINITY_DN1779_c0_g1_i1,Pol,Post-pol,2.615511802,3.76E-05,0.001858178,RRAA3_ARATH,up
TRINITY_DN4102_c0_g1_i10,Pol,Post-pol,2.613207096,1.62E-07,2.47E-05,GME1_ORYSJ,up
TRINITY_DN649_c0_g2_i1,Pol,Post-pol,2.605759552,6.46E-05,0.002882151,LAMP1_ARATH,up
TRINITY_DN7000_c0_g1_i2,Pol,Post-pol,2.599249239,2.43E-09,8.48E-07,AB10C_ARATH,up
TRINITY_DN3675_c0_g1_i3,Pol,Post-pol,2.598459991,4.23E-10,2.03E-07,LFG4_ARATH,up
TRINITY_DN3413_c0_g1_i10,Pol,Post-pol,2.59716125,2.24E-05,0.001230707,KDSA1_ARATH,up
TRINITY_DN5404_c0_g1_i2,Pol,Post-pol,2.584053238,2.94E-10,1.48E-07,CHIA_SECCE,up
TRINITY_DN1768_c0_g1_i1,Pol,Post-pol,2.556953097,5.68E-06,0.000417574,WRK24_ORYSI,up
TRINITY_DN8841_c0_g1_i2,Pol,Post-pol,2.516697302,1.41E-07,2.22E-05,NIN1_ORYSJ,up
TRINITY_DN339_c0_g1_i1,Pol,Post-pol,2.508248958,8.49E-06,0.000580284,MURE_ARATH,up
TRINITY_DN1937_c0_g1_i9,Pol,Post-pol,2.508089379,3.96E-06,0.000312613,GSTF1_MAIZE,up
TRINITY_DN4375_c0_g1_i3,Pol,Post-pol,2.50661192,2.06E-05,0.001155873,DNJH_CUCSA,up
TRINITY_DN10293_c0_g1_i1,Pol,Post-pol,2.459420596,6.51E-05,0.002901953,BH061_ARATH,up
TRINITY_DN12053_c0_g2_i1,Pol,Post-pol,2.451472899,4.15E-06,0.000324487,UBIQP_HORVU,up
TRINITY_DN339_c0_g2_i2,Pol,Post-pol,2.443711549,4.14E-05,0.0019904,MURE_ARATH,up
TRINITY_DN11768_c0_g1_i2,Pol,Post-pol,2.435679287,4.15E-09,1.30E-06,RUBA_WHEAT,up
TRINITY_DN4562_c0_g1_i1,Pol,Post-pol,2.337377226,4.10E-05,0.001978508,LTG14_ARATH,up
TRINITY_DN2465_c0_g1_i7,Pol,Post-pol,2.32930467,7.25E-05,0.003167524,YITV_BACSU,up
TRINITY_DN8427_c0_g1_i1,Pol,Post-pol,2.316888705,2.21E-05,0.001219713,CHS8_BROFI,up
TRINITY_DN7058_c0_g1_i9,Pol,Post-pol,2.286368417,3.63E-07,4.77E-05,SCP3_ARATH,up
TRINITY_DN1956_c0_g1_i1,Pol,Post-pol,2.280562848,1.31E-05,0.000814875,AATC_ORYSJ,up
TRINITY_DN3103_c0_g1_i2,Pol,Post-pol,2.278573572,5.56E-06,0.000410291,U496D_ORYSJ,up
TRINITY_DN19_c0_g2_i1,Pol,Post-pol,2.252001901,8.40E-07,9.43E-05,HSP72_SOLLC,up
TRINITY_DN345_c0_g1_i1,Pol,Post-pol,2.246257216,4.03E-08,7.96E-06,AGT23_ARATH,up
TRINITY_DN1819_c0_g1_i3,Pol,Post-pol,2.239695899,2.41E-06,0.000212816,GSHRC_ORYSJ,up
TRINITY_DN4340_c0_g1_i15,Pol,Post-pol,2.2349741,3.57E-05,0.001779205,MANA1_ARATH,up
TRINITY_DN1679_c0_g2_i5,Pol,Post-pol,2.2183373,3.50E-05,0.00174884,KIC_ARATH,up
TRINITY_DN1241_c0_g1_i3,Pol,Post-pol,2.205420218,9.93E-09,2.66E-06,FKB70_WHEAT,up
TRINITY_DN12457_c0_g1_i2,Pol,Post-pol,2.199243648,3.90E-05,0.001908201,BIP5_TOBAC,up
TRINITY_DN11519_c0_g1_i2,Pol,Post-pol,2.198422185,1.69E-07,2.55E-05,HSP81_ORYSJ,up
TRINITY_DN3183_c0_g1_i1,Pol,Post-pol,2.17307182,8.53E-06,0.000581861,PHI1_ORYSJ,up
TRINITY_DN4442_c0_g1_i6,Pol,Post-pol,2.133479631,2.98E-06,0.000249705,APX1_PEA,up
TRINITY_DN1454_c0_g1_i1,Pol,Post-pol,2.123139203,7.38E-05,0.003214045,GAE1_ARATH,up
TRINITY_DN5700_c0_g1_i2,Pol,Post-pol,2.115679016,1.63E-11,1.45E-08,ML423_ARATH,up
TRINITY_DN149_c0_g2_i1,Pol,Post-pol,2.112549194,4.03E-05,0.001948734,GLN11_ORYSJ,up
TRINITY_DN77_c0_g2_i2,Pol,Post-pol,2.096508496,7.09E-07,8.28E-05,PLDA1_ORYSJ,up
TRINITY_DN17916_c0_g1_i1,Pol,Post-pol,2.095583025,6.60E-05,0.002932639,XYLA_HORVU,up
TRINITY_DN1553_c0_g1_i10,Pol,Post-pol,2.094552669,1.53E-05,0.000914601,RL3_ORYSJ,up
TRINITY_DN2674_c0_g1_i5,Pol,Post-pol,2.08169504,8.75E-05,0.003657935,OBL1_TOBAC,up
TRINITY_DN2345_c0_g1_i3,Pol,Post-pol,2.081204041,1.20E-05,0.000759093,RUBB_PEA,up
TRINITY_DN11464_c1_g1_i2,Pol,Post-pol,2.062731357,9.37E-06,0.000626102,ASOL_TOBAC,up
TRINITY_DN2072_c0_g1_i9,Pol,Post-pol,2.035220527,1.17E-05,0.000741894,LCAT1_ARATH,up
TRINITY_DN2428_c0_g1_i1,Pol,Post-pol,2.025494304,3.44E-05,0.001720943,CYBP_MOUSE,up
TRINITY_DN1937_c0_g1_i8,Pol,Post-pol,1.99287821,5.75E-05,0.002617457,GSTF1_ORYSJ,up
TRINITY_DN5749_c0_g1_i3,Pol,Post-pol,1.979893632,6.17E-05,0.002772787,AMPL2_ORYSJ,up
TRINITY_DN169_c0_g2_i1,Pol,Post-pol,1.97954983,1.73E-06,0.000166169,CIPK2_ORYSJ,up
TRINITY_DN2740_c0_g1_i3,Pol,Post-pol,1.957286272,4.75E-05,0.002231679,GMPP1_ORYSJ,up
TRINITY_DN4909_c0_g1_i4,Pol,Post-pol,1.9212929,8.76E-06,0.000592847,TIL_ARATH,up
TRINITY_DN3383_c0_g1_i5,Pol,Post-pol,1.915212917,3.09E-05,0.001591328,HT1_ARATH,up
TRINITY_DN231_c0_g1_i9,Pol,Post-pol,1.887159986,8.97E-05,0.003710488,DERL1_ORYSJ,up
TRINITY_DN1252_c0_g1_i1,Pol,Post-pol,1.872164508,1.00E-05,0.000659473,FABG_BACSU,up
TRINITY_DN1863_c0_g1_i2,Pol,Post-pol,1.867300009,2.09E-06,0.000192239,NRPA_SOYBN,up
TRINITY_DN761_c0_g1_i5,Pol,Post-pol,1.84881627,8.40E-05,0.003547333,KN13A_ORYSJ,up
TRINITY_DN1102_c0_g2_i1,Pol,Post-pol,1.839255542,2.27E-05,0.001245255,ROS3_ARATH,up
TRINITY_DN173_c0_g1_i11,Pol,Post-pol,1.828802149,4.39E-06,0.000338127,HSP7S_PEA,up
TRINITY_DN5494_c0_g1_i2,Pol,Post-pol,1.82515376,2.82E-05,0.001487899,PEAM1_ARATH,up
TRINITY_DN12875_c0_g1_i3,Pol,Post-pol,1.818320665,3.21E-07,4.32E-05,CIGR2_ORYSJ,up
TRINITY_DN799_c0_g1_i13,Pol,Post-pol,1.795040648,5.14E-05,0.002379411,CH20_ARATH,up
TRINITY_DN84_c0_g3_i1,Pol,Post-pol,1.731555411,1.05E-05,0.000686396,METK_DENCR,up
TRINITY_DN106_c0_g1_i2,Pol,Post-pol,1.730009948,1.24E-05,0.000775623,BADH1_ARATH,up
TRINITY_DN6339_c1_g2_i1,Pol,Post-pol,1.7285723,3.76E-05,0.001858178,SC61A_DICDI,up
TRINITY_DN5494_c0_g1_i1,Pol,Post-pol,1.715760185,8.98E-05,0.003710488,PEAM1_ARATH,up
TRINITY_DN1937_c0_g1_i4,Pol,Post-pol,1.694512869,3.59E-08,7.30E-06,GSTF1_MAIZE,up
TRINITY_DN173_c0_g1_i16,Pol,Post-pol,1.691307251,7.78E-05,0.003350562,HSP7S_PEA,up
TRINITY_DN4185_c0_g1_i23,Pol,Post-pol,1.688125404,6.84E-05,0.003017831,ARP1_ARATH,up
TRINITY_DN258_c0_g1_i3,Pol,Post-pol,1.649608713,2.71E-05,0.001436902,URT1_FRAAN,up
TRINITY_DN1348_c0_g1_i19,Pol,Post-pol,1.638264337,2.35E-05,0.001278371,Y4833_ARATH,up
TRINITY_DN3293_c0_g1_i5,Pol,Post-pol,1.629681008,1.99E-05,0.001125286,HS906_ARATH,up
TRINITY_DN12037_c0_g1_i2,Pol,Post-pol,1.562107587,8.65E-05,0.003627055,AVT6A_ARATH,up
TRINITY_DN8553_c0_g1_i1,Pol,Post-pol,1.533484451,1.99E-06,0.000185702,PME3_CITSI,up
TRINITY_DN18425_c0_g1_i1,Pol,Post-pol,1.449891644,1.03E-05,0.000674354,PER5_VITVI,up
TRINITY_DN15271_c0_g1_i2,Pol,Post-pol,1.409100931,6.00E-05,0.002704771,CAPP2_SORBI,up
TRINITY_DN1871_c0_g1_i2,Pol,Post-pol,1.301676888,1.73E-05,0.001003182,STR15_ARATH,up
TRINITY_DN980_c0_g1_i9,Pol,Post-pol,-11.37501829,3.34E-13,4.54E-10,SR34_ARATH,down
TRINITY_DN770_c0_g1_i6,Pol,Post-pol,-11.29031273,6.17E-13,7.86E-10,UBC2_ARATH,down
TRINITY_DN2145_c0_g1_i11,Pol,Post-pol,-11.05740127,3.69E-12,4.11E-09,CKL1_ARATH,down
TRINITY_DN375_c0_g1_i33,Pol,Post-pol,-2.574890265,2.28E-11,1.93E-08,MAD16_ORYSJ,down
TRINITY_DN1173_c0_g1_i5,Pol,Post-pol,-2.76891446,2.58E-11,2.10E-08,IAA6_ORYSJ,down
TRINITY_DN1330_c0_g1_i1,Pol,Post-pol,-10.75511177,2.90E-11,2.32E-08,ANL2_ARATH,down
TRINITY_DN12915_c0_g1_i2,Pol,Post-pol,-4.024002947,3.59E-11,2.71E-08,CYQ32_CATRO,down
TRINITY_DN11414_c0_g1_i7,Pol,Post-pol,-10.89537397,4.60E-11,3.37E-08,YD52_SCHPO,down
TRINITY_DN5072_c0_g1_i5,Pol,Post-pol,-3.30322913,6.71E-11,4.41E-08,APRR3_ARATH,down
TRINITY_DN3502_c0_g1_i5,Pol,Post-pol,-11.65804002,7.46E-11,4.76E-08,GUN17_ARATH,down
TRINITY_DN397_c0_g1_i13,Pol,Post-pol,-10.56020445,7.48E-11,4.76E-08,TAF1_ORYSJ,down
TRINITY_DN9117_c0_g1_i35,Pol,Post-pol,-10.98740506,1.51E-10,8.64E-08,LAX3_ARATH,down
TRINITY_DN1235_c0_g1_i5,Pol,Post-pol,-10.45223864,1.60E-10,8.90E-08,IF2B_WHEAT,down
TRINITY_DN6470_c0_g1_i6,Pol,Post-pol,-10.21784655,5.89E-10,2.70E-07,TBCD_ARATH,down
TRINITY_DN1586_c0_g1_i3,Pol,Post-pol,-10.2239292,9.45E-10,3.93E-07,SDF2_ARATH,down
TRINITY_DN1136_c0_g1_i5,Pol,Post-pol,-10.16122972,1.01E-09,4.16E-07,PFBS_ARATH,down
TRINITY_DN3549_c0_g1_i3,Pol,Post-pol,-10.15352104,1.09E-09,4.38E-07,ORC2_ORYSJ,down
TRINITY_DN1235_c0_g1_i13,Pol,Post-pol,-10.2726917,1.13E-09,4.48E-07,IF2B_WHEAT,down
TRINITY_DN9445_c0_g1_i4,Pol,Post-pol,-10.16400425,1.15E-09,4.52E-07,HOX21_ORYSJ,down
TRINITY_DN126_c0_g1_i14,Pol,Post-pol,-11.00160203,1.42E-09,5.28E-07,PIL15_ORYSJ,down
TRINITY_DN127_c0_g1_i11,Pol,Post-pol,-10.61510009,1.74E-09,6.16E-07,PS10B_ARATH,down
TRINITY_DN11484_c0_g1_i1,Pol,Post-pol,-10.26204347,2.53E-09,8.74E-07,KCS20_ORYSJ,down
TRINITY_DN12576_c0_g1_i7,Pol,Post-pol,-10.01803888,2.57E-09,8.81E-07,GATA5_ARATH,down
TRINITY_DN584_c0_g1_i4,Pol,Post-pol,-9.967589884,3.37E-09,1.10E-06,ARFG_ORYSJ,down
TRINITY_DN250_c0_g1_i3,Pol,Post-pol,-10.01027616,3.98E-09,1.26E-06,PUB13_ARATH,down
TRINITY_DN594_c0_g1_i7,Pol,Post-pol,-3.428699804,5.26E-09,1.59E-06,UBP1C_ARATH,down
TRINITY_DN457_c0_g1_i58,Pol,Post-pol,-9.864839513,5.39E-09,1.60E-06,RECQ2_ARATH,down
TRINITY_DN7588_c0_g1_i1,Pol,Post-pol,-10.06185986,5.50E-09,1.61E-06,IF4E1_WHEAT,down
TRINITY_DN1734_c0_g1_i8,Pol,Post-pol,-9.99849851,5.66E-09,1.65E-06,CPSF1_ORYSJ,down
TRINITY_DN4401_c0_g1_i6,Pol,Post-pol,-9.846582239,6.06E-09,1.73E-06,PHL11_ARATH,down
TRINITY_DN917_c0_g1_i2,Pol,Post-pol,-10.29040163,6.61E-09,1.86E-06,SBT38_ARATH,down
TRINITY_DN342_c0_g1_i1,Pol,Post-pol,-9.851563079,7.84E-09,2.16E-06,VP322_ARATH,down
TRINITY_DN6029_c0_g1_i8,Pol,Post-pol,-11.20204069,9.79E-09,2.64E-06,G6PD_SOLTU,down
TRINITY_DN3081_c0_g1_i5,Pol,Post-pol,-9.874890523,1.03E-08,2.73E-06,SRSF6_BOVIN,down
TRINITY_DN3204_c1_g1_i2,Pol,Post-pol,-10.10949354,1.14E-08,2.97E-06,COL5_ARATH,down
TRINITY_DN2644_c0_g1_i13,Pol,Post-pol,-9.756126184,1.17E-08,3.02E-06,CSN5_ORYSJ,down
TRINITY_DN192_c0_g2_i2,Pol,Post-pol,-5.038055841,1.29E-08,3.27E-06,HFB4B_ORYSJ,down
TRINITY_DN4904_c0_g1_i9,Pol,Post-pol,-9.825886557,1.35E-08,3.33E-06,CPSF3_ARATH,down
TRINITY_DN6616_c0_g1_i1,Pol,Post-pol,-10.08752562,1.49E-08,3.63E-06,TMN12_ARATH,down
TRINITY_DN1131_c0_g1_i2,Pol,Post-pol,-9.698955833,1.63E-08,3.95E-06,ACOX1_ARATH,down
TRINITY_DN1171_c0_g1_i2,Pol,Post-pol,-9.861368852,1.67E-08,4.02E-06,BGA15_ORYSJ,down
TRINITY_DN2373_c0_g1_i8,Pol,Post-pol,-9.86052426,1.69E-08,4.04E-06,TBG2_ORYSJ,down
TRINITY_DN3203_c1_g1_i21,Pol,Post-pol,-9.699791697,2.02E-08,4.70E-06,KN7E_ORYSJ,down
TRINITY_DN1483_c0_g1_i19,Pol,Post-pol,-9.902700978,2.15E-08,4.98E-06,PP349_ARATH,down
TRINITY_DN710_c0_g1_i2,Pol,Post-pol,-9.966313933,2.36E-08,5.29E-06,TAF15_ARATH,down
TRINITY_DN11133_c0_g1_i2,Pol,Post-pol,-9.770961996,2.42E-08,5.38E-06,HNRH2_PONAB,down
TRINITY_DN3204_c1_g1_i4,Pol,Post-pol,-10.07182129,2.77E-08,5.98E-06,COL5_ARATH,down
TRINITY_DN12518_c0_g1_i1,Pol,Post-pol,-9.733746848,2.79E-08,5.98E-06,SIRP1_ORYSJ,down
TRINITY_DN2922_c0_g1_i12,Pol,Post-pol,-9.593209861,3.05E-08,6.40E-06,TOP1B_ARATH,down
TRINITY_DN3410_c0_g1_i6,Pol,Post-pol,-2.484767575,3.75E-08,7.49E-06,NUD13_ARATH,down
TRINITY_DN9562_c0_g1_i3,Pol,Post-pol,-9.556463197,4.17E-08,8.21E-06,KASC2_ARATH,down
TRINITY_DN6330_c0_g1_i15,Pol,Post-pol,-9.587021076,4.91E-08,9.41E-06,ROC5_ORYSJ,down
TRINITY_DN8582_c0_g1_i23,Pol,Post-pol,-9.762346761,5.02E-08,9.50E-06,PPDK_MESCR,down
TRINITY_DN6025_c0_g1_i23,Pol,Post-pol,-9.496829912,5.60E-08,1.05E-05,DEGP2_ARATH,down
TRINITY_DN397_c0_g1_i6,Pol,Post-pol,-9.493031922,5.84E-08,1.07E-05,TAF1_ORYSJ,down
TRINITY_DN2150_c0_g1_i3,Pol,Post-pol,-9.765284163,7.08E-08,1.26E-05,PHR3_ORYSI,down
TRINITY_DN1391_c0_g1_i17,Pol,Post-pol,-9.514897946,7.64E-08,1.35E-05,NDX1_SOLLC,down
TRINITY_DN2731_c0_g1_i9,Pol,Post-pol,-9.507602086,7.82E-08,1.37E-05,HIP24_ARATH,down
TRINITY_DN3720_c0_g1_i19,Pol,Post-pol,-9.453374478,8.04E-08,1.40E-05,HCNC_PSEPH,down
TRINITY_DN22447_c0_g1_i13,Pol,Post-pol,-9.432769532,8.33E-08,1.44E-05,NAGS2_ARATH,down
TRINITY_DN7079_c0_g1_i12,Pol,Post-pol,-11.15660346,9.00E-08,1.53E-05,AB9C_ARATH,down
TRINITY_DN10457_c0_g1_i1,Pol,Post-pol,-6.263106118,9.10E-08,1.53E-05,PPO_MALDO,down
TRINITY_DN674_c0_g1_i4,Pol,Post-pol,-9.388989875,1.12E-07,1.84E-05,TF3B_MOUSE,down
TRINITY_DN1231_c0_g1_i2,Pol,Post-pol,-9.492417183,1.21E-07,1.98E-05,DAPAT_ORYSJ,down
TRINITY_DN17587_c0_g1_i1,Pol,Post-pol,-4.300964216,1.32E-07,2.12E-05,C7D55_HYOMU,down
TRINITY_DN3827_c0_g1_i6,Pol,Post-pol,-9.460471479,1.36E-07,2.18E-05,ALY3_ARATH,down
TRINITY_DN2548_c0_g1_i2,Pol,Post-pol,-9.605682458,1.40E-07,2.22E-05,MIP3_ARATH,down
TRINITY_DN831_c0_g1_i45,Pol,Post-pol,-9.489814112,1.42E-07,2.22E-05,VAB_ARATH,down
TRINITY_DN206_c0_g1_i16,Pol,Post-pol,-9.390830068,1.53E-07,2.36E-05,PCKA_MAIZE,down
TRINITY_DN7521_c0_g1_i12,Pol,Post-pol,-9.532147145,1.53E-07,2.36E-05,FZL_ARATH,down
TRINITY_DN1184_c0_g1_i2,Pol,Post-pol,-9.333628419,1.57E-07,2.40E-05,SALR_PAPBR,down
TRINITY_DN1455_c0_g1_i18,Pol,Post-pol,-9.440606653,1.74E-07,2.61E-05,KAN4_ARATH,down
TRINITY_DN2974_c0_g1_i6,Pol,Post-pol,-9.407586802,1.84E-07,2.71E-05,XTH8_ARATH,down
TRINITY_DN278_c0_g1_i8,Pol,Post-pol,-9.308948306,1.84E-07,2.71E-05,FAB1C_ARATH,down
TRINITY_DN4069_c0_g1_i3,Pol,Post-pol,-9.544290921,1.89E-07,2.78E-05,BH049_ARATH,down
TRINITY_DN8912_c0_g1_i4,Pol,Post-pol,-3.183116226,2.02E-07,2.93E-05,HSP7M_PHAVU,down
TRINITY_DN141_c0_g1_i9,Pol,Post-pol,-9.781411007,2.50E-07,3.49E-05,LTPG5_ARATH,down
TRINITY_DN213_c0_g1_i9,Pol,Post-pol,-9.284641555,2.53E-07,3.52E-05,HOX21_ORYSJ,down
TRINITY_DN7580_c0_g1_i8,Pol,Post-pol,-9.252751833,2.56E-07,3.53E-05,ARFV_ORYSJ,down
TRINITY_DN1068_c0_g1_i16,Pol,Post-pol,-9.666279913,2.72E-07,3.71E-05,HTPX_RHOPT,down
TRINITY_DN7394_c0_g1_i4,Pol,Post-pol,-9.232823791,3.37E-07,4.51E-05,HIBC6_ARATH,down
TRINITY_DN5378_c0_g1_i13,Pol,Post-pol,-9.205504336,3.48E-07,4.60E-05,PME62_ARATH,down
TRINITY_DN5732_c0_g1_i1,Pol,Post-pol,-3.972769802,3.64E-07,4.77E-05,TBL13_ARATH,down
TRINITY_DN10347_c0_g3_i1,Pol,Post-pol,-3.744299423,4.43E-07,5.53E-05,EML3_ARATH,down
TRINITY_DN2519_c0_g1_i3,Pol,Post-pol,-4.103653135,4.61E-07,5.73E-05,FPG_ARATH,down
TRINITY_DN14765_c0_g1_i2,Pol,Post-pol,-9.356785801,4.69E-07,5.81E-05,ISS1_ARATH,down
TRINITY_DN3961_c0_g1_i2,Pol,Post-pol,-4.92958597,4.97E-07,6.10E-05,ENOX_SOLLC,down
TRINITY_DN341_c0_g1_i1,Pol,Post-pol,-3.125488392,5.37E-07,6.57E-05,RBP56_HUMAN,down
TRINITY_DN1688_c0_g1_i1,Pol,Post-pol,-9.517827377,5.51E-07,6.70E-05,SUA_ARATH,down
TRINITY_DN1850_c0_g1_i30,Pol,Post-pol,-9.76136512,5.63E-07,6.81E-05,HOX32_ORYSJ,down
TRINITY_DN4660_c0_g1_i15,Pol,Post-pol,-9.167001686,6.11E-07,7.32E-05,NTO1_YEAST,down
TRINITY_DN2030_c0_g1_i4,Pol,Post-pol,-1.723252684,6.40E-07,7.58E-05,GIL1_ARATH,down
TRINITY_DN5601_c0_g1_i5,Pol,Post-pol,-9.140809094,6.50E-07,7.68E-05,CLPS1_ARATH,down
TRINITY_DN1140_c0_g1_i1,Pol,Post-pol,-9.307877028,7.16E-07,8.34E-05,GGH2_ARATH,down
TRINITY_DN5204_c0_g1_i3,Pol,Post-pol,-9.076866139,7.88E-07,8.99E-05,BEL1_ARATH,down
TRINITY_DN17354_c0_g1_i2,Pol,Post-pol,-9.086984362,7.98E-07,9.08E-05,PP142_ARATH,down
TRINITY_DN8317_c0_g1_i4,Pol,Post-pol,-10.37683803,8.04E-07,9.10E-05,TSS_ARATH,down
TRINITY_DN5433_c0_g1_i3,Pol,Post-pol,-9.175807574,9.62E-07,0.00010592,RBL10_ARATH,down
TRINITY_DN22944_c0_g1_i1,Pol,Post-pol,-7.266867893,9.81E-07,0.000107381,PER55_ARATH,down
TRINITY_DN12201_c0_g1_i8,Pol,Post-pol,-9.317052387,9.91E-07,0.000107998,AB20B_ARATH,down
TRINITY_DN1311_c0_g1_i16,Pol,Post-pol,-3.033451995,1.03E-06,0.000112129,BZP44_ARATH,down
TRINITY_DN3918_c0_g1_i4,Pol,Post-pol,-9.039710476,1.08E-06,0.000115579,PECT1_ARATH,down
TRINITY_DN2416_c0_g1_i3,Pol,Post-pol,-9.023395989,1.13E-06,0.000119679,AMO_ARATH,down
TRINITY_DN806_c0_g1_i12,Pol,Post-pol,-9.064370082,1.16E-06,0.000121763,Y3148_ARATH,down
TRINITY_DN114_c0_g1_i3,Pol,Post-pol,-9.088324176,1.18E-06,0.000123514,FRS6_ARATH,down
TRINITY_DN9796_c0_g1_i10,Pol,Post-pol,-9.036057988,1.21E-06,0.000125653,WDR44_XENLA,down
TRINITY_DN6812_c0_g1_i2,Pol,Post-pol,-8.995881861,1.21E-06,0.000125753,LNG1_ARATH,down
TRINITY_DN5083_c0_g1_i11,Pol,Post-pol,-8.990183476,1.31E-06,0.000133984,P2C67_ORYSJ,down
TRINITY_DN115_c0_g1_i54,Pol,Post-pol,-9.573431914,1.31E-06,0.00013434,YAB4_ARATH,down
TRINITY_DN6088_c0_g1_i1,Pol,Post-pol,-2.814761408,1.34E-06,0.00013638,BKI1_ARATH,down
TRINITY_DN805_c0_g1_i5,Pol,Post-pol,-9.240123016,1.37E-06,0.000138808,GGAP1_ARATH,down
TRINITY_DN10758_c0_g1_i8,Pol,Post-pol,-9.081123749,1.38E-06,0.000139335,SMC6B_ARATH,down
TRINITY_DN1213_c0_g1_i14,Pol,Post-pol,-8.969784021,1.54E-06,0.000153707,DRP3A_ARATH,down
TRINITY_DN950_c0_g1_i2,Pol,Post-pol,-4.434318224,1.55E-06,0.000154143,CLPP3_ARATH,down
TRINITY_DN4147_c0_g1_i10,Pol,Post-pol,-8.993943755,1.64E-06,0.000160954,S2544_MOUSE,down
TRINITY_DN2092_c0_g1_i4,Pol,Post-pol,-9.01230114,1.65E-06,0.000161289,FRS6_ARATH,down
TRINITY_DN10675_c0_g3_i1,Pol,Post-pol,-3.260624378,1.71E-06,0.000165564,CHX19_ARATH,down
TRINITY_DN3935_c0_g1_i2,Pol,Post-pol,-8.961399082,1.72E-06,0.000165564,DAAF1_ANOGA,down
TRINITY_DN116_c0_g1_i11,Pol,Post-pol,-9.204807855,1.75E-06,0.000168218,U2A2B_NICPL,down
TRINITY_DN11094_c0_g2_i8,Pol,Post-pol,-9.298159541,1.84E-06,0.000174353,AB11B_ARATH,down
TRINITY_DN1664_c0_g1_i22,Pol,Post-pol,-9.158735425,1.85E-06,0.000174353,AMO2_ARTS1,down
TRINITY_DN3416_c0_g1_i5,Pol,Post-pol,-8.93101214,1.89E-06,0.000177463,PIPNA_RABIT,down
TRINITY_DN2012_c0_g1_i11,Pol,Post-pol,-9.140079329,2.00E-06,0.00018632,Y2982_ORYSJ,down
TRINITY_DN4549_c0_g1_i10,Pol,Post-pol,-8.955616943,2.06E-06,0.000190236,MSH1_ARATH,down
TRINITY_DN8305_c0_g1_i31,Pol,Post-pol,-9.138446558,2.24E-06,0.000202366,JAC1_ARATH,down
TRINITY_DN14055_c0_g1_i1,Pol,Post-pol,-9.308912855,2.36E-06,0.000211076,DCUP1_ARATH,down
TRINITY_DN180_c0_g1_i16,Pol,Post-pol,-8.894262463,2.38E-06,0.000211728,ARFW_ORYSI,down
TRINITY_DN4579_c0_g1_i6,Pol,Post-pol,-2.088944746,2.46E-06,0.00021527,C3H14_ORYSJ,down
TRINITY_DN6505_c0_g1_i40,Pol,Post-pol,-8.891887149,2.48E-06,0.000215763,SYLM_ARATH,down
TRINITY_DN5006_c0_g1_i2,Pol,Post-pol,-8.957698127,2.48E-06,0.000215763,FKB42_ARATH,down
TRINITY_DN7565_c0_g1_i2,Pol,Post-pol,-9.196610572,2.58E-06,0.0002219,NAA15_ARATH,down
TRINITY_DN2795_c0_g1_i9,Pol,Post-pol,-8.876549302,2.59E-06,0.000221981,WDR75_MOUSE,down
TRINITY_DN5921_c0_g1_i8,Pol,Post-pol,-9.044508612,2.66E-06,0.000227586,ASP36_ARATH,down
TRINITY_DN3090_c0_g1_i8,Pol,Post-pol,-8.88064906,2.70E-06,0.000229763,WDR7_HUMAN,down
TRINITY_DN7741_c0_g2_i23,Pol,Post-pol,-9.467294496,2.84E-06,0.000239781,SR45A_ARATH,down
TRINITY_DN4517_c0_g1_i10,Pol,Post-pol,-8.91500767,2.86E-06,0.000240969,CHL_ARATH,down
TRINITY_DN6502_c0_g1_i61,Pol,Post-pol,-8.840452918,3.09E-06,0.000257296,TUR2_SPIPO,down
TRINITY_DN13097_c0_g1_i9,Pol,Post-pol,-8.85862589,3.40E-06,0.000275586,GL21_ORYSJ,down
TRINITY_DN3500_c0_g1_i1,Pol,Post-pol,-8.959522092,3.61E-06,0.000290978,GLE1_ARATH,down
TRINITY_DN1479_c0_g1_i4,Pol,Post-pol,-8.884173754,3.62E-06,0.000290978,PTH2_BOVIN,down
TRINITY_DN8974_c0_g1_i33,Pol,Post-pol,-8.983065927,3.64E-06,0.000291605,TOP1_RICBR,down
TRINITY_DN11933_c0_g1_i2,Pol,Post-pol,-8.805943896,3.68E-06,0.000293666,HAC1_ARATH,down
TRINITY_DN3090_c0_g1_i20,Pol,Post-pol,-8.801255896,3.77E-06,0.00030095,WDR7_HUMAN,down
TRINITY_DN1625_c0_g1_i4,Pol,Post-pol,-9.188401274,3.85E-06,0.000306033,ARFI_ARATH,down
TRINITY_DN13974_c0_g1_i9,Pol,Post-pol,-2.017245459,4.04E-06,0.000317517,RZ1C_ARATH,down
TRINITY_DN10260_c0_g1_i5,Pol,Post-pol,-9.364880162,4.07E-06,0.000319702,C96T1_NARAP,down
TRINITY_DN231_c0_g1_i16,Pol,Post-pol,-8.779791054,4.27E-06,0.000332624,DERL1_ORYSJ,down
TRINITY_DN47_c0_g1_i7,Pol,Post-pol,-9.505980279,4.30E-06,0.000333669,NAC98_ARATH,down
TRINITY_DN177_c0_g1_i26,Pol,Post-pol,-9.101074553,4.43E-06,0.000340307,E2FA_ARATH,down
TRINITY_DN3568_c0_g1_i12,Pol,Post-pol,-8.783455678,4.74E-06,0.000360844,PP330_ARATH,down
TRINITY_DN5464_c0_g1_i27,Pol,Post-pol,-8.801948272,4.80E-06,0.000363312,AE7_ARATH,down
TRINITY_DN2252_c0_g1_i12,Pol,Post-pol,-8.833991533,4.81E-06,0.000363312,GSTUP_ARATH,down
TRINITY_DN2247_c0_g1_i6,Pol,Post-pol,-2.585252796,5.01E-06,0.000377922,CALM_LILLO,down
TRINITY_DN116_c0_g1_i17,Pol,Post-pol,-2.378918055,5.13E-06,0.000385193,U2A2A_ORYSJ,down
TRINITY_DN4964_c0_g1_i4,Pol,Post-pol,-8.851784322,5.15E-06,0.000385761,NOC2L_ORYSJ,down
TRINITY_DN17628_c0_g1_i4,Pol,Post-pol,-8.747927004,5.21E-06,0.000389107,Y6689_DICDI,down
TRINITY_DN3404_c0_g1_i4,Pol,Post-pol,-3.385215299,5.42E-06,0.000403391,C3H16_ORYSJ,down
TRINITY_DN6145_c0_g1_i9,Pol,Post-pol,-2.224402521,5.45E-06,0.000404899,AP2_ARATH,down
TRINITY_DN13256_c0_g1_i21,Pol,Post-pol,-8.756875651,5.49E-06,0.000406602,CIPKO_ORYSJ,down
TRINITY_DN12891_c0_g2_i1,Pol,Post-pol,-6.788947011,5.63E-06,0.000414705,PLAO1_PLAOI,down
TRINITY_DN8408_c0_g1_i8,Pol,Post-pol,-8.726018569,5.82E-06,0.000426848,THO7B_ARATH,down
TRINITY_DN375_c0_g1_i34,Pol,Post-pol,-2.345819439,5.97E-06,0.000436294,MAD16_ORYSJ,down
TRINITY_DN3677_c0_g1_i1,Pol,Post-pol,-4.289181202,5.98E-06,0.000436294,C71AL_ARATH,down
TRINITY_DN1762_c0_g1_i1,Pol,Post-pol,-9.076830442,6.28E-06,0.000457015,UBA2C_ARATH,down
TRINITY_DN11739_c0_g1_i7,Pol,Post-pol,-5.286298194,6.47E-06,0.000468964,FAOMT_VITVI,down
TRINITY_DN1234_c0_g1_i4,Pol,Post-pol,-9.349524921,6.52E-06,0.000470944,AAP2_ARATH,down
TRINITY_DN5228_c0_g1_i1,Pol,Post-pol,-2.541540537,6.78E-06,0.000487116,MAKR1_ARATH,down
TRINITY_DN524_c0_g1_i64,Pol,Post-pol,-8.993185817,6.87E-06,0.000490661,YGI3_SCHPO,down
TRINITY_DN333_c0_g1_i13,Pol,Post-pol,-8.846335219,7.17E-06,0.000509416,CA1P_ARATH,down
TRINITY_DN13097_c0_g1_i15,Pol,Post-pol,-8.712260052,7.18E-06,0.000509416,GL21_ORYSJ,down
TRINITY_DN17738_c0_g1_i2,Pol,Post-pol,-8.685126759,7.48E-06,0.000526554,SYMPK_HUMAN,down
TRINITY_DN2768_c0_g1_i15,Pol,Post-pol,-8.790276412,7.83E-06,0.000548255,GCP5_MACFA,down
TRINITY_DN4652_c0_g1_i6,Pol,Post-pol,-8.677279313,7.92E-06,0.000553554,RID2_ARATH,down
TRINITY_DN4904_c0_g1_i4,Pol,Post-pol,-8.662236614,8.34E-06,0.000570908,CPSF3_ARATH,down
TRINITY_DN5616_c0_g1_i21,Pol,Post-pol,-8.66023067,8.54E-06,0.000581861,MAO1_ARATH,down
TRINITY_DN10493_c0_g1_i29,Pol,Post-pol,-8.679237988,8.57E-06,0.000582596,NDL1_ARATH,down
TRINITY_DN23032_c0_g1_i6,Pol,Post-pol,-9.516245399,8.71E-06,0.000590405,BRG1_ARATH,down
TRINITY_DN5290_c0_g2_i5,Pol,Post-pol,-8.663410459,8.94E-06,0.000601878,LOX21_SOLTU,down
TRINITY_DN1610_c0_g1_i3,Pol,Post-pol,-10.43117162,9.14E-06,0.000614143,CYSEP_RICCO,down
TRINITY_DN23104_c0_g1_i12,Pol,Post-pol,-8.798056522,9.30E-06,0.000622816,SPF27_ARATH,down
TRINITY_DN5372_c0_g1_i1,Pol,Post-pol,-8.983150087,9.32E-06,0.000623608,PEPK2_ARATH,down
TRINITY_DN1171_c0_g1_i13,Pol,Post-pol,-8.653469979,9.57E-06,0.000637367,BGA15_ORYSJ,down
TRINITY_DN325_c0_g1_i8,Pol,Post-pol,-8.636543177,9.73E-06,0.000644617,IQD32_ARATH,down
TRINITY_DN2387_c0_g1_i6,Pol,Post-pol,-3.651066593,9.91E-06,0.000655473,FLZ11_ARATH,down
TRINITY_DN6902_c0_g1_i1,Pol,Post-pol,-8.639774831,1.02E-05,0.00066936,NTF2_ARATH,down
TRINITY_DN5444_c0_g1_i8,Pol,Post-pol,-8.847341778,1.13E-05,0.000725198,LEU1A_SOLPN,down
TRINITY_DN4658_c0_g2_i1,Pol,Post-pol,-1.346821739,1.14E-05,0.000726071,HIP37_ARATH,down
TRINITY_DN3_c0_g1_i1,Pol,Post-pol,-3.107813819,1.23E-05,0.000772973,NAMB1_HORVS,down
TRINITY_DN6096_c0_g1_i154,Pol,Post-pol,-8.59423384,1.34E-05,0.000831669,EDL16_ARATH,down
TRINITY_DN4236_c0_g1_i11,Pol,Post-pol,-8.576218944,1.35E-05,0.000837207,MBD9_ARATH,down
TRINITY_DN24105_c0_g1_i18,Pol,Post-pol,-8.846804177,1.38E-05,0.000852632,FANCM_ARATH,down
TRINITY_DN6652_c0_g1_i1,Pol,Post-pol,-9.341345018,1.41E-05,0.00086163,NFYA2_ARATH,down
TRINITY_DN2763_c0_g1_i13,Pol,Post-pol,-8.858300039,1.41E-05,0.00086163,PER17_ARATH,down
TRINITY_DN4790_c0_g1_i4,Pol,Post-pol,-8.689910649,1.41E-05,0.000862682,GALM_HUMAN,down
TRINITY_DN5779_c0_g1_i4,Pol,Post-pol,-8.602993163,1.43E-05,0.00087173,TLP14_ORYSJ,down
TRINITY_DN418_c0_g1_i1,Pol,Post-pol,-2.921587681,1.48E-05,0.000894479,ENDUB_DANRE,down
TRINITY_DN3410_c0_g1_i1,Pol,Post-pol,-2.125778474,1.48E-05,0.000896645,NUD13_ARATH,down
TRINITY_DN11912_c0_g1_i18,Pol,Post-pol,-8.567334847,1.49E-05,0.00089914,UGAL1_ARATH,down
TRINITY_DN701_c0_g1_i1,Pol,Post-pol,-8.665657169,1.52E-05,0.000914601,SYYC1_ARATH,down
TRINITY_DN4072_c0_g1_i4,Pol,Post-pol,-2.907240113,1.53E-05,0.000914601,PBL3_ARATH,down
TRINITY_DN2144_c0_g1_i5,Pol,Post-pol,-8.995301576,1.55E-05,0.000925434,MA657_ARATH,down
TRINITY_DN4847_c0_g1_i1,Pol,Post-pol,-8.599196879,1.55E-05,0.000925434,PTRB_MORLA,down
TRINITY_DN9086_c0_g1_i30,Pol,Post-pol,-8.603455421,1.59E-05,0.000946674,F26_ARATH,down
TRINITY_DN4400_c0_g1_i14,Pol,Post-pol,-8.807478592,1.67E-05,0.000974047,AHP6_ARATH,down
TRINITY_DN479_c0_g1_i46,Pol,Post-pol,-8.655329975,1.67E-05,0.000974047,PIGA_ARATH,down
TRINITY_DN5032_c0_g2_i8,Pol,Post-pol,-8.555364078,1.83E-05,0.001053943,DRMH3_ARATH,down
TRINITY_DN2147_c0_g1_i1,Pol,Post-pol,-8.912108292,1.83E-05,0.001053943,C1D_CHICK,down
TRINITY_DN4399_c0_g1_i2,Pol,Post-pol,-8.514547774,1.87E-05,0.001068855,TCPH_ARATH,down
TRINITY_DN757_c0_g1_i10,Pol,Post-pol,-2.42026329,1.88E-05,0.001074188,BRG3_ARATH,down
TRINITY_DN2994_c0_g1_i2,Pol,Post-pol,-8.812119461,1.90E-05,0.0010828,CMTA3_ARATH,down
TRINITY_DN6505_c0_g1_i18,Pol,Post-pol,-8.713305644,1.96E-05,0.001111993,SYLM_ARATH,down
TRINITY_DN3568_c0_g1_i16,Pol,Post-pol,-8.893517506,1.98E-05,0.001121168,PP330_ARATH,down
TRINITY_DN9487_c0_g1_i4,Pol,Post-pol,-2.420452381,1.99E-05,0.00112521,C7263_MEDTR,down
TRINITY_DN1869_c0_g1_i1,Pol,Post-pol,-8.826528197,2.00E-05,0.001127726,AKR2_ORYSJ,down
TRINITY_DN8418_c0_g1_i8,Pol,Post-pol,-8.663320212,2.14E-05,0.001191197,RSLE2_ORYSJ,down
TRINITY_DN127_c0_g1_i10,Pol,Post-pol,-9.12485122,2.17E-05,0.001204722,PS10B_ARATH,down
TRINITY_DN537_c0_g1_i30,Pol,Post-pol,-8.488757664,2.19E-05,0.001211398,PMTG_ARATH,down
TRINITY_DN256_c0_g1_i1,Pol,Post-pol,-9.021214443,2.19E-05,0.001213515,CDF2_ARATH,down
TRINITY_DN3750_c0_g1_i3,Pol,Post-pol,-8.759024549,2.23E-05,0.001225221,RPT2_ARATH,down
TRINITY_DN8821_c0_g1_i56,Pol,Post-pol,-8.521113499,2.30E-05,0.00125606,LYK3_MEDTR,down
TRINITY_DN2199_c0_g1_i12,Pol,Post-pol,-8.50703876,2.31E-05,0.001259354,PG2B1_ARATH,down
TRINITY_DN202_c0_g1_i24,Pol,Post-pol,-8.483362845,2.36E-05,0.001281668,PD338_ARATH,down
TRINITY_DN1410_c0_g1_i8,Pol,Post-pol,-3.217091979,2.41E-05,0.0013047,BLH9_ARATH,down
TRINITY_DN9030_c0_g1_i5,Pol,Post-pol,-8.495484217,2.42E-05,0.001307382,SSBP_ARATH,down
TRINITY_DN8635_c0_g1_i4,Pol,Post-pol,-8.701114375,2.44E-05,0.001316495,RNG1A_ARATH,down
TRINITY_DN9835_c0_g1_i1,Pol,Post-pol,-3.800403043,2.60E-05,0.001392142,MYBP_MAIZE,down
TRINITY_DN4051_c2_g1_i1,Pol,Post-pol,-8.452444053,2.61E-05,0.001394663,GDL64_ARATH,down
TRINITY_DN5096_c0_g1_i4,Pol,Post-pol,-3.574365748,2.67E-05,0.001423634,MAN7_ARATH,down
TRINITY_DN2578_c0_g1_i19,Pol,Post-pol,-8.988267895,2.67E-05,0.001423817,DA2_ARATH,down
TRINITY_DN8035_c0_g1_i24,Pol,Post-pol,-8.511110071,2.71E-05,0.001438841,RNJ_ARATH,down
TRINITY_DN7586_c0_g1_i24,Pol,Post-pol,-8.505365671,2.83E-05,0.001493981,PAN_METKA,down
TRINITY_DN1274_c0_g1_i25,Pol,Post-pol,-8.574890412,2.89E-05,0.00151301,NIPA6_ARATH,down
TRINITY_DN524_c0_g1_i68,Pol,Post-pol,-8.428778544,3.00E-05,0.001562465,YGI3_SCHPO,down
TRINITY_DN12598_c1_g1_i2,Pol,Post-pol,-8.53399936,3.05E-05,0.001582433,PSBC_PHAAO,down
TRINITY_DN17216_c0_g1_i1,Pol,Post-pol,-8.511633856,3.09E-05,0.001591328,Y1534_ARATH,down
TRINITY_DN6688_c0_g1_i2,Pol,Post-pol,-8.502746966,3.09E-05,0.001591328,STN8_ARATH,down
TRINITY_DN164_c0_g1_i14,Pol,Post-pol,-8.628574243,3.10E-05,0.001591535,SPL1_ARATH,down
TRINITY_DN1136_c0_g1_i19,Pol,Post-pol,-8.696692243,3.13E-05,0.001602168,PFBS_ARATH,down
TRINITY_DN8120_c0_g1_i12,Pol,Post-pol,-8.429242405,3.13E-05,0.001602168,BH049_ARATH,down
TRINITY_DN4275_c0_g1_i9,Pol,Post-pol,-8.746573212,3.22E-05,0.001637875,EI2BE_RAT,down
TRINITY_DN9848_c0_g1_i4,Pol,Post-pol,-8.419864691,3.23E-05,0.00164234,CCX1_ARATH,down
TRINITY_DN3581_c0_g1_i2,Pol,Post-pol,-8.469884262,3.27E-05,0.001658619,ADT_ORYSJ,down
TRINITY_DN1346_c0_g1_i9,Pol,Post-pol,-2.441247063,3.28E-05,0.001658619,Y2296_ARATH,down
TRINITY_DN3913_c0_g1_i6,Pol,Post-pol,-8.712287969,3.28E-05,0.00165967,DPB_ARATH,down
TRINITY_DN2064_c0_g1_i91,Pol,Post-pol,-8.619751265,3.32E-05,0.001675958,VPS3_ARATH,down
TRINITY_DN5537_c0_g1_i20,Pol,Post-pol,-8.494344264,3.53E-05,0.00176166,GOGA5_ORYSJ,down
TRINITY_DN11287_c0_g1_i2,Pol,Post-pol,-8.899663921,3.63E-05,0.001801576,CIPKW_ORYSJ,down
TRINITY_DN4338_c0_g1_i5,Pol,Post-pol,-8.411393125,3.79E-05,0.00187078,MED8_ARATH,down
TRINITY_DN1644_c0_g1_i7,Pol,Post-pol,-8.387074134,3.81E-05,0.001875943,GPT2_ARATH,down
TRINITY_DN7558_c0_g1_i4,Pol,Post-pol,-8.510696893,3.84E-05,0.001887618,C90B2_ORYSJ,down
TRINITY_DN11810_c0_g1_i5,Pol,Post-pol,-8.383702084,3.97E-05,0.00193331,RH48_ARATH,down
TRINITY_DN203_c0_g1_i4,Pol,Post-pol,-8.566281672,3.98E-05,0.001935771,MLO1_ARATH,down
TRINITY_DN401_c0_g1_i5,Pol,Post-pol,-6.123704825,4.02E-05,0.001946958,MAD29_ORYSJ,down
TRINITY_DN6650_c0_g1_i5,Pol,Post-pol,-8.461423236,4.14E-05,0.0019904,PP221_ARATH,down
TRINITY_DN1160_c0_g1_i36,Pol,Post-pol,-1.975632872,4.32E-05,0.002069123,ARAK_ARATH,down
TRINITY_DN1140_c0_g1_i5,Pol,Post-pol,-8.539156512,4.37E-05,0.002090325,GGH2_ARATH,down
TRINITY_DN4414_c0_g1_i8,Pol,Post-pol,-8.355447513,4.40E-05,0.002098441,ROGFC_ARATH,down
TRINITY_DN9098_c0_g1_i1,Pol,Post-pol,-2.797772089,4.88E-05,0.002283493,TCP4_ARATH,down
TRINITY_DN372_c0_g1_i19,Pol,Post-pol,-8.406299259,4.95E-05,0.002310792,CSK2E_ARATH,down
TRINITY_DN930_c0_g1_i4,Pol,Post-pol,-1.783946616,4.95E-05,0.002310792,SPF30_HUMAN,down
TRINITY_DN9939_c0_g1_i13,Pol,Post-pol,-2.81357049,5.00E-05,0.00233519,ILL7_ORYSJ,down
TRINITY_DN12323_c0_g1_i6,Pol,Post-pol,-8.379283459,5.06E-05,0.002355141,FRS11_ARATH,down
TRINITY_DN4646_c2_g1_i1,Pol,Post-pol,-1.711463017,5.09E-05,0.002363432,ROC2_ORYSJ,down
TRINITY_DN177_c0_g1_i52,Pol,Post-pol,-8.683592496,5.12E-05,0.002374363,E2FA_ARATH,down
TRINITY_DN47_c0_g1_i11,Pol,Post-pol,-8.409660204,5.17E-05,0.002390727,NC100_ARATH,down
TRINITY_DN16094_c0_g3_i3,Pol,Post-pol,-8.843225694,5.24E-05,0.002413317,PP320_ARATH,down
TRINITY_DN5314_c0_g1_i5,Pol,Post-pol,-8.593632691,5.26E-05,0.002421295,CSPLM_ORYSJ,down
TRINITY_DN5671_c0_g1_i2,Pol,Post-pol,-6.160330477,5.31E-05,0.002442818,RD522_ARATH,down
TRINITY_DN194_c0_g1_i14,Pol,Post-pol,-8.309471966,5.64E-05,0.002574364,NANP_RAT,down
TRINITY_DN7765_c0_g1_i25,Pol,Post-pol,-8.384996204,5.65E-05,0.002576179,TPC1B_TOBAC,down
TRINITY_DN4237_c0_g1_i16,Pol,Post-pol,-3.937417338,5.80E-05,0.002637432,SP1L2_ARATH,down
TRINITY_DN8628_c0_g1_i7,Pol,Post-pol,-8.366102427,6.00E-05,0.002704771,BUD32_DICDI,down
TRINITY_DN5588_c0_g1_i1,Pol,Post-pol,-8.311994954,6.39E-05,0.002860342,GUN22_ORYSJ,down
TRINITY_DN12283_c0_g1_i12,Pol,Post-pol,-8.329192793,6.70E-05,0.002974151,AI5L5_ARATH,down
TRINITY_DN3406_c0_g1_i14,Pol,Post-pol,-8.277599233,6.79E-05,0.00300781,UBP3_ARATH,down
TRINITY_DN471_c0_g1_i1,Pol,Post-pol,-8.611043908,6.82E-05,0.003015937,SWC2_ARATH,down
TRINITY_DN4206_c0_g1_i9,Pol,Post-pol,-2.371897479,6.94E-05,0.003058424,FKB19_ARATH,down
TRINITY_DN150_c0_g1_i1,Pol,Post-pol,-3.864095918,6.97E-05,0.003064873,BBR_ARATH,down
TRINITY_DN1981_c0_g1_i4,Pol,Post-pol,-8.322673705,7.02E-05,0.003080707,BRG3_ARATH,down
TRINITY_DN965_c0_g1_i8,Pol,Post-pol,-2.037037556,7.14E-05,0.003132177,CER2_ARATH,down
TRINITY_DN890_c0_g7_i1,Pol,Post-pol,-3.368256783,7.41E-05,0.003219698,M030_ARATH,down
TRINITY_DN1784_c0_g1_i4,Pol,Post-pol,-8.339790945,7.56E-05,0.003278784,HD16N_ORYSJ,down
TRINITY_DN757_c0_g1_i9,Pol,Post-pol,-8.908371972,7.63E-05,0.003304164,BRG1_ARATH,down
TRINITY_DN3406_c0_g1_i10,Pol,Post-pol,-8.309547665,7.70E-05,0.003327611,UBP3_ARATH,down
TRINITY_DN8964_c0_g1_i12,Pol,Post-pol,-8.299329882,7.77E-05,0.003350215,PRI1_SCHPO,down
TRINITY_DN4743_c0_g1_i15,Pol,Post-pol,-8.304281109,7.84E-05,0.003369018,HIS3_ARATH,down
TRINITY_DN18475_c0_g1_i3,Pol,Post-pol,-8.242922686,7.88E-05,0.003382779,FAB1D_ARATH,down
TRINITY_DN3653_c0_g1_i3,Pol,Post-pol,-2.69824808,8.04E-05,0.003438766,KAN2_ARATH,down
TRINITY_DN12705_c1_g1_i1,Pol,Post-pol,-1.530731487,8.04E-05,0.003438766,MA652_ARATH,down
TRINITY_DN9167_c0_g1_i1,Pol,Post-pol,-8.336395086,8.11E-05,0.003460158,PQQL_ARATH,down
TRINITY_DN2726_c0_g1_i24,Pol,Post-pol,-5.955254469,8.26E-05,0.003499989,AP2_ARATH,down
TRINITY_DN4952_c0_g1_i4,Pol,Post-pol,-8.603380775,8.28E-05,0.003505252,LTN1_ARATH,down
TRINITY_DN5581_c0_g1_i35,Pol,Post-pol,-8.277559627,8.57E-05,0.003602861,Y1634_ARATH,down
TRINITY_DN3761_c0_g1_i18,Pol,Post-pol,-8.289634007,8.88E-05,0.003699321,DNJ10_ARATH,down
TRINITY_DN10961_c0_g1_i1,Pol,Post-pol,-1.956156409,8.94E-05,0.003710324,TOP3A_ARATH,down
TRINITY_DN3031_c0_g1_i17,Pol,Post-pol,-8.210670062,8.95E-05,0.003710324,PIRL8_ORYSJ,down
TRINITY_DN8771_c0_g1_i2,Pol,Post-pol,-7.709793134,9.20E-05,0.003787621,ENL1_ORYSJ,down
TRINITY_DN667_c0_g1_i10,Pol,Post-pol,-8.282935645,9.32E-05,0.003827009,G6PD2_ARATH,down
TRINITY_DN8961_c0_g1_i17,Pol,Post-pol,-8.272522974,9.38E-05,0.003846989,PUB34_ARATH,down
TRINITY_DN3336_c0_g1_i10,Pol,Post-pol,-8.222579008,9.43E-05,0.003863471,MCFM_DICDI,down
TRINITY_DN3069_c0_g2_i2,Pol,Post-pol,-2.456734745,9.69E-05,0.00396486,C3H24_ORYSJ,down
TRINITY_DN6216_c0_g1_i4,Pol,Post-pol,-8.215552669,9.84E-05,0.00400818,ROC3_NICSY,down
TRINITY_DN5336_c0_g1_i5,Pol,Post-pol,-1.284944041,9.88E-05,0.00401935,COAC1_MAIZE,down
