,"Table S6 DEGs between Pol vs Fer, up-regulated and down-regulated",,,,,,
ID,sampleA,sampleB,log2FoldChange,pvalue,padj,Uniprot annotation,Regulation
TRINITY_DN6029_c0_g1_i7,Pol,Fer,12.06042921,1.01E-12,9.14E-10,G6PD_SOLTU,up
TRINITY_DN19_c0_g3_i1,Pol,Fer,11.83218121,8.05E-11,4.05E-08,HSP7C_PETHY,up
TRINITY_DN3944_c0_g1_i6,Pol,Fer,11.63562884,5.59E-12,4.11E-09,MA651_ARATH,up
TRINITY_DN206_c0_g1_i8,Pol,Fer,11.48198711,2.15E-07,3.26E-05,PCKA1_ARATH,up
TRINITY_DN9248_c0_g1_i19,Pol,Fer,11.35685779,1.60E-08,3.85E-06,PERK3_ARATH,up
TRINITY_DN694_c0_g1_i3,Pol,Fer,11.2037675,5.69E-11,2.95E-08,LEC2_COLES,up
TRINITY_DN2686_c0_g1_i1,Pol,Fer,11.18234637,5.61E-10,2.13E-07,INV3_ORYSJ,up
TRINITY_DN4375_c0_g2_i3,Pol,Fer,11.07611979,3.37E-09,1.01E-06,DNJH_CUCSA,up
TRINITY_DN4035_c0_g1_i3,Pol,Fer,11.03751794,9.99E-11,4.82E-08,AKH1_MAIZE,up
TRINITY_DN5576_c0_g1_i17,Pol,Fer,10.95313856,9.87E-09,2.62E-06,GDL79_ARATH,up
TRINITY_DN3877_c0_g1_i4,Pol,Fer,10.83107891,1.22E-07,2.09E-05,GLSN_MEDSA,up
TRINITY_DN2507_c0_g1_i5,Pol,Fer,10.82572636,2.80E-10,1.22E-07,PAT_PETHY,up
TRINITY_DN12705_c1_g1_i8,Pol,Fer,10.78301864,7.19E-10,2.59E-07,MA651_ARATH,up
TRINITY_DN894_c0_g1_i14,Pol,Fer,10.75906355,1.42E-08,3.50E-06,HFA2B_ORYSJ,up
TRINITY_DN1778_c0_g1_i6,Pol,Fer,10.74513664,1.02E-08,2.68E-06,ACA1_ARATH,up
TRINITY_DN2507_c0_g1_i9,Pol,Fer,10.73709761,1.08E-09,3.61E-07,PAT_PETHY,up
TRINITY_DN81_c0_g1_i1,Pol,Fer,10.69279257,5.49E-10,2.10E-07,PPA1_SOLLC,up
TRINITY_DN3709_c0_g1_i10,Pol,Fer,10.66025399,3.85E-05,0.001756727,CB2G_SOLLC,up
TRINITY_DN5526_c0_g1_i3,Pol,Fer,10.65487849,3.54E-08,7.34E-06,ODO1_DICDI,up
TRINITY_DN2731_c0_g1_i8,Pol,Fer,10.40514937,3.27E-09,9.95E-07,HIP24_ARATH,up
TRINITY_DN5606_c0_g1_i15,Pol,Fer,10.4025082,3.47E-09,1.02E-06,SBT3_LOTJA,up
TRINITY_DN4802_c0_g1_i8,Pol,Fer,10.31409226,2.13E-08,4.79E-06,BOR4_ARATH,up
TRINITY_DN1873_c0_g1_i3,Pol,Fer,10.23269971,2.32E-07,3.45E-05,BRM_ARATH,up
TRINITY_DN472_c1_g1_i11,Pol,Fer,10.15614399,5.35E-08,1.05E-05,TBB1_MAIZE,up
TRINITY_DN990_c0_g1_i3,Pol,Fer,10.12568991,5.10E-07,6.58E-05,Y1044_ARATH,up
TRINITY_DN5942_c0_g1_i31,Pol,Fer,10.11280227,6.99E-08,1.30E-05,CDKG2_ORYSJ,up
TRINITY_DN1387_c0_g1_i7,Pol,Fer,10.08222462,2.53E-06,0.00023249,LNK2_ARATH,up
TRINITY_DN5606_c0_g1_i8,Pol,Fer,10.05608462,1.50E-08,3.65E-06,SBT4_LOTJA,up
TRINITY_DN4662_c0_g1_i3,Pol,Fer,10.05253283,9.41E-12,6.14E-09,GSTFC_ARATH,up
TRINITY_DN6163_c0_g1_i3,Pol,Fer,10.04587124,1.74E-08,4.04E-06,MURG_SALRD,up
TRINITY_DN2430_c0_g1_i7,Pol,Fer,10.03644373,2.93E-08,6.14E-06,AGO10_ARATH,up
TRINITY_DN10170_c0_g1_i2,Pol,Fer,10.01808132,3.96E-08,7.98E-06,HUAL2_ARATH,up
TRINITY_DN1235_c0_g1_i8,Pol,Fer,10.01270819,1.28E-08,3.23E-06,IF2B_WHEAT,up
TRINITY_DN13113_c0_g1_i5,Pol,Fer,10.00805219,1.65E-08,3.90E-06,ATX2_ARATH,up
TRINITY_DN506_c1_g2_i1,Pol,Fer,9.9832699,2.96E-08,6.18E-06,ACT2_ORYSJ,up
TRINITY_DN2994_c0_g1_i11,Pol,Fer,9.966993449,1.77E-08,4.09E-06,CMTA3_ARATH,up
TRINITY_DN261_c0_g1_i1,Pol,Fer,9.938137324,3.83E-19,1.50E-15,FOSB_BACLD,up
TRINITY_DN2956_c0_g1_i4,Pol,Fer,9.909366602,2.29E-08,5.05E-06,IF5A2_NICPL,up
TRINITY_DN6502_c0_g1_i80,Pol,Fer,9.896821771,6.80E-07,8.38E-05,TUR2_SPIPO,up
TRINITY_DN2832_c0_g1_i13,Pol,Fer,9.883133535,3.77E-08,7.77E-06,BOR2_ARATH,up
TRINITY_DN1701_c0_g1_i14,Pol,Fer,9.866508433,3.54E-07,4.94E-05,NEK5_ORYSJ,up
TRINITY_DN3549_c0_g1_i2,Pol,Fer,9.856408451,2.72E-08,5.81E-06,ORC2_ORYSJ,up
TRINITY_DN7214_c0_g1_i4,Pol,Fer,9.853419613,1.87E-05,0.001018351,SFH12_ARATH,up
TRINITY_DN4482_c0_g1_i20,Pol,Fer,9.843818687,2.77E-08,5.88E-06,BASS2_ORYSJ,up
TRINITY_DN2_c0_g1_i4,Pol,Fer,9.843784418,4.52E-08,9.05E-06,PTI13_ARATH,up
TRINITY_DN1131_c0_g1_i6,Pol,Fer,9.778956715,5.99E-08,1.14E-05,ACOX1_ARATH,up
TRINITY_DN256_c0_g1_i8,Pol,Fer,9.762442449,1.98E-07,3.04E-05,CDF2_ARATH,up
TRINITY_DN1547_c0_g1_i4,Pol,Fer,9.731880021,8.56E-08,1.56E-05,RBM25_HUMAN,up
TRINITY_DN12416_c0_g1_i2,Pol,Fer,9.726864718,4.62E-08,9.20E-06,CALR1_ARATH,up
TRINITY_DN994_c0_g1_i7,Pol,Fer,9.722618275,4.11E-06,0.000335791,KPYC_SOLTU,up
TRINITY_DN21148_c0_g1_i2,Pol,Fer,9.716209958,4.85E-08,9.61E-06,MRAY_ARATH,up
TRINITY_DN820_c0_g1_i1,Pol,Fer,9.702276681,5.90E-08,1.13E-05,SBT3_LOTJA,up
TRINITY_DN206_c0_g1_i34,Pol,Fer,9.699072652,6.43E-05,0.002588925,PCKA1_ARATH,up
TRINITY_DN4338_c0_g1_i7,Pol,Fer,9.687069399,5.48E-08,1.07E-05,MED8_ARATH,up
TRINITY_DN851_c0_g1_i3,Pol,Fer,9.686966775,9.16E-07,0.000108393,HSP83_ORYSJ,up
TRINITY_DN1789_c0_g1_i4,Pol,Fer,9.685051406,6.54E-05,0.002619516,ACO3M_ARATH,up
TRINITY_DN7172_c0_g1_i35,Pol,Fer,9.656221023,8.44E-08,1.55E-05,FK151_ARATH,up
TRINITY_DN13630_c0_g1_i7,Pol,Fer,9.648484141,3.62E-07,5.00E-05,GASA6_ARATH,up
TRINITY_DN1220_c0_g1_i9,Pol,Fer,9.647185325,6.95E-08,1.30E-05,RVE8_ARATH,up
TRINITY_DN2345_c0_g1_i2,Pol,Fer,9.626677248,1.05E-06,0.000119461,RUBB_PEA,up
TRINITY_DN5444_c0_g1_i2,Pol,Fer,9.618368413,1.59E-06,0.000162276,LEU1A_SOLPN,up
TRINITY_DN13657_c0_g2_i6,Pol,Fer,9.594093243,9.16E-07,0.000108393,HSP7P_ARATH,up
TRINITY_DN307_c0_g1_i9,Pol,Fer,9.589562356,1.38E-07,2.32E-05,CATIN_ARATH,up
TRINITY_DN206_c0_g1_i44,Pol,Fer,9.582778645,4.02E-05,0.001816905,PCKA1_ARATH,up
TRINITY_DN1136_c0_g1_i87,Pol,Fer,9.58178641,1.66E-06,0.000166532,FPGS2_ARATH,up
TRINITY_DN11396_c0_g1_i13,Pol,Fer,9.570582788,1.05E-07,1.86E-05,CCB11_ORYSJ,up
TRINITY_DN8735_c0_g1_i10,Pol,Fer,9.565750964,9.69E-08,1.75E-05,ASNS_ASPOF,up
TRINITY_DN1780_c0_g1_i5,Pol,Fer,9.557096026,1.04E-07,1.86E-05,TIC40_PEA,up
TRINITY_DN1760_c0_g1_i6,Pol,Fer,9.508303506,1.41E-07,2.34E-05,SCAM1_ORYSI,up
TRINITY_DN3827_c0_g1_i4,Pol,Fer,9.500165032,1.61E-07,2.56E-05,ALY3_ARATH,up
TRINITY_DN2013_c0_g1_i4,Pol,Fer,9.495123555,1.51E-07,2.43E-05,SGS3_ORYSJ,up
TRINITY_DN1968_c1_g2_i1,Pol,Fer,9.481471504,1.18E-06,0.000129838,EIL1B_ORYSJ,up
TRINITY_DN11414_c0_g1_i4,Pol,Fer,9.479897836,1.63E-07,2.57E-05,GGP1_ARATH,up
TRINITY_DN1336_c0_g1_i6,Pol,Fer,9.471368576,1.49E-07,2.41E-05,TSS_ARATH,up
TRINITY_DN10871_c0_g1_i23,Pol,Fer,9.463826517,2.65E-07,3.85E-05,NAP1B_ORYSJ,up
TRINITY_DN6659_c0_g1_i2,Pol,Fer,9.430290144,4.99E-07,6.51E-05,PWD_ORYSJ,up
TRINITY_DN8317_c0_g1_i29,Pol,Fer,9.425709139,2.35E-06,0.00021922,TSS_ARATH,up
TRINITY_DN13589_c0_g1_i22,Pol,Fer,9.402694894,2.90E-07,4.14E-05,RCC2_HUMAN,up
TRINITY_DN3675_c0_g1_i1,Pol,Fer,9.398494065,6.53E-07,8.11E-05,LFG4_ARATH,up
TRINITY_DN21725_c0_g1_i12,Pol,Fer,9.395652694,2.19E-07,3.32E-05,P5CS1_ORYSJ,up
TRINITY_DN9072_c0_g1_i5,Pol,Fer,9.387745949,6.23E-07,7.81E-05,XG113_ARATH,up
TRINITY_DN17628_c0_g1_i3,Pol,Fer,9.36158326,2.62E-07,3.82E-05,Y6689_DICDI,up
TRINITY_DN5897_c0_g1_i4,Pol,Fer,9.336464182,1.37E-06,0.000145329,SMC3_ARATH,up
TRINITY_DN2114_c0_g1_i19,Pol,Fer,9.316291049,1.21E-06,0.00013236,MAOX_PHAVU,up
TRINITY_DN3033_c0_g1_i3,Pol,Fer,9.289628531,3.94E-07,5.37E-05,PIN3_ARATH,up
TRINITY_DN4340_c0_g1_i15,Pol,Fer,9.280801862,3.55E-07,4.94E-05,MANA1_ARATH,up
TRINITY_DN3035_c0_g1_i5,Pol,Fer,9.227739228,5.32E-07,6.85E-05,RH24_ARATH,up
TRINITY_DN4151_c0_g1_i13,Pol,Fer,9.224632035,1.02E-06,0.000117608,RMC1_MOUSE,up
TRINITY_DN2473_c0_g1_i10,Pol,Fer,9.205149609,6.27E-07,7.83E-05,FRS6_ARATH,up
TRINITY_DN6470_c0_g1_i5,Pol,Fer,9.195218902,5.67E-07,7.19E-05,TBCD_ARATH,up
TRINITY_DN35363_c0_g1_i1,Pol,Fer,9.19447944,7.93E-07,9.61E-05,SBT4_LOTJA,up
TRINITY_DN7565_c0_g1_i3,Pol,Fer,9.1807769,6.34E-07,7.90E-05,NAA15_ARATH,up
TRINITY_DN9763_c0_g1_i4,Pol,Fer,9.175391233,1.89E-05,0.00102061,TENAC_ARATH,up
TRINITY_DN11464_c1_g1_i6,Pol,Fer,9.168996869,8.79E-07,0.000105089,ASOL_BRANA,up
TRINITY_DN4650_c0_g1_i10,Pol,Fer,9.163181415,2.50E-05,0.001268998,PMTH_ARATH,up
TRINITY_DN5897_c0_g1_i9,Pol,Fer,9.162181811,1.22E-06,0.000132924,SMC3_ARATH,up
TRINITY_DN13143_c0_g1_i26,Pol,Fer,9.148529394,6.77E-07,8.37E-05,FPP4_ARATH,up
TRINITY_DN3438_c0_g1_i5,Pol,Fer,9.146765362,3.62E-06,0.000306256,TRM11_CHICK,up
TRINITY_DN665_c0_g1_i10,Pol,Fer,9.142347579,8.85E-06,0.000597565,FPP4_ARATH,up
TRINITY_DN320_c1_g1_i3,Pol,Fer,9.13784563,7.12E-07,8.72E-05,MYB05_ANTMA,up
TRINITY_DN369_c0_g1_i5,Pol,Fer,9.128381963,5.95E-06,0.000440384,SFSWA_HUMAN,up
TRINITY_DN7517_c0_g1_i3,Pol,Fer,9.120829561,2.25E-06,0.000210934,CKX4_ORYSJ,up
TRINITY_DN141_c0_g1_i5,Pol,Fer,9.109891848,7.72E-07,9.39E-05,CDC73_ARATH,up
TRINITY_DN7588_c0_g1_i12,Pol,Fer,9.097784972,3.55E-06,0.000302104,IF4E1_WHEAT,up
TRINITY_DN2209_c0_g1_i13,Pol,Fer,9.095761217,1.44E-06,0.000150667,GRIP_ARATH,up
TRINITY_DN9435_c0_g1_i23,Pol,Fer,9.095196974,9.50E-07,0.000111298,SUVR4_ARATH,up
TRINITY_DN2663_c0_g1_i12,Pol,Fer,9.088930237,9.90E-06,0.000651262,BH130_ARATH,up
TRINITY_DN1664_c0_g1_i17,Pol,Fer,9.085796574,9.77E-07,0.000113315,AMO2_ARTS1,up
TRINITY_DN3120_c0_g1_i98,Pol,Fer,9.084238669,1.81E-06,0.000179297,AFC2_ARATH,up
TRINITY_DN2465_c0_g1_i1,Pol,Fer,9.084147256,1.65E-06,0.000166282,YITV_BACSU,up
TRINITY_DN4046_c0_g1_i4,Pol,Fer,9.075827531,9.60E-06,0.000640492,PPCE_HUMAN,up
TRINITY_DN6910_c0_g1_i2,Pol,Fer,9.075054039,1.01E-06,0.000116438,Y6944_ORYSJ,up
TRINITY_DN1516_c0_g1_i5,Pol,Fer,9.070795956,1.40E-06,0.000146991,IPO9_MOUSE,up
TRINITY_DN3350_c0_g1_i2,Pol,Fer,9.064454374,1.14E-06,0.000127157,CSC1_ARATH,up
TRINITY_DN4104_c0_g1_i7,Pol,Fer,9.062129309,1.02E-06,0.000117164,KANL3_DANRE,up
TRINITY_DN5877_c0_g1_i1,Pol,Fer,9.059520836,3.20E-06,0.000280326,ALA3_ARATH,up
TRINITY_DN5663_c0_g1_i6,Pol,Fer,9.057599292,1.85E-06,0.000182071,DIR19_ARATH,up
TRINITY_DN873_c0_g1_i11,Pol,Fer,9.055377549,7.32E-06,0.000512788,PRP39_SCHPO,up
TRINITY_DN4142_c0_g1_i2,Pol,Fer,9.055250085,1.60E-06,0.000162774,Y4407_SELML,up
TRINITY_DN2896_c0_g1_i15,Pol,Fer,9.054749054,1.16E-06,0.000127778,AGO4A_ORYSJ,up
TRINITY_DN6006_c0_g1_i1,Pol,Fer,9.045901289,1.63E-05,0.000915603,SEOB_ARATH,up
TRINITY_DN165_c0_g1_i6,Pol,Fer,9.039693,1.07E-06,0.000121378,BH145_ARATH,up
TRINITY_DN340_c0_g1_i10,Pol,Fer,9.038716831,1.14E-06,0.000126776,PUM2_ARATH,up
TRINITY_DN1353_c0_g1_i149,Pol,Fer,9.022188835,8.52E-06,0.000579552,SIK1_ORYSJ,up
TRINITY_DN5574_c0_g1_i19,Pol,Fer,9.008289854,3.00E-06,0.0002668,IP5P3_ARATH,up
TRINITY_DN3568_c0_g1_i10,Pol,Fer,8.994757906,1.30E-06,0.000139845,PP330_ARATH,up
TRINITY_DN8650_c0_g1_i2,Pol,Fer,8.987902445,5.24E-05,0.00223437,CCAMK_LOTJA,up
TRINITY_DN4401_c0_g1_i2,Pol,Fer,8.982205215,1.37E-06,0.000145329,PHL11_ARATH,up
TRINITY_DN2405_c0_g1_i30,Pol,Fer,8.9814163,1.50E-06,0.000155752,SKIP6_ARATH,up
TRINITY_DN17722_c0_g1_i6,Pol,Fer,8.980252598,4.72E-06,0.000367162,CALS9_ARATH,up
TRINITY_DN2722_c0_g1_i19,Pol,Fer,8.971243663,1.59E-06,0.000162276,SUF4_ARATH,up
TRINITY_DN5257_c0_g1_i3,Pol,Fer,8.965313781,2.12E-06,0.000200931,NRDC_ARATH,up
TRINITY_DN3986_c0_g1_i6,Pol,Fer,8.944245648,5.57E-06,0.000418648,GLGL1_BETVU,up
TRINITY_DN5304_c0_g1_i18,Pol,Fer,8.931439648,2.42E-06,0.000224051,SUT41_ARATH,up
TRINITY_DN2878_c0_g1_i1,Pol,Fer,8.931103456,1.98E-06,0.000190408,4CLL6_ARATH,up
TRINITY_DN1867_c0_g1_i31,Pol,Fer,8.930385826,1.71E-05,0.000951156,OFUT7_ARATH,up
TRINITY_DN806_c0_g1_i7,Pol,Fer,8.923500495,1.85E-06,0.000182071,Y1765_ARATH,up
TRINITY_DN411_c0_g1_i2,Pol,Fer,8.918529617,3.28E-06,0.000284503,CRWN4_ARATH,up
TRINITY_DN1528_c0_g1_i3,Pol,Fer,8.914565748,1.86E-06,0.000182071,BAZ1A_HUMAN,up
TRINITY_DN1330_c0_g1_i3,Pol,Fer,8.908403835,6.18E-06,0.000452846,ANL2_ARATH,up
TRINITY_DN822_c0_g1_i2,Pol,Fer,8.901838744,7.69E-06,0.000532274,HT1_ARATH,up
TRINITY_DN5888_c0_g1_i17,Pol,Fer,8.891908855,4.51E-06,0.000356079,AB25G_ARATH,up
TRINITY_DN4602_c0_g1_i3,Pol,Fer,8.885766151,7.13E-05,0.002789513,GPI8_DROME,up
TRINITY_DN437_c0_g1_i10,Pol,Fer,8.874007534,2.23E-06,0.000209481,PSMD3_TOBAC,up
TRINITY_DN6514_c0_g1_i4,Pol,Fer,8.865980568,2.34E-06,0.000219212,GFT1_ARATH,up
TRINITY_DN1353_c0_g1_i131,Pol,Fer,8.863008176,4.30E-06,0.000346229,SIK1_ORYSJ,up
TRINITY_DN1379_c0_g1_i1,Pol,Fer,8.850027451,3.19E-06,0.000280326,JMJ30_ARATH,up
TRINITY_DN6348_c0_g1_i3,Pol,Fer,8.846172028,4.23E-05,0.001896422,YBEG_SCHPO,up
TRINITY_DN2727_c0_g1_i71,Pol,Fer,8.841542753,1.20E-05,0.000755118,MENE_ARATH,up
TRINITY_DN7683_c0_g1_i1,Pol,Fer,8.833516521,4.90E-05,0.002138136,ILI5_ORYSJ,up
TRINITY_DN5857_c0_g1_i24,Pol,Fer,8.829144753,3.88E-06,0.000322126,UBP15_ARATH,up
TRINITY_DN584_c0_g1_i2,Pol,Fer,8.826936837,6.52E-05,0.002617171,ARFG_ORYSJ,up
TRINITY_DN9248_c0_g1_i45,Pol,Fer,8.820593867,1.89E-05,0.00102061,Y2296_ARATH,up
TRINITY_DN6535_c0_g1_i22,Pol,Fer,8.81734489,3.24E-06,0.00028226,IDHC_TOBAC,up
TRINITY_DN917_c0_g1_i8,Pol,Fer,8.817278062,1.43E-05,0.000835198,SBT38_ARATH,up
TRINITY_DN9885_c0_g2_i3,Pol,Fer,8.809296357,2.47E-05,0.001254637,GRF1_ORYSJ,up
TRINITY_DN3362_c0_g1_i2,Pol,Fer,8.805487879,7.04E-06,0.000497532,C3H6_ARATH,up
TRINITY_DN7583_c0_g1_i3,Pol,Fer,8.800432603,9.81E-06,0.000647677,ICR2_ARATH,up
TRINITY_DN6524_c0_g1_i6,Pol,Fer,8.794686398,3.40E-06,0.000292638,HAK9_ORYSJ,up
TRINITY_DN1464_c0_g1_i4,Pol,Fer,8.793537679,3.22E-06,0.000281178,SUGP1_ARATH,up
TRINITY_DN357_c0_g1_i26,Pol,Fer,8.7880299,5.56E-06,0.000418581,ACS_ARATH,up
TRINITY_DN141_c0_g1_i1,Pol,Fer,8.780387174,5.29E-06,0.000403478,CDC73_ARATH,up
TRINITY_DN2087_c0_g1_i25,Pol,Fer,8.777547675,3.73E-05,0.00171776,ALA1_ARATH,up
TRINITY_DN5577_c0_g1_i17,Pol,Fer,8.769149985,8.76E-06,0.000592624,AMPD_ARATH,up
TRINITY_DN2734_c0_g1_i8,Pol,Fer,8.766487557,3.93E-06,0.000323884,CLCF_ARATH,up
TRINITY_DN820_c0_g1_i4,Pol,Fer,8.760847276,1.40E-05,0.000831243,SBT_MEDTR,up
TRINITY_DN3944_c0_g1_i3,Pol,Fer,8.75723988,8.61E-06,0.000584595,MA652_ARATH,up
TRINITY_DN10276_c0_g1_i18,Pol,Fer,8.756360899,4.30E-06,0.000346229,APC2_ARATH,up
TRINITY_DN5768_c0_g1_i1,Pol,Fer,8.754936455,4.71E-06,0.000367162,RNL_ARATH,up
TRINITY_DN4418_c0_g1_i2,Pol,Fer,8.750067435,1.21E-05,0.000758416,YHLA_SCHPO,up
TRINITY_DN2114_c0_g1_i26,Pol,Fer,8.749747015,8.20E-05,0.003066589,MAOX_PHAVU,up
TRINITY_DN7263_c0_g1_i12,Pol,Fer,8.74581775,4.55E-06,0.000358199,GAGT1_ARATH,up
TRINITY_DN11112_c0_g1_i2,Pol,Fer,8.736090934,4.11E-06,0.000335791,MST8_ORYSJ,up
TRINITY_DN1220_c0_g1_i4,Pol,Fer,8.734209711,4.31E-06,0.000346229,RVE8_ARATH,up
TRINITY_DN918_c0_g1_i10,Pol,Fer,8.734090984,2.75E-05,0.001354154,LHT1_ARATH,up
TRINITY_DN6864_c0_g1_i1,Pol,Fer,8.729922142,7.33E-06,0.000512788,SC31B_ARATH,up
TRINITY_DN7121_c0_g1_i14,Pol,Fer,8.727908381,4.76E-06,0.000369659,SECA2_ARATH,up
TRINITY_DN12594_c1_g2_i3,Pol,Fer,8.712685135,5.78E-06,0.000429494,Y1666_ARATH,up
TRINITY_DN3502_c0_g1_i8,Pol,Fer,8.70752011,1.11E-10,5.23E-08,GUN17_ARATH,up
TRINITY_DN5762_c0_g1_i4,Pol,Fer,8.698494586,1.79E-05,0.000983738,TT9_ARATH,up
TRINITY_DN6149_c0_g1_i6,Pol,Fer,8.696068599,4.94E-05,0.002145227,Y3130_ARATH,up
TRINITY_DN9949_c0_g1_i3,Pol,Fer,8.684520458,3.02E-05,0.001455189,CHUP1_ARATH,up
TRINITY_DN7521_c0_g1_i5,Pol,Fer,8.676520469,7.50E-06,0.000521721,FZL_ARATH,up
TRINITY_DN4397_c0_g1_i18,Pol,Fer,8.676450668,1.55E-05,0.00087859,ARP_ARATH,up
TRINITY_DN5873_c0_g1_i11,Pol,Fer,8.67178227,7.75E-06,0.00053574,FEI1_ARATH,up
TRINITY_DN10871_c0_g1_i25,Pol,Fer,8.670659346,6.22E-06,0.000455071,NAP1B_ORYSJ,up
TRINITY_DN6981_c0_g1_i2,Pol,Fer,8.658892871,9.58E-06,0.000640492,Y5830_ARATH,up
TRINITY_DN5190_c0_g1_i18,Pol,Fer,8.656917996,1.01E-05,0.000660961,C3H55_ORYSJ,up
TRINITY_DN173_c0_g1_i13,Pol,Fer,8.654524926,2.31E-05,0.001190307,HSP7S_PEA,up
TRINITY_DN3429_c0_g1_i2,Pol,Fer,8.651563584,2.63E-05,0.001313041,ICR3_ARATH,up
TRINITY_DN806_c0_g1_i21,Pol,Fer,8.65055574,1.06E-05,0.000684593,Y3148_ARATH,up
TRINITY_DN14281_c0_g1_i12,Pol,Fer,8.637219139,4.11E-05,0.001846499,PP147_ARATH,up
TRINITY_DN618_c0_g1_i8,Pol,Fer,8.637161765,7.18E-06,0.000506402,ACINU_MOUSE,up
TRINITY_DN55_c0_g1_i16,Pol,Fer,8.634752265,1.15E-05,0.000732867,CUL1_ORYSJ,up
TRINITY_DN4363_c0_g1_i24,Pol,Fer,8.631902997,6.98E-06,0.000496241,NRPC2_ARATH,up
TRINITY_DN3673_c0_g1_i11,Pol,Fer,8.629728695,6.56E-06,0.000469781,DPOD3_MOUSE,up
TRINITY_DN925_c0_g1_i5,Pol,Fer,8.620766226,8.24E-06,0.000567015,NIC1_ARATH,up
TRINITY_DN1693_c0_g1_i6,Pol,Fer,8.620071766,6.85E-06,0.000487919,ILK1_ARATH,up
TRINITY_DN2836_c0_g1_i1,Pol,Fer,8.618476026,1.25E-05,0.000775827,GLPT1_ARATH,up
TRINITY_DN3360_c0_g1_i2,Pol,Fer,8.613543803,1.30E-05,0.000793755,TPT_SOLTU,up
TRINITY_DN5606_c0_g1_i5,Pol,Fer,8.610042592,1.33E-05,0.000804661,SBT3_LOTJA,up
TRINITY_DN9117_c0_g1_i1,Pol,Fer,8.609695443,2.28E-05,0.001178708,LAX3_MEDTR,up
TRINITY_DN7347_c0_g1_i2,Pol,Fer,8.607990712,5.95E-05,0.002442872,SAD2H_ARATH,up
TRINITY_DN15496_c0_g1_i7,Pol,Fer,8.585499249,1.34E-05,0.000806318,MYTM1_ARATH,up
TRINITY_DN261_c0_g1_i2,Pol,Fer,8.58478974,1.15E-05,0.000734854,FOSB_BACLD,up
TRINITY_DN747_c0_g1_i9,Pol,Fer,8.580021544,1.42E-05,0.000832711,SPPA1_ARATH,up
TRINITY_DN590_c0_g1_i9,Pol,Fer,8.578674553,1.51E-05,0.000867714,ARAE1_ORYSJ,up
TRINITY_DN12662_c0_g1_i7,Pol,Fer,8.577675268,4.49E-05,0.00199492,FH3_ORYSJ,up
TRINITY_DN3915_c0_g1_i9,Pol,Fer,8.574816964,1.29E-05,0.000793667,RGA3_SOLBU,up
TRINITY_DN3592_c0_g1_i7,Pol,Fer,8.570883918,1.05E-05,0.000679591,AIR9_ARATH,up
TRINITY_DN3203_c1_g1_i9,Pol,Fer,8.568221698,1.50E-05,0.000865737,KN7E_ORYSJ,up
TRINITY_DN3274_c0_g1_i9,Pol,Fer,8.565690472,9.65E-06,0.000641211,MCM7_ORYSI,up
TRINITY_DN5574_c0_g1_i25,Pol,Fer,8.564486953,1.21E-05,0.000760265,IP5P1_ARATH,up
TRINITY_DN1513_c0_g1_i15,Pol,Fer,8.554487301,9.34E-06,0.000628134,Y1765_ARATH,up
TRINITY_DN4630_c0_g1_i9,Pol,Fer,8.553007473,2.07E-05,0.001094116,IF2_RUMCH,up
TRINITY_DN4985_c0_g1_i7,Pol,Fer,8.550626771,5.82E-05,0.002399691,TBC15_MOUSE,up
TRINITY_DN3294_c0_g1_i15,Pol,Fer,8.54948816,9.38E-06,0.00062956,SRF3_ARATH,up
TRINITY_DN674_c0_g1_i3,Pol,Fer,8.545419809,1.15E-05,0.000734854,TF3B_MOUSE,up
TRINITY_DN7262_c0_g1_i3,Pol,Fer,8.544792888,9.66E-06,0.000641211,SETD3_PAPAN,up
TRINITY_DN11103_c0_g1_i3,Pol,Fer,8.53869025,7.40E-05,0.002863314,PME18_ARATH,up
TRINITY_DN4336_c0_g1_i1,Pol,Fer,8.533267739,1.21E-05,0.000758416,VSR1_PEA,up
TRINITY_DN1998_c0_g1_i1,Pol,Fer,8.530099689,1.40E-05,0.000831243,UBP26_ORYSJ,up
TRINITY_DN9167_c0_g1_i9,Pol,Fer,8.526402168,1.28E-05,0.000785041,PQQL_ARATH,up
TRINITY_DN7584_c0_g1_i4,Pol,Fer,8.521393531,1.14E-05,0.000729216,HSP7C_PETHY,up
TRINITY_DN3419_c0_g1_i5,Pol,Fer,8.516172323,1.54E-05,0.000877821,CRL5_ORYSJ,up
TRINITY_DN1298_c0_g1_i18,Pol,Fer,8.513176209,2.27E-05,0.001178708,SOQ1_ARATH,up
TRINITY_DN14055_c0_g1_i3,Pol,Fer,8.5111961,2.89E-05,0.001404959,DCUP1_ARATH,up
TRINITY_DN1823_c0_g1_i12,Pol,Fer,8.504602667,1.14E-05,0.000732592,DNLI4_ORYSJ,up
TRINITY_DN980_c0_g1_i5,Pol,Fer,8.50164281,1.34E-05,0.000806318,SR34_ARATH,up
TRINITY_DN3069_c0_g1_i5,Pol,Fer,8.496911925,1.88E-05,0.00102061,C3H24_ORYSJ,up
TRINITY_DN4288_c0_g1_i3,Pol,Fer,8.487113196,1.31E-05,0.000796389,SAB_ARATH,up
TRINITY_DN6236_c0_g1_i6,Pol,Fer,8.482121439,1.47E-05,0.000849855,AMSH1_ARATH,up
TRINITY_DN1114_c0_g1_i7,Pol,Fer,8.476070576,2.16E-05,0.001133144,BCAT5_ARATH,up
TRINITY_DN9425_c0_g1_i32,Pol,Fer,8.471946615,2.38E-05,0.001224707,ROC8_ORYSJ,up
TRINITY_DN522_c0_g1_i4,Pol,Fer,8.468564853,1.32E-05,0.000799896,GOGC4_ARATH,up
TRINITY_DN3555_c0_g1_i17,Pol,Fer,8.467754392,6.53E-05,0.002619516,PBL27_ARATH,up
TRINITY_DN14034_c0_g1_i20,Pol,Fer,8.446882331,1.48E-05,0.000851524,DUR3_ARATH,up
TRINITY_DN8123_c0_g1_i1,Pol,Fer,8.444589306,2.83E-05,0.001378161,MURG_FLAPJ,up
TRINITY_DN4662_c0_g1_i1,Pol,Fer,8.441536609,5.34E-05,0.002263454,GSTFD_ARATH,up
TRINITY_DN481_c0_g1_i1,Pol,Fer,8.437373311,1.51E-05,0.000866488,ALB4_ARATH,up
TRINITY_DN3255_c0_g1_i8,Pol,Fer,8.43306372,1.65E-05,0.000923336,MDM38_YEAST,up
TRINITY_DN972_c1_g1_i4,Pol,Fer,8.428327941,1.60E-05,0.00089973,FBL17_ARATH,up
TRINITY_DN18475_c0_g1_i1,Pol,Fer,8.42021812,2.76E-05,0.001355715,FAB1D_ARATH,up
TRINITY_DN2012_c0_g1_i2,Pol,Fer,8.416335388,1.73E-05,0.000960036,Y2982_ORYSJ,up
TRINITY_DN1272_c0_g1_i4,Pol,Fer,8.410308492,1.97E-05,0.001052162,CSU1_ARATH,up
TRINITY_DN4043_c0_g1_i2,Pol,Fer,8.409183679,3.57E-05,0.001668105,RBR_COCNU,up
TRINITY_DN5377_c0_g1_i2,Pol,Fer,8.4090321,3.17E-05,0.001509738,ADIP_HUMAN,up
TRINITY_DN9675_c0_g1_i3,Pol,Fer,8.405180514,3.07E-05,0.001475956,XB3_ORYSJ,up
TRINITY_DN11694_c0_g1_i2,Pol,Fer,8.386237164,3.74E-05,0.001719724,PUB7_ARATH,up
TRINITY_DN5839_c0_g1_i5,Pol,Fer,8.384887509,1.96E-05,0.00105107,LIN2_LOTJA,up
TRINITY_DN4545_c0_g1_i6,Pol,Fer,8.370272082,2.20E-05,0.00114677,Y2349_ARATH,up
TRINITY_DN305_c0_g1_i4,Pol,Fer,8.36862467,3.46E-05,0.001628541,NPR2_ORYSJ,up
TRINITY_DN2896_c0_g1_i6,Pol,Fer,8.364591209,2.17E-05,0.001133611,AGO4B_ORYSJ,up
TRINITY_DN7358_c0_g1_i3,Pol,Fer,8.364591209,2.17E-05,0.001133611,BASS5_ORYSJ,up
TRINITY_DN3982_c0_g1_i4,Pol,Fer,8.351813019,2.26E-05,0.001170663,BAHL1_ORYSJ,up
TRINITY_DN3402_c0_g1_i2,Pol,Fer,8.347722839,6.62E-05,0.002637306,SERK4_ORYSJ,up
TRINITY_DN748_c0_g1_i13,Pol,Fer,8.347575449,5.73E-05,0.002374296,BIOF_ARATH,up
TRINITY_DN13968_c0_g1_i21,Pol,Fer,8.338351054,2.63E-05,0.001313041,NFD4_ARATH,up
TRINITY_DN6993_c0_g1_i6,Pol,Fer,8.33667026,2.70E-05,0.001337091,TAF2_ARATH,up
TRINITY_DN3671_c0_g1_i4,Pol,Fer,8.329484447,5.90E-05,0.002425622,PTST_ARATH,up
TRINITY_DN9358_c0_g1_i17,Pol,Fer,8.322251654,2.71E-05,0.001340497,VAC14_ARATH,up
TRINITY_DN6646_c0_g1_i4,Pol,Fer,8.321110434,2.57E-05,0.001290998,SRF7_ARATH,up
TRINITY_DN10969_c0_g1_i1,Pol,Fer,8.318877758,3.62E-05,0.001683112,ISE2_ARATH,up
TRINITY_DN1297_c0_g1_i7,Pol,Fer,8.318701536,3.30E-05,0.001563067,TTHL_ARATH,up
TRINITY_DN4895_c0_g1_i21,Pol,Fer,8.318592355,3.00E-05,0.001445505,MSRA_SOLLC,up
TRINITY_DN6835_c0_g1_i1,Pol,Fer,8.313776192,7.77E-05,0.002946282,PGR_ARATH,up
TRINITY_DN12130_c0_g1_i4,Pol,Fer,8.313464082,2.55E-05,0.00128938,PIGT_MOUSE,up
TRINITY_DN2092_c0_g1_i12,Pol,Fer,8.310183201,3.62E-05,0.001683112,FRS6_ARATH,up
TRINITY_DN5270_c0_g1_i1,Pol,Fer,8.309667914,7.45E-05,0.002875684,BGH3B_BACO1,up
TRINITY_DN205_c1_g1_i8,Pol,Fer,8.30519708,2.66E-05,0.001321736,AVT1A_ARATH,up
TRINITY_DN891_c0_g1_i15,Pol,Fer,8.300580322,3.79E-05,0.001735845,SECA_SPIOL,up
TRINITY_DN8974_c0_g1_i14,Pol,Fer,8.299251494,6.48E-05,0.002604624,TOP1_RICBR,up
TRINITY_DN5955_c1_g1_i17,Pol,Fer,8.295422473,8.04E-05,0.003019596,PGR_ARATH,up
TRINITY_DN17874_c0_g2_i12,Pol,Fer,8.294606274,4.24E-05,0.001896702,PTA10_ARATH,up
TRINITY_DN6487_c1_g1_i2,Pol,Fer,8.29457383,9.85E-06,0.000649068,SWT15_ORYSI,up
TRINITY_DN11142_c0_g2_i8,Pol,Fer,8.293874168,3.08E-05,0.001475956,YSL5_ARATH,up
TRINITY_DN1135_c0_g1_i2,Pol,Fer,8.292432488,3.99E-05,0.00180749,CPL1_ARATH,up
TRINITY_DN4964_c0_g1_i6,Pol,Fer,8.292323665,3.18E-05,0.00151528,NOC2L_ORYSJ,up
TRINITY_DN4275_c0_g1_i1,Pol,Fer,8.291951442,3.70E-05,0.001709309,EI2BE_RAT,up
TRINITY_DN6514_c0_g1_i3,Pol,Fer,8.290518949,3.00E-05,0.001445505,GFT1_ARATH,up
TRINITY_DN6034_c0_g1_i27,Pol,Fer,8.288251398,3.91E-05,0.001779073,DLD_ARATH,up
TRINITY_DN820_c0_g1_i5,Pol,Fer,8.282315274,3.08E-05,0.001475956,SBT3_LOTJA,up
TRINITY_DN5665_c0_g1_i7,Pol,Fer,8.281743552,3.73E-05,0.001716955,SPS1_ORYSJ,up
TRINITY_DN1403_c0_g1_i5,Pol,Fer,8.272455943,6.94E-05,0.002734959,BAT1_ARATH,up
TRINITY_DN6970_c0_g1_i5,Pol,Fer,8.268386358,7.67E-05,0.002918633,HVT1_ARATH,up
TRINITY_DN8339_c0_g1_i29,Pol,Fer,8.266365429,3.11E-05,0.001489174,MAF1_BOVIN,up
TRINITY_DN11546_c0_g1_i10,Pol,Fer,8.264534056,3.22E-05,0.001525595,PDPK1_ARATH,up
TRINITY_DN669_c0_g1_i1,Pol,Fer,8.259371888,4.94E-05,0.002145227,EIL1B_ORYSJ,up
TRINITY_DN5983_c0_g1_i3,Pol,Fer,8.247781046,3.49E-05,0.001639991,VAD1_ARATH,up
TRINITY_DN5792_c0_g1_i33,Pol,Fer,8.239923533,4.32E-05,0.001925487,UVH3_ARATH,up
TRINITY_DN5064_c0_g1_i5,Pol,Fer,8.229716421,5.69E-05,0.002365762,OSA15_ORYSJ,up
TRINITY_DN1601_c0_g1_i2,Pol,Fer,8.2269289,4.91E-05,0.002138136,KINGL_ARATH,up
TRINITY_DN1913_c0_g1_i4,Pol,Fer,8.226739443,5.40E-05,0.002278279,ICR4_ARATH,up
TRINITY_DN918_c0_g1_i12,Pol,Fer,8.223949799,9.64E-05,0.003481834,LHT1_ARATH,up
TRINITY_DN7213_c0_g1_i2,Pol,Fer,8.217616759,7.88E-05,0.002979598,ZHD6_ORYSI,up
TRINITY_DN8418_c0_g1_i1,Pol,Fer,8.214953902,3.92E-05,0.001779416,RSLE2_ORYSJ,up
TRINITY_DN1972_c0_g1_i12,Pol,Fer,8.214278622,5.02E-05,0.002165131,KEG_ARATH,up
TRINITY_DN1554_c0_g1_i2,Pol,Fer,8.209862179,4.94E-05,0.002145227,SFH12_ARATH,up
TRINITY_DN11763_c0_g1_i6,Pol,Fer,8.208127903,6.21E-05,0.002517702,PHT1_ORYSJ,up
TRINITY_DN40_c0_g1_i55,Pol,Fer,8.205819711,5.82E-05,0.002399691,BLH10_ARATH,up
TRINITY_DN2109_c0_g1_i7,Pol,Fer,8.204062434,7.63E-05,0.002911865,MAP1B_ARATH,up
TRINITY_DN1171_c0_g1_i9,Pol,Fer,8.196587618,5.55E-05,0.002325269,BGA15_ORYSJ,up
TRINITY_DN2360_c1_g1_i2,Pol,Fer,8.190507506,6.25E-05,0.002529827,TBL34_ARATH,up
TRINITY_DN7455_c0_g1_i1,Pol,Fer,8.188548661,7.27E-05,0.002826918,HTSF1_MOUSE,up
TRINITY_DN8073_c0_g1_i3,Pol,Fer,8.187769463,5.01E-05,0.002161125,SCRL2_ORYSJ,up
TRINITY_DN2156_c0_g1_i27,Pol,Fer,8.187632646,6.26E-05,0.002530878,GPI1_SCHPO,up
TRINITY_DN5577_c0_g1_i16,Pol,Fer,8.187144068,4.38E-05,0.001953975,AMPD_ARATH,up
TRINITY_DN8547_c0_g1_i1,Pol,Fer,8.178330503,4.57E-05,0.002019109,CDC22_ARATH,up
TRINITY_DN11094_c0_g2_i1,Pol,Fer,8.175031148,6.71E-05,0.002662402,AB21B_ARATH,up
TRINITY_DN10728_c0_g1_i9,Pol,Fer,8.172939522,4.91E-05,0.002138136,FPA_ARATH,up
TRINITY_DN1771_c0_g1_i2,Pol,Fer,8.172263761,5.36E-05,0.002266894,AUR1_ARATH,up
TRINITY_DN8374_c0_g1_i3,Pol,Fer,8.172263761,5.36E-05,0.002266894,Y1457_ARATH,up
TRINITY_DN2523_c0_g1_i33,Pol,Fer,8.167974673,5.86E-05,0.002414606,F10C1_HUMAN,up
TRINITY_DN5286_c0_g1_i10,Pol,Fer,8.165328146,5.16E-05,0.002211055,PPA17_ARATH,up
TRINITY_DN5792_c0_g1_i3,Pol,Fer,8.162936835,5.04E-05,0.002165131,UVH3_ARATH,up
TRINITY_DN5953_c0_g1_i3,Pol,Fer,8.160540209,4.96E-05,0.0021474,LPAI_ARATH,up
TRINITY_DN1096_c0_g1_i4,Pol,Fer,8.15699713,6.79E-05,0.002689636,ZW10_ARATH,up
TRINITY_DN11386_c0_g1_i30,Pol,Fer,8.156248864,7.94E-05,0.002995624,CUL4_ARATH,up
TRINITY_DN4362_c0_g1_i3,Pol,Fer,8.150200384,6.91E-05,0.002730096,KIP1L_ARATH,up
TRINITY_DN28343_c0_g1_i1,Pol,Fer,8.148271489,5.39E-05,0.002273694,FUCO1_ARATH,up
TRINITY_DN14456_c0_g1_i6,Pol,Fer,8.144737233,5.30E-05,0.002249274,KN12F_ORYSJ,up
TRINITY_DN2064_c0_g1_i36,Pol,Fer,8.143642473,5.60E-05,0.002341907,VPS3_ARATH,up
TRINITY_DN7536_c0_g1_i15,Pol,Fer,8.139215544,5.55E-05,0.002325269,FGT1_ARATH,up
TRINITY_DN4729_c0_g1_i5,Pol,Fer,8.138934931,7.59E-05,0.002908942,CB60A_ARATH,up
TRINITY_DN6218_c0_g1_i16,Pol,Fer,8.127775514,9.39E-05,0.003410706,IMB1_ARATH,up
TRINITY_DN8253_c0_g1_i4,Pol,Fer,8.126744284,6.04E-05,0.002472951,SBT4_LOTJA,up
TRINITY_DN2497_c0_g1_i12,Pol,Fer,8.126744284,6.04E-05,0.002472951,SCC3_ARATH,up
TRINITY_DN4322_c0_g1_i8,Pol,Fer,8.118586159,9.98E-05,0.003566569,XB33_ARATH,up
TRINITY_DN5967_c0_g1_i6,Pol,Fer,8.10899732,6.70E-05,0.002662402,DEN5B_DANRE,up
TRINITY_DN751_c0_g1_i12,Pol,Fer,8.103094423,6.17E-05,0.002507708,FAO1_LOTJA,up
TRINITY_DN5819_c0_g1_i5,Pol,Fer,8.094201956,6.94E-05,0.002734959,LYK5_ARATH,up
TRINITY_DN6857_c0_g1_i8,Pol,Fer,8.087322387,7.55E-05,0.002897519,RAC2_ORYSJ,up
TRINITY_DN4650_c0_g2_i1,Pol,Fer,8.086645719,6.60E-05,0.002635001,PMTI_ARATH,up
TRINITY_DN3815_c0_g1_i2,Pol,Fer,8.086185481,6.57E-05,0.002627106,SMC5_ARATH,up
TRINITY_DN5857_c0_g1_i27,Pol,Fer,8.082715944,8.03E-05,0.003019596,UBP15_ARATH,up
TRINITY_DN7894_c0_g1_i2,Pol,Fer,8.082495349,7.49E-05,0.002881502,AB39G_ARATH,up
TRINITY_DN372_c0_g1_i4,Pol,Fer,8.082270633,7.09E-05,0.00277723,CSK2E_ARATH,up
TRINITY_DN9248_c0_g1_i52,Pol,Fer,8.077921017,9.10E-05,0.003337427,HERK_ARATH,up
TRINITY_DN9451_c0_g1_i6,Pol,Fer,8.076043438,7.64E-05,0.002912454,PPME1_BOVIN,up
TRINITY_DN4864_c0_g1_i5,Pol,Fer,8.065351,7.32E-05,0.002837045,PPA18_ARATH,up
TRINITY_DN6614_c0_g1_i1,Pol,Fer,8.055524381,7.46E-05,0.002877249,RBL12_ARATH,up
TRINITY_DN3204_c1_g1_i5,Pol,Fer,8.054090997,9.44E-05,0.003422947,COL5_ARATH,up
TRINITY_DN9720_c0_g1_i9,Pol,Fer,8.049153406,9.30E-05,0.003394151,Y1133_ARATH,up
TRINITY_DN1091_c0_g1_i4,Pol,Fer,8.044421467,9.98E-05,0.003566569,CHRC1_ONCHC,up
TRINITY_DN4198_c0_g1_i5,Pol,Fer,8.042090452,9.38E-05,0.003410706,ARP2_ARATH,up
TRINITY_DN5699_c0_g1_i6,Pol,Fer,8.040894332,7.89E-05,0.002979598,NADAP_HUMAN,up
TRINITY_DN7254_c1_g2_i4,Pol,Fer,8.035508255,1.49E-06,0.000155738,CCA31_ARATH,up
TRINITY_DN9227_c0_g1_i3,Pol,Fer,8.032570515,9.00E-05,0.003308343,MPRO1_ARATH,up
TRINITY_DN6505_c0_g1_i14,Pol,Fer,8.028748364,8.35E-05,0.003106352,SYLM_ARATH,up
TRINITY_DN3155_c0_g1_i2,Pol,Fer,8.027554617,9.43E-05,0.003422947,ZSWM7_DANRE,up
TRINITY_DN2455_c0_g1_i1,Pol,Fer,8.021793251,9.21E-05,0.003372222,HPT1_ORYSJ,up
TRINITY_DN805_c0_g1_i28,Pol,Fer,8.021555432,8.81E-05,0.003248712,GGAP1_ARATH,up
TRINITY_DN11184_c0_g1_i3,Pol,Fer,8.013599266,8.76E-05,0.003233349,PRAF1_ARATH,up
TRINITY_DN10208_c0_g1_i2,Pol,Fer,8.011666662,9.23E-05,0.003374815,ORC1_ORYSJ,up
TRINITY_DN2484_c0_g1_i19,Pol,Fer,8.009482411,9.95E-05,0.003563532,C3H18_ORYSJ,up
TRINITY_DN5622_c0_g1_i1,Pol,Fer,7.998044041,9.80E-05,0.003523846,AL221_ARATH,up
TRINITY_DN2957_c0_g1_i4,Pol,Fer,7.99094325,9.61E-05,0.003474007,CA1P_WHEAT,up
TRINITY_DN10161_c0_g1_i5,Pol,Fer,7.990695688,9.79E-05,0.003523846,BUBR1_ARATH,up
TRINITY_DN3595_c0_g2_i1,Pol,Fer,7.664373541,1.86E-06,0.000182071,ARFK_ORYSJ,up
TRINITY_DN820_c0_g1_i2,Pol,Fer,7.591661754,4.61E-07,6.07E-05,SBT3_LOTJA,up
TRINITY_DN4293_c0_g1_i2,Pol,Fer,7.453642474,1.29E-05,0.000791473,STAD_RICCO,up
TRINITY_DN10900_c0_g1_i1,Pol,Fer,7.418845744,1.45E-05,0.000842791,SBT_MEDTR,up
TRINITY_DN10370_c0_g1_i1,Pol,Fer,7.37481297,1.87E-05,0.001018351,GDL57_ARATH,up
TRINITY_DN320_c1_g1_i2,Pol,Fer,7.327282249,8.65E-07,0.000103983,MYB05_ANTMA,up
TRINITY_DN19068_c0_g1_i1,Pol,Fer,7.325375786,2.63E-05,0.001313041,CNGC4_ARATH,up
TRINITY_DN3250_c0_g1_i2,Pol,Fer,7.295555143,4.99E-26,5.86E-22,SBT4_LOTJA,up
TRINITY_DN4591_c0_g1_i2,Pol,Fer,7.284470469,1.04E-12,9.15E-10,PNAA_PRUDU,up
TRINITY_DN122_c0_g1_i4,Pol,Fer,7.251626484,5.87E-05,0.00241578,NET4A_ARATH,up
TRINITY_DN820_c0_g2_i1,Pol,Fer,7.134380626,7.13E-28,1.26E-23,SBT4_LOTJA,up
TRINITY_DN918_c0_g1_i11,Pol,Fer,7.094130618,4.30E-05,0.001923065,LHT1_ARATH,up
TRINITY_DN2577_c0_g1_i1,Pol,Fer,7.026512595,5.29E-06,0.000403478,HSP7S_PEA,up
TRINITY_DN3602_c0_g1_i12,Pol,Fer,7.020670635,1.41E-06,0.000148038,MCM6_ORYSJ,up
TRINITY_DN4562_c0_g1_i1,Pol,Fer,7.000929041,3.87E-06,0.000321765,LTG14_ARATH,up
TRINITY_DN16843_c1_g1_i1,Pol,Fer,6.953763086,8.40E-09,2.28E-06,XPT_ARATH,up
TRINITY_DN424_c0_g1_i14,Pol,Fer,6.905748006,1.06E-07,1.87E-05,LEU1B_SOLPN,up
TRINITY_DN694_c0_g1_i7,Pol,Fer,6.875912672,3.81E-06,0.00031975,LEC2_COLES,up
TRINITY_DN2430_c0_g2_i3,Pol,Fer,6.8703902,9.00E-06,0.000606342,PNH1_ORYSJ,up
TRINITY_DN11132_c0_g1_i2,Pol,Fer,6.808851771,2.29E-05,0.001185897,SPL8_ARATH,up
TRINITY_DN16445_c0_g1_i6,Pol,Fer,6.79203667,4.90E-05,0.002138136,HS22M_SOYBN,up
TRINITY_DN7604_c0_g1_i3,Pol,Fer,6.725774734,1.50E-07,2.42E-05,ZDHC1_ARATH,up
TRINITY_DN1008_c0_g1_i2,Pol,Fer,6.71779663,2.77E-07,3.98E-05,TIC40_PEA,up
TRINITY_DN15629_c0_g1_i5,Pol,Fer,6.697651142,9.36E-12,6.14E-09,PDF1_ARATH,up
TRINITY_DN9001_c0_g1_i2,Pol,Fer,6.692390911,8.74E-05,0.003233349,PME28_ARATH,up
TRINITY_DN3228_c0_g1_i13,Pol,Fer,6.498399132,8.87E-05,0.003263142,P2C04_ORYSJ,up
TRINITY_DN1821_c0_g1_i1,Pol,Fer,6.342185079,2.48E-05,0.001258318,HS704_ARATH,up
TRINITY_DN5311_c0_g1_i5,Pol,Fer,6.301253898,4.54E-05,0.002008219,KN14C_ARATH,up
TRINITY_DN1636_c0_g1_i1,Pol,Fer,6.183566623,4.89E-06,0.00037694,H2B1_ARATH,up
TRINITY_DN1114_c0_g1_i5,Pol,Fer,6.171206411,1.34E-10,6.20E-08,BCAT5_ARATH,up
TRINITY_DN1239_c0_g1_i1,Pol,Fer,6.115985695,1.24E-05,0.000772916,SBT14_ARATH,up
TRINITY_DN4156_c0_g1_i14,Pol,Fer,6.076222109,1.28E-05,0.000785041,SMC4_ARATH,up
TRINITY_DN1935_c0_g1_i8,Pol,Fer,6.069090652,1.75E-05,0.000967964,TOP2_ARATH,up
TRINITY_DN21793_c0_g1_i9,Pol,Fer,6.005840045,3.20E-05,0.001521064,CHER1_ARATH,up
TRINITY_DN5345_c0_g1_i4,Pol,Fer,5.878031288,5.04E-05,0.002165131,HD16N_ORYSJ,up
TRINITY_DN7316_c0_g1_i1,Pol,Fer,5.847833183,5.04E-10,1.95E-07,SAMC1_ARATH,up
TRINITY_DN10293_c0_g1_i1,Pol,Fer,5.844783394,1.68E-05,0.000938146,BH061_ARATH,up
TRINITY_DN5025_c0_g1_i14,Pol,Fer,5.771659038,6.59E-10,2.44E-07,PLAT1_ARATH,up
TRINITY_DN7172_c0_g1_i25,Pol,Fer,5.730184306,5.38E-11,2.83E-08,FKB70_WHEAT,up
TRINITY_DN332_c0_g1_i1,Pol,Fer,5.656075103,6.23E-05,0.002524468,MCM2_ORYSI,up
TRINITY_DN13776_c0_g1_i2,Pol,Fer,5.61419945,1.62E-21,9.53E-18,CALR_PRUAR,up
TRINITY_DN4375_c0_g1_i4,Pol,Fer,5.606457492,3.89E-05,0.001775512,DNJH_CUCSA,up
TRINITY_DN8231_c0_g1_i1,Pol,Fer,5.601598584,1.35E-05,0.000808231,KN14J_ORYSJ,up
TRINITY_DN5576_c0_g1_i11,Pol,Fer,5.511986504,5.68E-05,0.002364542,GDL79_ARATH,up
TRINITY_DN3595_c0_g2_i2,Pol,Fer,5.431083408,2.06E-06,0.000196681,ARFE_ARATH,up
TRINITY_DN1700_c1_g1_i2,Pol,Fer,5.425948078,2.52E-12,2.02E-09,E133_ARATH,up
TRINITY_DN6573_c0_g2_i1,Pol,Fer,5.082506964,1.37E-05,0.000820135,SCL28_ARATH,up
TRINITY_DN2878_c0_g1_i2,Pol,Fer,5.056646798,5.43E-13,5.98E-10,4CLL6_ARATH,up
TRINITY_DN6331_c0_g1_i3,Pol,Fer,5.023499678,1.18E-05,0.000747356,RFA1B_ORYSJ,up
TRINITY_DN3025_c0_g1_i4,Pol,Fer,5.001380648,5.02E-07,6.53E-05,SRL2_ORYSJ,up
TRINITY_DN4150_c0_g1_i6,Pol,Fer,4.964108072,5.30E-05,0.002249274,ACT_GOSHI,up
TRINITY_DN330_c1_g1_i6,Pol,Fer,4.909026558,5.87E-12,4.22E-09,HIP37_ARATH,up
TRINITY_DN530_c0_g1_i2,Pol,Fer,4.781993941,8.19E-05,0.003066201,BAG5_ARATH,up
TRINITY_DN8498_c0_g1_i1,Pol,Fer,4.674156795,1.30E-05,0.000796074,CSLA9_ARATH,up
TRINITY_DN4822_c0_g1_i13,Pol,Fer,4.663251215,7.41E-05,0.002863314,CLCG_ARATH,up
TRINITY_DN8209_c0_g1_i10,Pol,Fer,4.634927319,8.52E-05,0.003164936,KN10C_ORYSJ,up
TRINITY_DN10087_c0_g1_i15,Pol,Fer,4.582372436,1.35E-06,0.000144645,RL5_CUCSA,up
TRINITY_DN7359_c0_g1_i1,Pol,Fer,4.522359709,1.06E-05,0.000686089,KN12C_ORYSJ,up
TRINITY_DN7058_c0_g1_i4,Pol,Fer,4.502625765,2.84E-10,1.22E-07,SCP3_ARATH,up
TRINITY_DN1886_c0_g1_i1,Pol,Fer,4.47720661,1.62E-06,0.000164123,DPOLA_ORYSJ,up
TRINITY_DN4039_c0_g1_i1,Pol,Fer,4.442338107,2.74E-06,0.000248593,H2B1_ARATH,up
TRINITY_DN11396_c0_g2_i2,Pol,Fer,4.437069251,1.94E-05,0.001046325,CCB11_ORYSJ,up
TRINITY_DN9572_c0_g1_i2,Pol,Fer,4.426974489,1.97E-05,0.001051157,ORC6_ORYSI,up
TRINITY_DN6519_c0_g2_i3,Pol,Fer,4.394965186,5.53E-05,0.002322176,AAP6_ARATH,up
TRINITY_DN3343_c0_g1_i2,Pol,Fer,4.393579921,3.90E-06,0.000322365,TPS1_ARATH,up
TRINITY_DN5020_c0_g1_i1,Pol,Fer,4.386582186,7.74E-05,0.0029437,XTHB_PHAAN,up
TRINITY_DN5243_c0_g1_i1,Pol,Fer,4.369106719,5.00E-05,0.00215824,MSH7_ARATH,up
TRINITY_DN2174_c0_g2_i1,Pol,Fer,4.334358112,2.59E-08,5.56E-06,SBT4_LOTJA,up
TRINITY_DN7163_c0_g1_i2,Pol,Fer,4.298856598,4.60E-07,6.07E-05,MCM4_ORYSJ,up
TRINITY_DN10379_c0_g3_i3,Pol,Fer,4.292429507,5.63E-05,0.002353328,BH096_ARATH,up
TRINITY_DN5494_c0_g1_i2,Pol,Fer,4.267528599,5.01E-09,1.45E-06,PEAM1_ARATH,up
TRINITY_DN6243_c0_g1_i1,Pol,Fer,4.181165659,3.64E-05,0.001689296,CMT1_MAIZE,up
TRINITY_DN8233_c0_g2_i1,Pol,Fer,4.166045517,1.22E-06,0.000132926,ZHD1_ORYSJ,up
TRINITY_DN10562_c0_g1_i3,Pol,Fer,4.156802868,7.89E-05,0.002979598,BARD1_ARATH,up
TRINITY_DN5606_c0_g1_i10,Pol,Fer,4.146499138,5.89E-07,7.42E-05,SBT4_LOTJA,up
TRINITY_DN2153_c0_g1_i2,Pol,Fer,4.125574016,7.61E-05,0.002910138,RIR1_ARATH,up
TRINITY_DN11529_c0_g1_i6,Pol,Fer,4.123114957,1.41E-07,2.34E-05,H2A_EUPES,up
TRINITY_DN2130_c0_g1_i6,Pol,Fer,4.044475681,3.84E-07,5.27E-05,HST_TOBAC,up
TRINITY_DN3502_c0_g1_i7,Pol,Fer,4.039441876,4.52E-05,0.002005579,GUN17_ARATH,up
TRINITY_DN339_c0_g2_i2,Pol,Fer,4.032755578,3.56E-05,0.00166479,MURE_ARATH,up
TRINITY_DN339_c0_g1_i1,Pol,Fer,4.021031717,2.97E-06,0.000264503,MURE_ARATH,up
TRINITY_DN5606_c0_g1_i1,Pol,Fer,3.926988588,6.16E-05,0.002507708,SBT3_LOTJA,up
TRINITY_DN12000_c0_g2_i1,Pol,Fer,3.913473708,8.05E-05,0.003021392,KN14I_ORYSJ,up
TRINITY_DN5872_c0_g1_i1,Pol,Fer,3.895121203,5.42E-06,0.000410179,PNAA_PRUDU,up
TRINITY_DN7058_c0_g1_i9,Pol,Fer,3.874886235,1.22E-05,0.000761245,SCP3_ARATH,up
TRINITY_DN1114_c0_g1_i9,Pol,Fer,3.783181553,2.94E-05,0.001424471,BCAT5_ARATH,up
TRINITY_DN5486_c0_g1_i15,Pol,Fer,3.759535554,2.50E-07,3.70E-05,AB31G_ORYSJ,up
TRINITY_DN9078_c0_g1_i11,Pol,Fer,3.750860506,2.39E-05,0.001226332,H32_WHEAT,up
TRINITY_DN1760_c0_g1_i3,Pol,Fer,3.628585119,5.72E-05,0.002371092,SCAM1_ORYSI,up
TRINITY_DN2130_c0_g1_i1,Pol,Fer,3.619839669,6.13E-08,1.16E-05,HST_TOBAC,up
TRINITY_DN6442_c0_g1_i4,Pol,Fer,3.562036253,3.51E-05,0.001647844,PBL7_ARATH,up
TRINITY_DN1727_c0_g1_i4,Pol,Fer,3.523771636,1.34E-05,0.000806318,H32_WHEAT,up
TRINITY_DN7289_c0_g1_i2,Pol,Fer,3.51525217,2.79E-06,0.000251438,MTDH_MESCR,up
TRINITY_DN1727_c0_g1_i1,Pol,Fer,3.51412674,4.45E-07,5.93E-05,IPYR1_ARATH,up
TRINITY_DN9839_c0_g1_i4,Pol,Fer,3.474490598,1.43E-05,0.000835198,HSP7H_ARATH,up
TRINITY_DN9922_c0_g1_i2,Pol,Fer,3.447729093,2.76E-05,0.001355715,ASOL_TOBAC,up
TRINITY_DN12487_c0_g1_i5,Pol,Fer,3.430973497,8.40E-06,0.00057436,MURA2_CARHZ,up
TRINITY_DN1727_c0_g1_i2,Pol,Fer,3.428754772,4.34E-06,0.000346229,IPYR1_ARATH,up
TRINITY_DN3875_c0_g1_i2,Pol,Fer,3.409089552,2.58E-07,3.81E-05,H32_TOBAC,up
TRINITY_DN11529_c0_g1_i3,Pol,Fer,3.365712664,9.61E-06,0.000640492,H2A_EUPES,up
TRINITY_DN2123_c0_g1_i25,Pol,Fer,3.352873289,1.70E-05,0.000948288,PPAF2_IPOBA,up
TRINITY_DN5331_c1_g1_i3,Pol,Fer,3.320228085,1.84E-05,0.00100475,IAA27_ARATH,up
TRINITY_DN31506_c0_g1_i2,Pol,Fer,3.294464393,4.73E-05,0.002086362,MURF_BACSU,up
TRINITY_DN2577_c0_g1_i4,Pol,Fer,3.293509134,4.36E-06,0.000346899,HSP7S_PEA,up
TRINITY_DN616_c0_g1_i4,Pol,Fer,3.23348104,4.39E-06,0.000348242,HMGB7_ARATH,up
TRINITY_DN1727_c0_g1_i3,Pol,Fer,3.207668862,1.42E-05,0.00083489,H32_WHEAT,up
TRINITY_DN3549_c0_g1_i11,Pol,Fer,3.202008327,2.06E-05,0.001091019,RH53_ORYSJ,up
TRINITY_DN6943_c0_g2_i2,Pol,Fer,3.192910121,8.06E-05,0.003023042,REL2_ORYSJ,up
TRINITY_DN52_c0_g1_i12,Pol,Fer,3.18954474,3.49E-06,0.000297482,GASAB_ARATH,up
TRINITY_DN516_c0_g1_i5,Pol,Fer,3.17517433,5.33E-06,0.000404818,CAX1A_ORYSJ,up
TRINITY_DN2976_c0_g1_i7,Pol,Fer,3.173481605,6.28E-05,0.002536278,HAZ1_ORYSJ,up
TRINITY_DN3275_c0_g2_i1,Pol,Fer,3.143510992,4.09E-05,0.001838596,XYL1_ARATH,up
TRINITY_DN6251_c0_g1_i1,Pol,Fer,3.131885128,1.46E-05,0.000846253,TLPH_ARATH,up
TRINITY_DN2101_c0_g1_i3,Pol,Fer,3.108934354,2.16E-06,0.000203914,TBA_PRUDU,up
TRINITY_DN8722_c0_g1_i1,Pol,Fer,3.097834788,2.46E-06,0.000226722,MSP1_ORYSJ,up
TRINITY_DN472_c1_g3_i1,Pol,Fer,3.020479977,9.83E-05,0.003531992,TBB8_ARATH,up
TRINITY_DN4705_c0_g1_i3,Pol,Fer,2.777892167,1.03E-05,0.000670624,PATL6_ARATH,up
TRINITY_DN7000_c0_g1_i2,Pol,Fer,2.708587232,2.82E-05,0.001375746,AB10C_ARATH,up
TRINITY_DN4025_c0_g1_i1,Pol,Fer,2.635695349,7.19E-05,0.002810354,PME3_CITSI,up
TRINITY_DN609_c0_g2_i1,Pol,Fer,2.595821194,4.83E-05,0.002125759,SUT31_ARATH,up
TRINITY_DN4895_c0_g1_i8,Pol,Fer,-12.41846818,2.22E-13,3.01E-10,MSRA_SOLLC,down
TRINITY_DN2731_c0_g1_i9,Pol,Fer,-12.31107564,5.83E-13,6.23E-10,HIP24_ARATH,down
TRINITY_DN3387_c0_g1_i1,Pol,Fer,-6.258044338,6.82E-13,6.96E-10,OLEO1_ORYSJ,down
TRINITY_DN770_c0_g1_i6,Pol,Fer,-12.77787122,1.22E-12,1.05E-09,UBC2_ARATH,down
TRINITY_DN6029_c0_g1_i8,Pol,Fer,-12.42703537,1.87E-12,1.53E-09,G6PD_SOLTU,down
TRINITY_DN9939_c0_g1_i3,Pol,Fer,-12.0042008,5.51E-12,4.11E-09,ILL7_ORYSJ,down
TRINITY_DN6633_c0_g1_i1,Pol,Fer,-8.601001253,7.72E-12,5.34E-09,VCL_CORAV,down
TRINITY_DN7307_c0_g1_i1,Pol,Fer,-5.847214125,1.69E-11,1.01E-08,FLA9_ARATH,down
TRINITY_DN917_c0_g1_i2,Pol,Fer,-11.73111051,4.61E-11,2.46E-08,SBT38_ARATH,down
TRINITY_DN11314_c0_g1_i4,Pol,Fer,-4.773790869,1.38E-10,6.22E-08,C78A5_ARATH,down
TRINITY_DN2994_c0_g1_i15,Pol,Fer,-11.33683884,3.24E-10,1.36E-07,CMTA3_ARATH,down
TRINITY_DN9939_c0_g1_i13,Pol,Fer,-4.666770008,3.86E-10,1.58E-07,ILL7_ORYSJ,down
TRINITY_DN16347_c0_g1_i2,Pol,Fer,-3.794084285,4.43E-10,1.77E-07,TBB1_WHEAT,down
TRINITY_DN890_c0_g7_i1,Pol,Fer,-4.215826221,4.46E-10,1.77E-07,M030_ARATH,down
TRINITY_DN1235_c0_g1_i5,Pol,Fer,-10.92475827,6.57E-10,2.44E-07,IF2B_WHEAT,down
TRINITY_DN3738_c0_g1_i1,Pol,Fer,-13.63860271,6.94E-10,2.52E-07,COS1_COCNU,down
TRINITY_DN14593_c0_g1_i1,Pol,Fer,-6.94153307,7.81E-10,2.78E-07,SWT14_ORYSI,down
TRINITY_DN12598_c1_g1_i2,Pol,Fer,-11.1493565,7.97E-10,2.81E-07,PSBC_PHAAO,down
TRINITY_DN2956_c0_g1_i11,Pol,Fer,-10.89617287,1.46E-09,4.64E-07,IF5A2_NICPL,down
TRINITY_DN13199_c0_g1_i1,Pol,Fer,-6.799925153,1.85E-09,5.81E-07,OCT3_ARATH,down
TRINITY_DN126_c0_g1_i14,Pol,Fer,-10.71335632,3.32E-09,1.00E-06,PIL15_ORYSJ,down
TRINITY_DN831_c0_g1_i3,Pol,Fer,-10.69199148,3.43E-09,1.02E-06,LFG4_ARATH,down
TRINITY_DN9993_c0_g1_i3,Pol,Fer,-6.578625182,6.29E-09,1.75E-06,MIF2_ARATH,down
TRINITY_DN7218_c0_g1_i1,Pol,Fer,-5.390258322,7.74E-09,2.13E-06,XAT3_ORYSJ,down
TRINITY_DN9350_c0_g1_i1,Pol,Fer,-4.567537701,8.26E-09,2.26E-06,FLZ1_ARATH,down
TRINITY_DN635_c0_g1_i2,Pol,Fer,-4.585484988,8.78E-09,2.36E-06,NAC25_ARATH,down
TRINITY_DN3204_c1_g1_i4,Pol,Fer,-10.37707372,1.04E-08,2.70E-06,COL5_ARATH,down
TRINITY_DN1272_c0_g1_i5,Pol,Fer,-10.38070588,1.33E-08,3.31E-06,CSU1_ARATH,down
TRINITY_DN3204_c1_g1_i2,Pol,Fer,-10.44957206,1.61E-08,3.86E-06,COL5_ARATH,down
TRINITY_DN5027_c0_g1_i2,Pol,Fer,-10.33669925,1.63E-08,3.88E-06,REHY_HORVU,down
TRINITY_DN4728_c0_g1_i1,Pol,Fer,-5.97929126,1.95E-08,4.47E-06,DRPE_CRAPL,down
TRINITY_DN1235_c0_g1_i13,Pol,Fer,-10.23972821,2.05E-08,4.65E-06,IF2B_WHEAT,down
TRINITY_DN3376_c0_g1_i2,Pol,Fer,-10.63027268,2.56E-08,5.55E-06,HSL1_ARATH,down
TRINITY_DN6514_c0_g1_i2,Pol,Fer,-10.1983534,2.56E-08,5.55E-06,GFT1_ARATH,down
TRINITY_DN7084_c0_g1_i1,Pol,Fer,-4.889581097,3.90E-08,7.95E-06,ERLL2_ARATH,down
TRINITY_DN1213_c0_g1_i1,Pol,Fer,-10.10959889,3.96E-08,7.98E-06,DRP3A_ARATH,down
TRINITY_DN9393_c0_g1_i1,Pol,Fer,-4.7220803,5.22E-08,1.03E-05,OFP4_ARATH,down
TRINITY_DN3227_c1_g1_i1,Pol,Fer,-4.564584537,5.75E-08,1.11E-05,Y1801_ARATH,down
TRINITY_DN5006_c0_g1_i2,Pol,Fer,-10.09296414,7.51E-08,1.39E-05,FKB42_ARATH,down
TRINITY_DN19151_c0_g1_i4,Pol,Fer,-4.608846749,8.01E-08,1.48E-05,PER42_ARATH,down
TRINITY_DN8276_c2_g1_i2,Pol,Fer,-3.932523743,9.63E-08,1.75E-05,LRKS2_ARATH,down
TRINITY_DN10493_c0_g1_i29,Pol,Fer,-10.46929077,1.09E-07,1.92E-05,NDL1_ARATH,down
TRINITY_DN12201_c0_g1_i8,Pol,Fer,-10.03909203,1.10E-07,1.92E-05,AB20B_ARATH,down
TRINITY_DN9131_c0_g1_i1,Pol,Fer,-7.539647032,1.19E-07,2.05E-05,U85A2_ARATH,down
TRINITY_DN2629_c0_g1_i5,Pol,Fer,-9.982101908,1.39E-07,2.32E-05,TAF7_ARATH,down
TRINITY_DN4224_c0_g1_i1,Pol,Fer,-3.496139393,1.44E-07,2.37E-05,PLC_LISMO,down
TRINITY_DN12576_c0_g1_i7,Pol,Fer,-13.05862799,1.65E-07,2.59E-05,GATA5_ARATH,down
TRINITY_DN22944_c0_g1_i1,Pol,Fer,-7.843445178,1.65E-07,2.59E-05,PER55_ARATH,down
TRINITY_DN9798_c0_g1_i4,Pol,Fer,-10.05561164,1.70E-07,2.65E-05,TIP32_MAIZE,down
TRINITY_DN3424_c0_g1_i7,Pol,Fer,-10.6157995,2.00E-07,3.05E-05,B3GT7_ARATH,down
TRINITY_DN10333_c0_g1_i1,Pol,Fer,-3.006932081,2.72E-07,3.93E-05,MTND1_VITVI,down
TRINITY_DN3_c0_g1_i1,Pol,Fer,-4.567467457,2.79E-07,4.00E-05,NAMB1_HORVS,down
TRINITY_DN4303_c0_g1_i1,Pol,Fer,-3.561347749,3.41E-07,4.81E-05,DIOX5_ARATH,down
TRINITY_DN11730_c0_g1_i5,Pol,Fer,-9.640479663,3.52E-07,4.94E-05,DIOX5_ARATH,down
TRINITY_DN158_c0_g1_i4,Pol,Fer,-3.350472137,3.61E-07,5.00E-05,ICIW_WHEAT,down
TRINITY_DN39478_c0_g1_i1,Pol,Fer,-10.40872122,3.64E-07,5.01E-05,C86B1_ARATH,down
TRINITY_DN1131_c0_g1_i2,Pol,Fer,-9.589422419,4.41E-07,5.92E-05,ACOX1_ARATH,down
TRINITY_DN11739_c0_g1_i2,Pol,Fer,-3.937564693,4.46E-07,5.93E-05,NOMT_NARAP,down
TRINITY_DN10276_c0_g1_i14,Pol,Fer,-9.987579452,4.47E-07,5.93E-05,APC2_ARATH,down
TRINITY_DN9173_c0_g1_i1,Pol,Fer,-7.043315335,4.75E-07,6.23E-05,TRNHF_ARATH,down
TRINITY_DN1825_c0_g2_i2,Pol,Fer,-9.528300444,5.72E-07,7.23E-05,PBL19_ARATH,down
TRINITY_DN23032_c0_g1_i6,Pol,Fer,-9.498385648,7.06E-07,8.68E-05,BRG1_ARATH,down
TRINITY_DN922_c0_g1_i1,Pol,Fer,-4.105634655,8.67E-07,0.000103983,PR1_ASPOF,down
TRINITY_DN16347_c0_g1_i1,Pol,Fer,-3.215104902,8.92E-07,0.000106187,TBB1_WHEAT,down
TRINITY_DN8667_c0_g2_i5,Pol,Fer,-9.433783551,9.22E-07,0.000108729,CDKE1_ORYSJ,down
TRINITY_DN13_c0_g1_i13,Pol,Fer,-10.07689739,9.48E-07,0.000111298,DEK_HUMAN,down
TRINITY_DN1612_c2_g1_i1,Pol,Fer,-6.158584497,9.59E-07,0.000111987,E13F_HORVU,down
TRINITY_DN472_c1_g1_i3,Pol,Fer,-4.152046282,1.08E-06,0.000121378,TBB2_ELEIN,down
TRINITY_DN3130_c0_g1_i3,Pol,Fer,-4.598348523,1.15E-06,0.000127377,STAD_ELAGV,down
TRINITY_DN9939_c0_g1_i14,Pol,Fer,-9.410661592,1.34E-06,0.00014383,ILL7_ORYSJ,down
TRINITY_DN1664_c0_g1_i22,Pol,Fer,-9.378138483,1.37E-06,0.000145329,AMO2_ARTS1,down
TRINITY_DN9450_c0_g1_i1,Pol,Fer,-9.694129979,1.39E-06,0.000146991,GDL34_ARATH,down
TRINITY_DN9848_c0_g1_i4,Pol,Fer,-9.595841838,1.53E-06,0.000158669,CCX1_ARATH,down
TRINITY_DN22944_c0_g1_i3,Pol,Fer,-5.510080233,1.68E-06,0.000168187,PER55_ARATH,down
TRINITY_DN5204_c0_g1_i3,Pol,Fer,-9.450494483,1.78E-06,0.000177204,BEL1_ARATH,down
TRINITY_DN4553_c0_g1_i4,Pol,Fer,-9.819987891,1.91E-06,0.000185982,TIC_ARATH,down
TRINITY_DN12026_c0_g1_i1,Pol,Fer,-6.976421904,1.92E-06,0.000186483,NAC22_ARATH,down
TRINITY_DN8247_c0_g1_i5,Pol,Fer,-9.263184465,2.11E-06,0.000200558,RUMI_CULQU,down
TRINITY_DN6142_c0_g1_i1,Pol,Fer,-9.257023472,2.42E-06,0.000224189,VPS29_ARATH,down
TRINITY_DN10854_c0_g1_i1,Pol,Fer,-4.585291951,2.61E-06,0.000238388,ODO1_PETHY,down
TRINITY_DN7580_c0_g1_i8,Pol,Fer,-9.426204659,2.75E-06,0.000248593,ARFV_ORYSJ,down
TRINITY_DN1687_c0_g1_i3,Pol,Fer,-6.262859409,2.75E-06,0.000248593,CHS2_SORBI,down
TRINITY_DN12598_c0_g1_i2,Pol,Fer,-9.21478022,2.81E-06,0.00025247,ODPA3_ORYSJ,down
TRINITY_DN35255_c0_g1_i1,Pol,Fer,-3.346094749,2.86E-06,0.000256064,ATPAM_ORYSJ,down
TRINITY_DN11974_c0_g1_i8,Pol,Fer,-10.42761063,3.03E-06,0.000267974,MDAR3_ORYSJ,down
TRINITY_DN7077_c0_g1_i1,Pol,Fer,-3.031932284,3.28E-06,0.000284503,CML29_ORYSJ,down
TRINITY_DN506_c1_g2_i8,Pol,Fer,-3.0977322,3.44E-06,0.000294541,ACT_GOSHI,down
TRINITY_DN594_c0_g1_i7,Pol,Fer,-3.318714246,3.60E-06,0.000305373,UBP1C_ARATH,down
TRINITY_DN10192_c0_g1_i1,Pol,Fer,-3.809998374,3.62E-06,0.000306256,HIP36_ARATH,down
TRINITY_DN3429_c0_g1_i7,Pol,Fer,-9.951917724,3.65E-06,0.000307933,PP436_ARATH,down
TRINITY_DN17587_c0_g1_i5,Pol,Fer,-3.366819332,3.82E-06,0.000320096,C7D55_HYOMU,down
TRINITY_DN12202_c0_g1_i4,Pol,Fer,-9.158081472,3.87E-06,0.000321765,RL222_ARATH,down
TRINITY_DN12495_c0_g1_i2,Pol,Fer,-3.98275101,3.87E-06,0.000321765,MIZ1_ARATH,down
TRINITY_DN2145_c0_g1_i9,Pol,Fer,-9.171907893,4.33E-06,0.000346229,CKL2_ARATH,down
TRINITY_DN11133_c0_g1_i2,Pol,Fer,-9.873438475,4.61E-06,0.000361925,HNRH2_PONAB,down
TRINITY_DN9004_c0_g1_i16,Pol,Fer,-5.219344233,4.71E-06,0.000367162,MYB60_VITVI,down
TRINITY_DN13618_c0_g1_i1,Pol,Fer,-3.157701284,4.81E-06,0.000371636,C89A2_ARATH,down
TRINITY_DN922_c0_g1_i4,Pol,Fer,-2.793733904,5.01E-06,0.000385042,PR1_ASPOF,down
TRINITY_DN10009_c0_g1_i76,Pol,Fer,-10.30999921,5.21E-06,0.000398912,CESA9_ORYSJ,down
TRINITY_DN11414_c0_g1_i7,Pol,Fer,-9.419032775,5.42E-06,0.000410179,YD52_SCHPO,down
TRINITY_DN1377_c0_g1_i5,Pol,Fer,-9.089688967,5.65E-06,0.000422634,FER3_MAIZE,down
TRINITY_DN1523_c0_g1_i4,Pol,Fer,-3.315085439,5.77E-06,0.000429494,GDL6_ARATH,down
TRINITY_DN3581_c0_g1_i2,Pol,Fer,-9.125591645,5.92E-06,0.000439194,ADT_ORYSJ,down
TRINITY_DN3120_c0_g1_i59,Pol,Fer,-9.093557799,6.04E-06,0.000445299,AFC2_ARATH,down
TRINITY_DN12127_c0_g1_i1,Pol,Fer,-9.08414694,6.44E-06,0.000466043,ATL51_ARATH,down
TRINITY_DN880_c0_g5_i1,Pol,Fer,-3.865964351,6.45E-06,0.000466043,CYB_ARATH,down
TRINITY_DN35621_c0_g1_i1,Pol,Fer,-8.064429886,6.47E-06,0.000466043,THT2_ORYSJ,down
TRINITY_DN295_c0_g1_i3,Pol,Fer,-10.50185372,6.50E-06,0.000467409,C75B3_ORYSJ,down
TRINITY_DN5321_c0_g1_i1,Pol,Fer,-9.062961971,6.51E-06,0.000467409,Y3589_ARATH,down
TRINITY_DN11933_c0_g1_i2,Pol,Fer,-9.030312817,6.75E-06,0.000481625,HAC1_ARATH,down
TRINITY_DN1377_c0_g1_i2,Pol,Fer,-9.008722899,7.21E-06,0.000506952,FER3_MAIZE,down
TRINITY_DN8330_c0_g1_i1,Pol,Fer,-6.216710143,8.52E-06,0.000579552,C78A5_ARATH,down
TRINITY_DN6535_c0_g1_i5,Pol,Fer,-9.505901148,1.02E-05,0.000666896,IDHC_TOBAC,down
TRINITY_DN12382_c0_g1_i2,Pol,Fer,-6.105214263,1.04E-05,0.00067771,DMP6_ARATH,down
TRINITY_DN10985_c0_g1_i1,Pol,Fer,-3.817537937,1.13E-05,0.000726729,PIL13_ORYSJ,down
TRINITY_DN10758_c0_g1_i8,Pol,Fer,-8.927545073,1.18E-05,0.000748632,SMC6B_ARATH,down
TRINITY_DN14902_c0_g1_i1,Pol,Fer,-5.528215809,1.20E-05,0.000756631,GPAT3_ARATH,down
TRINITY_DN7090_c0_g1_i2,Pol,Fer,-5.690276465,1.22E-05,0.000761245,ASIL2_ARATH,down
TRINITY_DN6096_c0_g1_i154,Pol,Fer,-8.904840106,1.25E-05,0.000775827,EDL16_ARATH,down
TRINITY_DN3356_c0_g1_i8,Pol,Fer,-9.089458183,1.25E-05,0.000775827,DOF37_ARATH,down
TRINITY_DN9584_c0_g2_i11,Pol,Fer,-9.649314597,1.26E-05,0.000778647,C734A_ARATH,down
TRINITY_DN8903_c0_g1_i3,Pol,Fer,-6.391896919,1.36E-05,0.000817821,NAC98_ARATH,down
TRINITY_DN27461_c0_g1_i1,Pol,Fer,-3.977912986,1.37E-05,0.000820135,TRE_ORYSJ,down
TRINITY_DN2527_c0_g1_i2,Pol,Fer,-6.582828804,1.38E-05,0.000821864,ICIS_VICFA,down
TRINITY_DN15705_c0_g2_i1,Pol,Fer,-6.440289672,1.40E-05,0.000831243,OBP2B_MAIZE,down
TRINITY_DN5027_c0_g1_i1,Pol,Fer,-6.340905806,1.41E-05,0.000831243,REHY_HORVU,down
TRINITY_DN5430_c0_g1_i6,Pol,Fer,-4.777678982,1.42E-05,0.00083489,SDI1_ARATH,down
TRINITY_DN3171_c0_g1_i1,Pol,Fer,-9.356012905,1.43E-05,0.000835198,SODC3_ARATH,down
TRINITY_DN22447_c0_g1_i13,Pol,Fer,-9.089467243,1.45E-05,0.000844856,NAGS2_ARATH,down
TRINITY_DN1171_c0_g1_i2,Pol,Fer,-9.118940911,1.54E-05,0.000877821,BGA15_ORYSJ,down
TRINITY_DN8963_c0_g1_i8,Pol,Fer,-8.97456769,1.55E-05,0.00087797,TO401_ARATH,down
TRINITY_DN922_c0_g1_i2,Pol,Fer,-3.40317083,1.57E-05,0.000890117,PR1_ASPOF,down
TRINITY_DN3432_c0_g1_i14,Pol,Fer,-9.000661996,1.58E-05,0.000895265,CAAT2_ARATH,down
TRINITY_DN11139_c0_g1_i14,Pol,Fer,-9.076732432,1.77E-05,0.000977296,WDR5B_ARATH,down
TRINITY_DN3953_c1_g1_i1,Pol,Fer,-4.525228358,1.83E-05,0.001001163,CAPPC_FLATR,down
TRINITY_DN11873_c0_g1_i4,Pol,Fer,-5.137833381,1.86E-05,0.001014206,RFS6_ARATH,down
TRINITY_DN546_c0_g1_i2,Pol,Fer,-2.964129437,1.92E-05,0.001037938,XTH32_ARATH,down
TRINITY_DN2644_c0_g1_i13,Pol,Fer,-8.782090872,2.05E-05,0.001084424,CSN5_ORYSJ,down
TRINITY_DN9287_c0_g1_i1,Pol,Fer,-3.784967266,2.08E-05,0.001098352,GH31_ARATH,down
TRINITY_DN5444_c0_g1_i8,Pol,Fer,-8.790157387,2.31E-05,0.001190307,LEU1A_SOLPN,down
TRINITY_DN10728_c0_g1_i6,Pol,Fer,-8.75193282,2.42E-05,0.001234184,FPA_ARATH,down
TRINITY_DN2594_c0_g1_i10,Pol,Fer,-8.781284739,2.46E-05,0.001253676,ACOT8_MOUSE,down
TRINITY_DN5260_c0_g1_i1,Pol,Fer,-8.967341076,2.54E-05,0.001284844,LTRA_LACLM,down
TRINITY_DN1444_c1_g1_i4,Pol,Fer,-9.147131237,2.57E-05,0.001290998,C71BE_SINHE,down
TRINITY_DN6635_c0_g1_i8,Pol,Fer,-8.739985475,2.57E-05,0.001290998,B120_ARATH,down
TRINITY_DN7047_c0_g1_i1,Pol,Fer,-3.684273075,2.57E-05,0.001290998,LSH6_ARATH,down
TRINITY_DN5731_c0_g1_i7,Pol,Fer,-9.385574064,2.80E-05,0.001371888,MEM11_ARATH,down
TRINITY_DN9939_c0_g1_i6,Pol,Fer,-7.766984512,2.82E-05,0.001375746,ILL3_ORYSJ,down
TRINITY_DN12625_c0_g1_i3,Pol,Fer,-8.814094295,2.87E-05,0.001398685,NFYB3_ARATH,down
TRINITY_DN1697_c0_g1_i38,Pol,Fer,-8.881900732,2.88E-05,0.001398685,LOGL2_ORYSJ,down
TRINITY_DN4548_c0_g1_i7,Pol,Fer,-8.748116588,2.91E-05,0.001413117,SR54C_ARATH,down
TRINITY_DN1558_c1_g1_i1,Pol,Fer,-3.347696469,2.99E-05,0.001444409,4CLLA_ARATH,down
TRINITY_DN8653_c0_g1_i1,Pol,Fer,-8.766451967,3.49E-05,0.001639991,CSK_ARATH,down
TRINITY_DN2235_c0_g2_i1,Pol,Fer,-3.592900586,3.60E-05,0.001678945,TOLB_PELCD,down
TRINITY_DN11739_c0_g1_i7,Pol,Fer,-6.010380627,3.65E-05,0.001689578,FAOMT_VITVI,down
TRINITY_DN8811_c0_g1_i2,Pol,Fer,-2.801368352,3.65E-05,0.001689578,MYB86_ARATH,down
TRINITY_DN5524_c0_g1_i6,Pol,Fer,-3.31080776,3.66E-05,0.001693002,PAS1_ARATH,down
TRINITY_DN19487_c0_g1_i12,Pol,Fer,-8.819338534,3.76E-05,0.00172606,YTX2_XENLA,down
TRINITY_DN10670_c0_g1_i1,Pol,Fer,-8.497522876,3.84E-05,0.001755849,PLAO1_PLAOI,down
TRINITY_DN11162_c0_g1_i3,Pol,Fer,-8.858103516,3.92E-05,0.001779416,ARL8C_ARATH,down
TRINITY_DN355_c0_g1_i2,Pol,Fer,-2.597680918,3.97E-05,0.001801526,CIPK6_ORYSJ,down
TRINITY_DN7565_c0_g1_i2,Pol,Fer,-8.744909289,4.06E-05,0.001830789,NAA15_ARATH,down
TRINITY_DN8917_c0_g1_i7,Pol,Fer,-5.00680751,4.41E-05,0.001963163,ACHE_MAIZE,down
TRINITY_DN10544_c0_g1_i1,Pol,Fer,-8.671758569,4.49E-05,0.001993757,SUFE1_ARATH,down
TRINITY_DN9575_c0_g1_i7,Pol,Fer,-9.266462277,4.81E-05,0.002120348,ADHL3_ARATH,down
TRINITY_DN1311_c0_g1_i16,Pol,Fer,-3.0584902,4.88E-05,0.002138136,BZP44_ARATH,down
TRINITY_DN6088_c0_g1_i1,Pol,Fer,-3.291565746,4.95E-05,0.002145227,BKI1_ARATH,down
TRINITY_DN11259_c0_g2_i1,Pol,Fer,-2.820512118,5.24E-05,0.00223437,ACT2_ORYSJ,down
TRINITY_DN4020_c0_g1_i1,Pol,Fer,-3.414905578,5.29E-05,0.002249274,HAT22_ARATH,down
TRINITY_DN4020_c0_g2_i1,Pol,Fer,-6.640452213,5.42E-05,0.002282435,HOX11_ORYSI,down
TRINITY_DN5571_c0_g1_i1,Pol,Fer,-3.387651862,5.43E-05,0.002283162,BAG1_ARATH,down
TRINITY_DN17628_c0_g1_i4,Pol,Fer,-8.557981147,5.79E-05,0.002391146,Y6689_DICDI,down
TRINITY_DN9675_c0_g1_i20,Pol,Fer,-8.765191714,6.05E-05,0.002475471,PAE5_ARATH,down
TRINITY_DN5321_c0_g1_i3,Pol,Fer,-8.578249361,6.07E-05,0.002479847,Y3589_ARATH,down
TRINITY_DN4699_c0_g1_i2,Pol,Fer,-8.546059895,6.14E-05,0.002502269,ABP4_MAIZE,down
TRINITY_DN13619_c0_g1_i27,Pol,Fer,-8.544303771,6.20E-05,0.002517702,UBC16_ARATH,down
TRINITY_DN1733_c0_g1_i1,Pol,Fer,-8.678256347,6.57E-05,0.002627106,CUT1B_ARATH,down
TRINITY_DN15373_c0_g2_i1,Pol,Fer,-6.710079844,6.61E-05,0.002635001,CXE2_ARATH,down
TRINITY_DN5027_c0_g1_i4,Pol,Fer,-9.48050069,6.71E-05,0.002662402,REHY_HORVU,down
TRINITY_DN4282_c0_g1_i7,Pol,Fer,-2.686780608,6.71E-05,0.002662402,PFPA_RICCO,down
TRINITY_DN14164_c0_g1_i3,Pol,Fer,-8.99221946,7.04E-05,0.002767119,POF21_ARATH,down
TRINITY_DN9691_c0_g2_i1,Pol,Fer,-4.050040847,7.05E-05,0.002768237,NAP2_SOLLC,down
TRINITY_DN9860_c0_g1_i5,Pol,Fer,-8.959190799,7.25E-05,0.002823173,SCP3_ARATH,down
TRINITY_DN1330_c0_g1_i1,Pol,Fer,-8.799956432,7.31E-05,0.002837045,ANL2_ARATH,down
TRINITY_DN6491_c0_g1_i39,Pol,Fer,-8.861922179,7.49E-05,0.002881502,Y1342_ARATH,down
TRINITY_DN13506_c0_g1_i1,Pol,Fer,-3.448408639,7.52E-05,0.002890567,OBP1A_MAIZE,down
TRINITY_DN4517_c0_g1_i10,Pol,Fer,-8.509578338,7.61E-05,0.002910138,CHL_ARATH,down
TRINITY_DN9809_c0_g1_i3,Pol,Fer,-8.660365658,7.97E-05,0.00300289,PTR9_ARATH,down
TRINITY_DN1143_c0_g1_i3,Pol,Fer,-2.392747632,7.97E-05,0.00300289,FLZ14_ARATH,down
TRINITY_DN10187_c0_g2_i1,Pol,Fer,-7.2813379,8.24E-05,0.003073575,ZAT12_ARATH,down
TRINITY_DN7009_c0_g1_i2,Pol,Fer,-3.023818352,8.42E-05,0.003131952,BAM9_ARATH,down
TRINITY_DN7370_c0_g1_i4,Pol,Fer,-8.531288923,8.75E-05,0.003233349,APSR1_ARATH,down
TRINITY_DN5162_c0_g1_i6,Pol,Fer,-3.83849348,9.07E-05,0.003330979,CSE_ARATH,down
TRINITY_DN1556_c0_g1_i7,Pol,Fer,-8.46944543,9.18E-05,0.003363187,BP131_ORYSJ,down
TRINITY_DN9045_c0_g1_i6,Pol,Fer,-3.528099304,9.33E-05,0.003400647,WNK5_ARATH,down
TRINITY_DN10980_c0_g1_i1,Pol,Fer,-7.694404471,9.34E-05,0.003400647,RB12B_HUMAN,down
TRINITY_DN2668_c0_g1_i3,Pol,Fer,-4.065557272,9.71E-05,0.003504084,CADH1_ARACO,down
TRINITY_DN20762_c0_g2_i3,Pol,Fer,-2.856538612,9.93E-05,0.00356017,COX1_RAPSA,down
