,"Table S7 DEGs between Post-Pol vs Fer, up-regulated and down-regulated",,,,,,
ID,sampleA,sampleB,log2FoldChange,pvalue,padj,Uniprot annotation,Regulation
TRINITY_DN19_c0_g3_i1,Post-pol,Fer,12.23897174,5.10E-11,1.43E-07,HSP7C_PETHY,up
TRINITY_DN2387_c0_g1_i11,Post-pol,Fer,11.43003174,1.29E-10,3.35E-07,FLZ8_ARATH,up
TRINITY_DN2181_c0_g1_i4,Post-pol,Fer,11.37329784,2.12E-10,4.54E-07,PSC13_MAIZE,up
TRINITY_DN12416_c0_g1_i2,Post-pol,Fer,11.20837498,2.40E-10,4.83E-07,CALR1_ARATH,up
TRINITY_DN6029_c0_g1_i7,Post-pol,Fer,11.00682532,3.68E-09,3.43E-06,G6PD_SOLTU,up
TRINITY_DN750_c0_g1_i27,Post-pol,Fer,10.61649702,1.21E-09,1.63E-06,BP103_ORYSJ,up
TRINITY_DN11575_c0_g1_i17,Post-pol,Fer,10.58137019,2.32E-09,2.48E-06,DTX42_ARATH,up
TRINITY_DN5526_c0_g1_i3,Post-pol,Fer,10.4910553,4.46E-09,3.95E-06,ODO1_DICDI,up
TRINITY_DN2994_c0_g1_i11,Post-pol,Fer,10.48180739,8.03E-09,6.21E-06,CMTA3_ARATH,up
TRINITY_DN4035_c0_g1_i3,Post-pol,Fer,10.42099625,2.06E-09,2.27E-06,AKH1_MAIZE,up
TRINITY_DN1136_c0_g1_i87,Post-pol,Fer,10.37610477,3.04E-09,2.91E-06,FPGS2_ARATH,up
TRINITY_DN12705_c1_g1_i8,Post-pol,Fer,10.37444189,3.01E-09,2.91E-06,MA651_ARATH,up
TRINITY_DN3429_c0_g1_i2,Post-pol,Fer,10.35627697,2.75E-09,2.78E-06,ICR3_ARATH,up
TRINITY_DN8722_c0_g1_i5,Post-pol,Fer,10.33539202,4.42E-08,2.18E-05,MSP1_ORYSJ,up
TRINITY_DN4288_c0_g1_i3,Post-pol,Fer,10.25233774,4.66E-09,4.03E-06,SAB_ARATH,up
TRINITY_DN3677_c0_g1_i1,Post-pol,Fer,10.21780241,1.46E-07,5.00E-05,C71AL_ARATH,up
TRINITY_DN192_c0_g2_i2,Post-pol,Fer,10.19163217,1.32E-07,4.66E-05,HFB4B_ORYSJ,up
TRINITY_DN3944_c0_g1_i6,Post-pol,Fer,10.18508579,1.65E-08,1.05E-05,MA651_ARATH,up
TRINITY_DN1547_c0_g1_i4,Post-pol,Fer,10.16075431,4.44E-08,2.18E-05,RBM25_HUMAN,up
TRINITY_DN990_c0_g1_i3,Post-pol,Fer,10.12968411,6.74E-08,2.99E-05,Y1044_ARATH,up
TRINITY_DN13113_c0_g1_i5,Post-pol,Fer,10.10639026,8.05E-08,3.40E-05,ATX2_ARATH,up
TRINITY_DN6999_c0_g1_i2,Post-pol,Fer,10.10057933,1.26E-08,8.45E-06,NRPE1_ARATH,up
TRINITY_DN8400_c0_g1_i36,Post-pol,Fer,10.0419884,5.75E-08,2.61E-05,FK132_ARATH,up
TRINITY_DN11414_c0_g1_i4,Post-pol,Fer,9.986142625,1.64E-08,1.05E-05,GGP1_ARATH,up
TRINITY_DN2419_c0_g1_i2,Post-pol,Fer,9.961044941,2.82E-08,1.58E-05,PKL_ARATH,up
TRINITY_DN4895_c0_g1_i21,Post-pol,Fer,9.927627679,2.44E-08,1.45E-05,MSRA_SOLLC,up
TRINITY_DN7213_c0_g1_i2,Post-pol,Fer,9.900216269,3.80E-08,1.92E-05,ZHD6_ORYSI,up
TRINITY_DN2612_c0_g1_i12,Post-pol,Fer,9.872419991,7.18E-07,0.000159118,PIMT_WHEAT,up
TRINITY_DN127_c0_g1_i11,Post-pol,Fer,9.857125018,1.76E-07,5.75E-05,PS10B_ARATH,up
TRINITY_DN1387_c0_g1_i7,Post-pol,Fer,9.836797842,5.45E-06,0.000644825,LNK2_ARATH,up
TRINITY_DN397_c0_g1_i13,Post-pol,Fer,9.825212205,3.26E-08,1.74E-05,TAF1_ORYSJ,up
TRINITY_DN85_c0_g1_i3,Post-pol,Fer,9.816818343,3.72E-08,1.90E-05,C3H32_ARATH,up
TRINITY_DN9435_c0_g1_i23,Post-pol,Fer,9.743992852,1.89E-07,6.11E-05,SUVR4_ARATH,up
TRINITY_DN1537_c0_g1_i5,Post-pol,Fer,9.736838048,1.13E-07,4.25E-05,BXL2_ARATH,up
TRINITY_DN6857_c0_g1_i8,Post-pol,Fer,9.723595301,1.34E-07,4.67E-05,RAC2_ORYSJ,up
TRINITY_DN8_c0_g1_i5,Post-pol,Fer,9.688755793,7.09E-08,3.07E-05,RBM39_PONAB,up
TRINITY_DN4206_c0_g1_i9,Post-pol,Fer,9.664294606,7.28E-08,3.11E-05,FKB19_ARATH,up
TRINITY_DN3502_c0_g1_i3,Post-pol,Fer,9.634207484,6.89E-06,0.000743098,GUN17_ARATH,up
TRINITY_DN47_c0_g2_i4,Post-pol,Fer,9.625089299,1.81E-06,0.000288531,NC100_ARATH,up
TRINITY_DN5486_c0_g1_i66,Post-pol,Fer,9.623357143,1.57E-07,5.28E-05,AB31G_ORYSJ,up
TRINITY_DN275_c0_g1_i8,Post-pol,Fer,9.600573551,1.07E-07,4.14E-05,VCS_ARATH,up
TRINITY_DN1379_c0_g1_i1,Post-pol,Fer,9.597621158,2.00E-07,6.25E-05,JMJ30_ARATH,up
TRINITY_DN12625_c0_g1_i11,Post-pol,Fer,9.594975418,3.18E-07,8.82E-05,ASPG_LUPLU,up
TRINITY_DN3877_c0_g1_i4,Post-pol,Fer,9.579234033,5.77E-07,0.0001388,GLSN_MEDSA,up
TRINITY_DN2731_c0_g1_i8,Post-pol,Fer,9.577299132,4.14E-07,0.00010821,HIP24_ARATH,up
TRINITY_DN1336_c0_g1_i6,Post-pol,Fer,9.574462586,1.00E-07,3.97E-05,TSS_ARATH,up
TRINITY_DN6_c0_g1_i13,Post-pol,Fer,9.572726863,4.00E-07,0.000105386,SF3B1_XENLA,up
TRINITY_DN5897_c0_g1_i4,Post-pol,Fer,9.567002687,3.73E-07,0.000100504,SMC3_ARATH,up
TRINITY_DN10170_c0_g1_i2,Post-pol,Fer,9.566478243,1.24E-07,4.47E-05,HUAL2_ARATH,up
TRINITY_DN141_c0_g1_i5,Post-pol,Fer,9.563152894,1.90E-07,6.11E-05,CDC73_ARATH,up
TRINITY_DN3502_c0_g1_i8,Post-pol,Fer,9.560256313,6.30E-08,2.83E-05,GUN17_ARATH,up
TRINITY_DN7380_c0_g1_i12,Post-pol,Fer,9.553526104,4.07E-06,0.000512585,YF1F_SCHPO,up
TRINITY_DN2808_c0_g1_i1,Post-pol,Fer,9.551049519,2.80E-07,8.06E-05,PSME4_ARATH,up
TRINITY_DN11484_c0_g1_i1,Post-pol,Fer,9.550740739,3.94E-07,0.000104597,KCS20_ORYSJ,up
TRINITY_DN3749_c0_g2_i1,Post-pol,Fer,9.542449974,1.17E-07,4.31E-05,NAC78_ARATH,up
TRINITY_DN1330_c0_g1_i3,Post-pol,Fer,9.515770748,1.32E-07,4.66E-05,ANL2_ARATH,up
TRINITY_DN1671_c0_g1_i20,Post-pol,Fer,9.501832094,5.24E-07,0.000129596,SAPK1_ORYSJ,up
TRINITY_DN9248_c0_g1_i19,Post-pol,Fer,9.500257353,2.95E-06,0.0004154,PERK3_ARATH,up
TRINITY_DN1173_c0_g1_i6,Post-pol,Fer,9.499747336,1.09E-06,0.000211118,IAA6_ORYSJ,up
TRINITY_DN77_c0_g1_i3,Post-pol,Fer,9.451296244,1.11E-06,0.000214286,PLDA1_ORYSJ,up
TRINITY_DN9445_c0_g1_i4,Post-pol,Fer,9.426199307,2.14E-07,6.60E-05,HOX21_ORYSJ,up
TRINITY_DN255_c0_g1_i28,Post-pol,Fer,9.419522179,5.96E-07,0.000141564,OPA3_SCHPO,up
TRINITY_DN3673_c0_g1_i11,Post-pol,Fer,9.390015392,2.34E-07,7.08E-05,DPOD3_MOUSE,up
TRINITY_DN9248_c0_g1_i45,Post-pol,Fer,9.366356995,1.95E-05,0.001559302,Y2296_ARATH,up
TRINITY_DN1835_c0_g1_i1,Post-pol,Fer,9.363193398,5.45E-07,0.000133769,VCL1_ARATH,up
TRINITY_DN9885_c0_g2_i3,Post-pol,Fer,9.34396028,2.49E-06,0.000366924,GRF1_ORYSJ,up
TRINITY_DN7933_c0_g1_i32,Post-pol,Fer,9.333898995,1.34E-06,0.000242747,ALA2_ARATH,up
TRINITY_DN6616_c0_g1_i1,Post-pol,Fer,9.333732169,9.24E-07,0.000187495,TMN12_ARATH,up
TRINITY_DN3360_c0_g1_i2,Post-pol,Fer,9.31382332,3.85E-06,0.000496233,TPT_SOLTU,up
TRINITY_DN1298_c0_g1_i11,Post-pol,Fer,9.280771713,4.59E-07,0.000117493,SOQ1_ARATH,up
TRINITY_DN11484_c0_g1_i4,Post-pol,Fer,9.27687685,4.44E-06,0.000544484,KCS11_ARATH,up
TRINITY_DN7894_c0_g1_i2,Post-pol,Fer,9.246474812,4.45E-07,0.000114579,AB39G_ARATH,up
TRINITY_DN3232_c0_g1_i17,Post-pol,Fer,9.245646277,6.93E-07,0.000155407,SIZ1_ORYSJ,up
TRINITY_DN5577_c0_g1_i17,Post-pol,Fer,9.236041254,1.22E-06,0.00022757,AMPD_ARATH,up
TRINITY_DN4293_c0_g1_i2,Post-pol,Fer,9.232706344,4.68E-08,2.27E-05,STAD_RICCO,up
TRINITY_DN710_c0_g1_i2,Post-pol,Fer,9.213886162,1.33E-06,0.000242041,TAF15_ARATH,up
TRINITY_DN55_c0_g1_i16,Post-pol,Fer,9.202183413,2.09E-06,0.000320014,CUL1_ORYSJ,up
TRINITY_DN6616_c0_g1_i2,Post-pol,Fer,9.19204131,6.32E-07,0.000149131,TMN12_ARATH,up
TRINITY_DN12598_c1_g1_i9,Post-pol,Fer,9.191026205,3.68E-05,0.002427751,PSBC_PHAAO,up
TRINITY_DN8270_c0_g1_i3,Post-pol,Fer,9.190394367,1.02E-06,0.000202017,CHR12_ARATH,up
TRINITY_DN14183_c0_g1_i2,Post-pol,Fer,9.183756727,5.93E-07,0.000141564,UFD1_MOUSE,up
TRINITY_DN3033_c0_g1_i3,Post-pol,Fer,9.178707755,2.73E-06,0.000394034,PIN3_ARATH,up
TRINITY_DN6972_c0_g1_i1,Post-pol,Fer,9.173847943,9.05E-07,0.000185061,M3KE1_ARATH,up
TRINITY_DN301_c0_g1_i100,Post-pol,Fer,9.173120699,7.98E-07,0.000171711,XRN4_ARATH,up
TRINITY_DN8_c0_g1_i18,Post-pol,Fer,9.170884253,6.76E-07,0.000153975,RBM39_PONAB,up
TRINITY_DN2836_c0_g1_i1,Post-pol,Fer,9.170769994,3.82E-06,0.000496233,GLPT1_ARATH,up
TRINITY_DN5897_c0_g1_i9,Post-pol,Fer,9.167076532,7.01E-07,0.000156314,SMC3_ARATH,up
TRINITY_DN522_c0_g1_i4,Post-pol,Fer,9.159389496,8.27E-07,0.000173627,GOGC4_ARATH,up
TRINITY_DN1483_c0_g1_i19,Post-pol,Fer,9.153422784,1.33E-06,0.000242041,PP349_ARATH,up
TRINITY_DN4164_c0_g1_i11,Post-pol,Fer,9.147087749,7.78E-07,0.000169326,HPCA1_ARATH,up
TRINITY_DN2373_c0_g1_i8,Post-pol,Fer,9.146120465,1.57E-06,0.000270469,TBG2_ORYSJ,up
TRINITY_DN457_c0_g1_i58,Post-pol,Fer,9.135446294,7.53E-07,0.000164701,RECQ2_ARATH,up
TRINITY_DN10340_c0_g1_i21,Post-pol,Fer,9.126653225,1.68E-06,0.000277888,GLO14_ORYSI,up
TRINITY_DN182_c0_g1_i5,Post-pol,Fer,9.12133518,7.99E-07,0.000171711,PDCB3_ARATH,up
TRINITY_DN2473_c0_g1_i10,Post-pol,Fer,9.118951207,1.01E-06,0.000200861,FRS6_ARATH,up
TRINITY_DN3993_c0_g1_i1,Post-pol,Fer,9.117500381,1.40E-06,0.000249638,Y5673_ARATH,up
TRINITY_DN307_c0_g1_i9,Post-pol,Fer,9.115816484,8.72E-07,0.000181111,CATIN_ARATH,up
TRINITY_DN4375_c0_g2_i3,Post-pol,Fer,9.114325015,7.80E-06,0.000805395,DNJH_CUCSA,up
TRINITY_DN384_c0_g1_i3,Post-pol,Fer,9.106390307,1.43E-06,0.000252528,HBP1C_WHEAT,up
TRINITY_DN4142_c0_g1_i2,Post-pol,Fer,9.103305735,1.97E-06,0.000308133,Y4407_SELML,up
TRINITY_DN10758_c0_g1_i56,Post-pol,Fer,9.10312071,1.03E-06,0.000202731,SMC6A_ARATH,up
TRINITY_DN4151_c0_g1_i13,Post-pol,Fer,9.096890074,1.92E-06,0.00030237,RMC1_MOUSE,up
TRINITY_DN9248_c0_g1_i40,Post-pol,Fer,9.0877447,2.44E-05,0.001834125,ANX2_ARATH,up
TRINITY_DN1272_c0_g1_i4,Post-pol,Fer,9.087543349,4.06E-06,0.000512585,CSU1_ARATH,up
TRINITY_DN4578_c0_g1_i2,Post-pol,Fer,9.080614626,1.17E-06,0.000223042,MDAR2_ORYSJ,up
TRINITY_DN4602_c0_g1_i3,Post-pol,Fer,9.074105653,1.19E-06,0.000225603,GPI8_DROME,up
TRINITY_DN17874_c0_g2_i12,Post-pol,Fer,9.073202691,1.72E-06,0.000277888,PTA10_ARATH,up
TRINITY_DN1850_c0_g1_i30,Post-pol,Fer,9.06649579,1.37E-05,0.001223977,HOX32_ORYSJ,up
TRINITY_DN6914_c0_g1_i9,Post-pol,Fer,9.056104836,1.20E-06,0.000225746,SCAI_MOUSE,up
TRINITY_DN1913_c0_g1_i4,Post-pol,Fer,9.053613782,1.37E-06,0.000246029,ICR4_ARATH,up
TRINITY_DN3353_c0_g1_i20,Post-pol,Fer,9.04783559,1.33E-06,0.000242041,BUBR1_ARATH,up
TRINITY_DN1592_c0_g1_i1,Post-pol,Fer,9.039661606,2.38E-06,0.000354161,C2D61_ARATH,up
TRINITY_DN2727_c0_g1_i36,Post-pol,Fer,9.038449548,6.65E-06,0.000726024,MENE_ARATH,up
TRINITY_DN9248_c0_g1_i29,Post-pol,Fer,9.036398971,5.88E-05,0.003396583,ANX2_ARATH,up
TRINITY_DN2722_c0_g1_i77,Post-pol,Fer,9.028633264,1.29E-06,0.000239406,SUF4_ARATH,up
TRINITY_DN1927_c0_g1_i11,Post-pol,Fer,9.027817162,1.20E-06,0.000225746,SYD_ARATH,up
TRINITY_DN2238_c0_g1_i39,Post-pol,Fer,9.015156592,1.56E-06,0.000270469,MRE11_ARATH,up
TRINITY_DN10969_c0_g1_i1,Post-pol,Fer,9.004933469,1.32E-06,0.000242041,ISE2_ARATH,up
TRINITY_DN21725_c0_g1_i12,Post-pol,Fer,9.004121615,2.06E-06,0.000318287,P5CS1_ORYSJ,up
TRINITY_DN12518_c0_g1_i1,Post-pol,Fer,8.9903507,1.85E-06,0.000293922,SIRP1_ORYSJ,up
TRINITY_DN5857_c0_g1_i27,Post-pol,Fer,8.989511126,1.67E-06,0.000277588,UBP15_ARATH,up
TRINITY_DN40_c0_g1_i55,Post-pol,Fer,8.989097795,5.69E-06,0.000659858,BLH10_ARATH,up
TRINITY_DN9825_c0_g1_i5,Post-pol,Fer,8.983281889,1.83E-05,0.001507543,LNG2_ARATH,up
TRINITY_DN805_c0_g1_i7,Post-pol,Fer,8.969489959,1.59E-06,0.000270469,GGAP1_ARATH,up
TRINITY_DN1780_c0_g1_i5,Post-pol,Fer,8.963360599,1.59E-06,0.000270469,TIC40_PEA,up
TRINITY_DN3203_c1_g1_i21,Post-pol,Fer,8.962470018,1.67E-06,0.000277588,KN7E_ORYSJ,up
TRINITY_DN1464_c0_g1_i4,Post-pol,Fer,8.953000986,4.62E-06,0.000561762,SUGP1_ARATH,up
TRINITY_DN5378_c0_g1_i7,Post-pol,Fer,8.936795903,2.22E-06,0.000336316,DUF2_ARATH,up
TRINITY_DN5663_c0_g1_i6,Post-pol,Fer,8.932867289,6.48E-06,0.000712513,DIR19_ARATH,up
TRINITY_DN588_c0_g1_i5,Post-pol,Fer,8.926226882,1.30E-05,0.00117876,CYP63_ARATH,up
TRINITY_DN410_c0_g2_i4,Post-pol,Fer,8.922484342,2.43E-05,0.001830936,HOX32_ORYSI,up
TRINITY_DN6064_c0_g1_i2,Post-pol,Fer,8.921930139,8.94E-06,0.000877574,UBR7_HUMAN,up
TRINITY_DN1096_c0_g1_i4,Post-pol,Fer,8.908443583,3.55E-05,0.002357252,ZW10_ARATH,up
TRINITY_DN4660_c0_g1_i4,Post-pol,Fer,8.905121699,2.09E-06,0.000320014,RNO_DROME,up
TRINITY_DN969_c0_g1_i32,Post-pol,Fer,8.903304392,2.22E-06,0.000336316,SAPK1_ORYSJ,up
TRINITY_DN1171_c0_g1_i17,Post-pol,Fer,8.895070683,4.32E-06,0.000533589,BGA15_ORYSJ,up
TRINITY_DN592_c0_g1_i20,Post-pol,Fer,8.885618904,5.52E-06,0.000646448,RLF1_ARATH,up
TRINITY_DN873_c0_g1_i43,Post-pol,Fer,8.884853277,2.27E-06,0.000341002,PRP39_HUMAN,up
TRINITY_DN665_c0_g1_i10,Post-pol,Fer,8.883783584,3.02E-05,0.002109258,FPP4_ARATH,up
TRINITY_DN418_c0_g1_i1,Post-pol,Fer,8.880174825,2.29E-06,0.000342119,ENDUB_DANRE,up
TRINITY_DN115_c0_g1_i54,Post-pol,Fer,8.878336897,2.52E-05,0.001873362,YAB4_ARATH,up
TRINITY_DN2896_c0_g1_i15,Post-pol,Fer,8.875658109,2.10E-05,0.00165301,AGO4A_ORYSJ,up
TRINITY_DN7517_c0_g1_i3,Post-pol,Fer,8.872753893,2.47E-06,0.000365991,CKX4_ORYSJ,up
TRINITY_DN2896_c0_g1_i6,Post-pol,Fer,8.863290587,3.18E-06,0.000436254,AGO4B_ORYSJ,up
TRINITY_DN2922_c0_g1_i12,Post-pol,Fer,8.862407182,2.48E-06,0.000366657,TOP1B_ARATH,up
TRINITY_DN9299_c0_g1_i6,Post-pol,Fer,8.845046957,9.50E-06,0.000914385,KN7O_ARATH,up
TRINITY_DN873_c0_g1_i14,Post-pol,Fer,8.835811273,3.05E-06,0.000423038,PRP39_MOUSE,up
TRINITY_DN3136_c0_g1_i1,Post-pol,Fer,8.834749626,3.54E-06,0.000469483,PLP3B_ARATH,up
TRINITY_DN8560_c0_g1_i2,Post-pol,Fer,8.829943932,3.08E-06,0.000425931,SM3L2_ARATH,up
TRINITY_DN2727_c0_g1_i70,Post-pol,Fer,8.821339654,6.11E-06,0.000685296,MENE_ARATH,up
TRINITY_DN7521_c0_g1_i12,Post-pol,Fer,8.820222535,7.06E-06,0.000756363,FZL_ARATH,up
TRINITY_DN3961_c0_g1_i2,Post-pol,Fer,8.814492871,5.49E-06,0.000646448,ENOX_SOLLC,up
TRINITY_DN1516_c0_g1_i2,Post-pol,Fer,8.812587408,3.29E-06,0.000446916,IPO9_MOUSE,up
TRINITY_DN776_c0_g1_i7,Post-pol,Fer,8.804690482,3.22E-06,0.000439511,RSLE3_ORYSJ,up
TRINITY_DN505_c0_g1_i1,Post-pol,Fer,8.802196659,1.60E-05,0.001361135,IF2C_PHAVU,up
TRINITY_DN481_c0_g1_i1,Post-pol,Fer,8.795849833,3.31E-06,0.000446916,ALB4_ARATH,up
TRINITY_DN256_c0_g1_i8,Post-pol,Fer,8.792899499,6.02E-06,0.000683034,CDF2_ARATH,up
TRINITY_DN8735_c0_g1_i10,Post-pol,Fer,8.792632909,2.82E-05,0.002030521,ASNS_ASPOF,up
TRINITY_DN972_c1_g1_i4,Post-pol,Fer,8.78971694,5.85E-05,0.003396249,FBL17_ARATH,up
TRINITY_DN1391_c0_g1_i17,Post-pol,Fer,8.774922768,4.08E-06,0.000512585,NDX1_SOLLC,up
TRINITY_DN6025_c0_g1_i23,Post-pol,Fer,8.768002151,3.85E-06,0.000496233,DEGP2_ARATH,up
TRINITY_DN397_c0_g1_i6,Post-pol,Fer,8.760907671,3.85E-06,0.000496233,TAF1_ORYSJ,up
TRINITY_DN5286_c0_g1_i10,Post-pol,Fer,8.76083372,8.98E-06,0.000877574,PPA17_ARATH,up
TRINITY_DN1688_c0_g1_i1,Post-pol,Fer,8.760084502,1.24E-05,0.001140032,SUA_ARATH,up
TRINITY_DN5574_c0_g1_i19,Post-pol,Fer,8.755891774,4.17E-06,0.00051871,IP5P3_ARATH,up
TRINITY_DN174_c0_g1_i1,Post-pol,Fer,8.747683604,4.09E-06,0.000512585,SSY4_ARATH,up
TRINITY_DN831_c0_g1_i45,Post-pol,Fer,8.744563211,5.76E-06,0.000661418,VAB_ARATH,up
TRINITY_DN3827_c0_g1_i6,Post-pol,Fer,8.743651645,6.92E-06,0.00074426,ALY3_ARATH,up
TRINITY_DN584_c0_g1_i2,Post-pol,Fer,8.740472438,4.62E-06,0.000561762,ARFG_ORYSJ,up
TRINITY_DN47_c0_g1_i7,Post-pol,Fer,8.734240081,4.88E-05,0.002974659,NAC98_ARATH,up
TRINITY_DN4802_c0_g1_i8,Post-pol,Fer,8.732763589,2.90E-05,0.002073862,BOR4_ARATH,up
TRINITY_DN12594_c1_g2_i3,Post-pol,Fer,8.723959564,6.22E-06,0.000692884,Y1666_ARATH,up
TRINITY_DN1823_c0_g1_i12,Post-pol,Fer,8.718780017,4.97E-06,0.000595396,DNLI4_ORYSJ,up
TRINITY_DN9072_c0_g1_i5,Post-pol,Fer,8.717852674,4.83E-06,0.000582814,XG113_ARATH,up
TRINITY_DN873_c0_g1_i11,Post-pol,Fer,8.717357934,2.48E-05,0.00185605,PRP39_SCHPO,up
TRINITY_DN5873_c0_g1_i11,Post-pol,Fer,8.714895699,1.66E-05,0.00140036,FEI1_ARATH,up
TRINITY_DN5306_c0_g1_i6,Post-pol,Fer,8.714759544,5.77E-06,0.000661418,Y2215_ARATH,up
TRINITY_DN4477_c0_g1_i21,Post-pol,Fer,8.71262528,8.30E-06,0.000837885,SRF8_ARATH,up
TRINITY_DN4650_c0_g1_i10,Post-pol,Fer,8.707867126,3.01E-05,0.002108983,PMTH_ARATH,up
TRINITY_DN3433_c0_g1_i12,Post-pol,Fer,8.699013658,8.22E-05,0.004327948,GLO13_ORYSJ,up
TRINITY_DN4104_c0_g1_i7,Post-pol,Fer,8.690402199,1.29E-05,0.001168622,KANL3_DANRE,up
TRINITY_DN9192_c0_g1_i9,Post-pol,Fer,8.677761212,6.73E-06,0.000731463,U80A2_ARATH,up
TRINITY_DN10276_c0_g1_i18,Post-pol,Fer,8.67437705,6.04E-06,0.000683359,APC2_ARATH,up
TRINITY_DN7895_c0_g1_i13,Post-pol,Fer,8.672266872,1.09E-05,0.001019713,CNG20_ARATH,up
TRINITY_DN7214_c0_g1_i4,Post-pol,Fer,8.672005335,2.36E-05,0.001793619,SFH12_ARATH,up
TRINITY_DN206_c0_g1_i16,Post-pol,Fer,8.670246647,7.68E-06,0.00079691,PCKA_MAIZE,up
TRINITY_DN4334_c0_g2_i1,Post-pol,Fer,8.667965252,1.34E-05,0.001204701,TBC15_HUMAN,up
TRINITY_DN6535_c0_g1_i22,Post-pol,Fer,8.658323677,6.35E-06,0.000703788,IDHC_TOBAC,up
TRINITY_DN4363_c0_g1_i10,Post-pol,Fer,8.657068332,8.07E-06,0.000822626,NRPC2_ARATH,up
TRINITY_DN891_c0_g1_i15,Post-pol,Fer,8.652825631,1.32E-05,0.001185532,SECA_SPIOL,up
TRINITY_DN995_c0_g1_i4,Post-pol,Fer,8.649624345,6.74E-06,0.000731463,PAPS1_ARATH,up
TRINITY_DN6348_c0_g1_i3,Post-pol,Fer,8.645711525,4.22E-05,0.002692872,YBEG_SCHPO,up
TRINITY_DN649_c0_g1_i82,Post-pol,Fer,8.644350134,2.65E-05,0.001939005,LAMP1_ARATH,up
TRINITY_DN3669_c0_g1_i9,Post-pol,Fer,8.641979481,7.46E-06,0.00078154,COP1_ARATH,up
TRINITY_DN4760_c0_g1_i2,Post-pol,Fer,8.637521093,1.29E-05,0.00117304,AFC1_ARATH,up
TRINITY_DN811_c0_g1_i13,Post-pol,Fer,8.619641214,1.00E-05,0.000948138,CP21A_ARATH,up
TRINITY_DN6413_c0_g1_i10,Post-pol,Fer,8.618600438,7.23E-06,0.000766268,AGO7_ORYSJ,up
TRINITY_DN11694_c0_g1_i2,Post-pol,Fer,8.615398318,1.03E-05,0.000972958,PUB7_ARATH,up
TRINITY_DN522_c0_g1_i3,Post-pol,Fer,8.614051321,9.75E-06,0.000931922,GOGC4_ARATH,up
TRINITY_DN5096_c0_g1_i3,Post-pol,Fer,8.612439838,5.38E-05,0.003185578,MAN1_ORYSJ,up
TRINITY_DN1503_c0_g1_i6,Post-pol,Fer,8.612028,1.16E-05,0.00107267,PILS3_ARATH,up
TRINITY_DN13143_c0_g1_i26,Post-pol,Fer,8.610872799,1.37E-05,0.001221929,FPP4_ARATH,up
TRINITY_DN4879_c0_g1_i15,Post-pol,Fer,8.61070168,8.48E-06,0.000848841,PBL21_ARATH,up
TRINITY_DN6514_c0_g1_i3,Post-pol,Fer,8.60804275,4.76E-05,0.002933282,GFT1_ARATH,up
TRINITY_DN14765_c0_g1_i2,Post-pol,Fer,8.607345489,1.26E-05,0.001153947,ISS1_ARATH,up
TRINITY_DN7829_c1_g1_i2,Post-pol,Fer,8.604044789,1.83E-05,0.001507543,AB17B_RAT,up
TRINITY_DN5762_c0_g1_i4,Post-pol,Fer,8.601897921,8.45E-06,0.000848421,TT9_ARATH,up
TRINITY_DN2707_c0_g1_i7,Post-pol,Fer,8.600664037,1.84E-05,0.001510855,SCP24_ARATH,up
TRINITY_DN11386_c0_g1_i30,Post-pol,Fer,8.598129074,3.35E-05,0.002239829,CUL4_ARATH,up
TRINITY_DN10260_c0_g1_i5,Post-pol,Fer,8.597775199,4.89E-05,0.002978061,C96T1_NARAP,up
TRINITY_DN4234_c0_g1_i1,Post-pol,Fer,8.5927775,1.69E-05,0.001414769,MAK3_ARATH,up
TRINITY_DN7348_c0_g1_i3,Post-pol,Fer,8.583685567,1.65E-05,0.001391172,NAC45_ARATH,up
TRINITY_DN697_c0_g1_i1,Post-pol,Fer,8.580109685,8.99E-06,0.000877574,FTSHB_ARATH,up
TRINITY_DN8923_c0_g1_i18,Post-pol,Fer,8.574336797,1.00E-05,0.000948138,SYFB_ARATH,up
TRINITY_DN4793_c0_g1_i3,Post-pol,Fer,8.57055387,5.04E-05,0.003033897,MED27_ARATH,up
TRINITY_DN2720_c0_g1_i6,Post-pol,Fer,8.569358715,7.36E-05,0.004004747,GDPD1_ARATH,up
TRINITY_DN781_c0_g1_i3,Post-pol,Fer,8.568701621,8.86E-06,0.000876136,OFUT9_ARATH,up
TRINITY_DN692_c0_g1_i19,Post-pol,Fer,8.568605041,9.41E-06,0.000908786,DHR12_BOVIN,up
TRINITY_DN460_c0_g1_i1,Post-pol,Fer,8.558386998,1.16E-05,0.00107267,EXPB3_ARATH,up
TRINITY_DN1140_c0_g1_i1,Post-pol,Fer,8.556994498,1.68E-05,0.001404873,GGH2_ARATH,up
TRINITY_DN11094_c0_g2_i8,Post-pol,Fer,8.539592216,2.99E-05,0.002104497,AB11B_ARATH,up
TRINITY_DN8547_c0_g1_i1,Post-pol,Fer,8.538478674,1.43E-05,0.001261172,CDC22_ARATH,up
TRINITY_DN2484_c0_g1_i19,Post-pol,Fer,8.532291715,1.57E-05,0.001350942,C3H18_ORYSJ,up
TRINITY_DN2101_c0_g1_i4,Post-pol,Fer,8.526638574,1.38E-05,0.001226208,TBA2_GOSHI,up
TRINITY_DN193_c0_g1_i8,Post-pol,Fer,8.525226393,1.11E-05,0.001039786,LC7L3_PONAB,up
TRINITY_DN7533_c0_g1_i3,Post-pol,Fer,8.51892058,6.21E-05,0.003542271,BRCA1_ARATH,up
TRINITY_DN590_c0_g1_i9,Post-pol,Fer,8.517038807,2.16E-05,0.001681353,ARAE1_ORYSJ,up
TRINITY_DN1403_c0_g1_i5,Post-pol,Fer,8.515627411,1.26E-05,0.001151201,BAT1_ARATH,up
TRINITY_DN5190_c0_g1_i18,Post-pol,Fer,8.509262945,7.19E-05,0.003919957,C3H55_ORYSJ,up
TRINITY_DN7394_c0_g1_i4,Post-pol,Fer,8.496381455,1.24E-05,0.00114089,HIBC6_ARATH,up
TRINITY_DN1674_c0_g1_i6,Post-pol,Fer,8.49530667,2.59E-05,0.001920076,PSI1_ARATH,up
TRINITY_DN4771_c0_g1_i3,Post-pol,Fer,8.492648147,1.84E-05,0.001510855,MSSP2_ARATH,up
TRINITY_DN4418_c0_g1_i2,Post-pol,Fer,8.489299826,4.58E-05,0.002849384,YHLA_SCHPO,up
TRINITY_DN1968_c1_g2_i1,Post-pol,Fer,8.48537446,2.49E-05,0.001861368,EIL1B_ORYSJ,up
TRINITY_DN2578_c0_g1_i12,Post-pol,Fer,8.465598352,1.90E-05,0.001546151,GW2_ORYSJ,up
TRINITY_DN1756_c0_g1_i18,Post-pol,Fer,8.459460066,3.03E-05,0.002109258,AAPC_CENCI,up
TRINITY_DN1334_c0_g1_i6,Post-pol,Fer,8.458381139,1.47E-05,0.001283373,NUDC2_MOUSE,up
TRINITY_DN9689_c0_g1_i1,Post-pol,Fer,8.454390107,1.85E-05,0.001514824,NRDE2_HUMAN,up
TRINITY_DN575_c0_g1_i22,Post-pol,Fer,8.452072787,1.46E-05,0.00128031,PD5BB_XENLA,up
TRINITY_DN116_c0_g1_i11,Post-pol,Fer,8.450702365,3.08E-05,0.00212487,U2A2B_NICPL,up
TRINITY_DN4047_c0_g1_i22,Post-pol,Fer,8.4493806,2.28E-05,0.001754939,LYPA2_RAT,up
TRINITY_DN4660_c0_g1_i15,Post-pol,Fer,8.447209018,1.99E-05,0.001579329,NTO1_YEAST,up
TRINITY_DN89_c0_g1_i44,Post-pol,Fer,8.446937663,1.57E-05,0.001350942,AB7A_ARATH,up
TRINITY_DN6761_c0_g1_i5,Post-pol,Fer,8.445946275,1.88E-05,0.001531925,OPLA_ARATH,up
TRINITY_DN732_c0_g3_i2,Post-pol,Fer,8.441854797,2.73E-05,0.001983961,ENDB1_SOLTU,up
TRINITY_DN1260_c0_g1_i11,Post-pol,Fer,8.439454154,1.54E-05,0.001337314,ARIA_ARATH,up
TRINITY_DN6535_c0_g1_i8,Post-pol,Fer,8.439441134,3.92E-05,0.002557864,ICDHC_ARATH,up
TRINITY_DN1513_c0_g1_i15,Post-pol,Fer,8.433259274,3.23E-05,0.002197215,Y1765_ARATH,up
TRINITY_DN5953_c0_g1_i3,Post-pol,Fer,8.429422222,1.67E-05,0.001401017,LPAI_ARATH,up
TRINITY_DN4073_c0_g1_i1,Post-pol,Fer,8.42822321,1.92E-05,0.001548249,PAC_ARATH,up
TRINITY_DN974_c0_g1_i6,Post-pol,Fer,8.420386925,4.56E-05,0.002842772,CCD61_ARATH,up
TRINITY_DN1528_c0_g1_i3,Post-pol,Fer,8.411237315,2.14E-05,0.001675293,BAZ1A_HUMAN,up
TRINITY_DN6411_c0_g1_i7,Post-pol,Fer,8.409980552,1.94E-05,0.001559302,DEXH7_ARATH,up
TRINITY_DN5601_c0_g1_i5,Post-pol,Fer,8.402252522,1.91E-05,0.001548249,CLPS1_ARATH,up
TRINITY_DN3936_c0_g1_i5,Post-pol,Fer,8.400901501,2.15E-05,0.001680795,BTAF1_ARATH,up
TRINITY_DN13630_c0_g1_i7,Post-pol,Fer,8.397343862,3.17E-05,0.002173523,GASA6_ARATH,up
TRINITY_DN3555_c0_g1_i17,Post-pol,Fer,8.39726196,4.24E-05,0.002698953,PBL27_ARATH,up
TRINITY_DN5486_c0_g1_i67,Post-pol,Fer,8.385442351,1.94E-05,0.001558936,AB31G_ORYSJ,up
TRINITY_DN4237_c0_g1_i16,Post-pol,Fer,8.385236543,2.35E-05,0.0017914,SP1L2_ARATH,up
TRINITY_DN139_c0_g1_i2,Post-pol,Fer,8.381592641,2.08E-05,0.0016407,PLY15_ARATH,up
TRINITY_DN24535_c0_g1_i21,Post-pol,Fer,8.369389548,2.85E-05,0.002048559,MYBO_DICDI,up
TRINITY_DN6993_c0_g1_i6,Post-pol,Fer,8.361417211,9.12E-05,0.004644956,TAF2_ARATH,up
TRINITY_DN909_c0_g1_i2,Post-pol,Fer,8.35513707,3.34E-05,0.002239829,ADAL_ARATH,up
TRINITY_DN7874_c0_g1_i29,Post-pol,Fer,8.353443296,2.43E-05,0.001830548,UVR8_ARATH,up
TRINITY_DN1846_c0_g1_i2,Post-pol,Fer,8.348067666,4.67E-05,0.002893995,CWC22_DANRE,up
TRINITY_DN1795_c0_g1_i5,Post-pol,Fer,8.346675985,3.90E-05,0.002546138,SPL15_ORYSJ,up
TRINITY_DN1047_c0_g1_i22,Post-pol,Fer,8.341263921,3.06E-05,0.002120391,Y1280_ARATH,up
TRINITY_DN3752_c0_g1_i18,Post-pol,Fer,8.33762442,3.24E-05,0.002197215,ENAS1_ARATH,up
TRINITY_DN1789_c0_g1_i4,Post-pol,Fer,8.334481103,3.31E-05,0.002231602,ACO3M_ARATH,up
TRINITY_DN5857_c0_g1_i24,Post-pol,Fer,8.333134776,4.09E-05,0.002639796,UBP15_ARATH,up
TRINITY_DN9388_c0_g1_i4,Post-pol,Fer,8.329383234,2.61E-05,0.00192497,YODA_ARATH,up
TRINITY_DN2909_c0_g1_i5,Post-pol,Fer,8.314387822,3.32E-05,0.002235988,DML_EUBBA,up
TRINITY_DN9686_c0_g1_i11,Post-pol,Fer,8.308450907,4.85E-05,0.002963196,Y2800_NOSS1,up
TRINITY_DN9227_c0_g1_i12,Post-pol,Fer,8.307041618,4.10E-05,0.002640434,MPRO1_ARATH,up
TRINITY_DN5101_c0_g1_i2,Post-pol,Fer,8.306030985,2.92E-05,0.00208174,C3H53_ORYSJ,up
TRINITY_DN2416_c0_g1_i3,Post-pol,Fer,8.299109745,3.11E-05,0.002140067,AMO_ARATH,up
TRINITY_DN11582_c0_g1_i4,Post-pol,Fer,8.298919913,8.95E-05,0.004587406,ATO_ARATH,up
TRINITY_DN5768_c0_g1_i1,Post-pol,Fer,8.297728509,3.20E-05,0.002184131,RNL_ARATH,up
TRINITY_DN9796_c0_g1_i10,Post-pol,Fer,8.297411364,2.96E-05,0.002093636,WDR44_XENLA,up
TRINITY_DN2823_c0_g1_i5,Post-pol,Fer,8.289066826,2.96E-05,0.002093636,REM41_ORYSJ,up
TRINITY_DN6263_c0_g1_i3,Post-pol,Fer,8.28624314,7.41E-05,0.004017956,Y1790_ARATH,up
TRINITY_DN918_c0_g1_i10,Post-pol,Fer,8.285077506,6.87E-05,0.003789537,LHT1_ARATH,up
TRINITY_DN4705_c0_g1_i2,Post-pol,Fer,8.280898253,3.37E-05,0.002247604,PATL6_ARATH,up
TRINITY_DN9358_c0_g1_i17,Post-pol,Fer,8.273817104,6.66E-05,0.003704726,VAC14_ARATH,up
TRINITY_DN4630_c0_g1_i15,Post-pol,Fer,8.272461401,5.22E-05,0.003104439,NFH_RAT,up
TRINITY_DN2181_c1_g1_i1,Post-pol,Fer,8.271095989,1.48E-07,5.02E-05,PSC13_MAIZE,up
TRINITY_DN1700_c1_g1_i7,Post-pol,Fer,8.268173666,6.08E-05,0.00349862,E133_ARATH,up
TRINITY_DN7558_c0_g1_i2,Post-pol,Fer,8.26678868,4.85E-05,0.002963196,C90B2_ORYSJ,up
TRINITY_DN6812_c0_g1_i2,Post-pol,Fer,8.265167962,3.21E-05,0.002188734,LNG1_ARATH,up
TRINITY_DN9164_c0_g2_i2,Post-pol,Fer,8.263460717,4.15E-05,0.00266164,RH53_ORYSJ,up
TRINITY_DN8540_c0_g1_i11,Post-pol,Fer,8.253891447,4.05E-05,0.002615834,SF3B2_HUMAN,up
TRINITY_DN7074_c0_g1_i60,Post-pol,Fer,8.252166354,9.63E-05,0.00487155,RCF3_ARATH,up
TRINITY_DN2686_c0_g1_i1,Post-pol,Fer,8.249237577,8.75E-05,0.00451773,INV3_ORYSJ,up
TRINITY_DN5792_c0_g1_i33,Post-pol,Fer,8.249186579,3.72E-05,0.002450018,UVH3_ARATH,up
TRINITY_DN6053_c0_g1_i11,Post-pol,Fer,8.242357713,6.41E-05,0.00361172,VILI4_ARATH,up
TRINITY_DN7114_c0_g1_i7,Post-pol,Fer,8.240432782,5.85E-05,0.003396249,EFNMT_XENLA,up
TRINITY_DN1200_c0_g1_i7,Post-pol,Fer,8.238014722,4.50E-05,0.002820807,BSZ7_HORVU,up
TRINITY_DN524_c0_g1_i64,Post-pol,Fer,8.236152561,8.15E-05,0.004308768,YGI3_SCHPO,up
TRINITY_DN9196_c0_g1_i11,Post-pol,Fer,8.233449018,3.65E-05,0.0024161,CHID1_MOUSE,up
TRINITY_DN3432_c0_g1_i9,Post-pol,Fer,8.228777019,5.13E-05,0.003059272,CAAT2_ARATH,up
TRINITY_DN5562_c0_g1_i1,Post-pol,Fer,8.218898768,9.77E-05,0.004904783,NAKR1_ARATH,up
TRINITY_DN6646_c0_g1_i4,Post-pol,Fer,8.218676164,3.95E-05,0.002568589,SRF7_ARATH,up
TRINITY_DN7914_c0_g1_i5,Post-pol,Fer,8.217520385,7.47E-05,0.004041996,PP434_ARATH,up
TRINITY_DN3982_c0_g1_i4,Post-pol,Fer,8.212790112,4.02E-05,0.002600558,BAHL1_ORYSJ,up
TRINITY_DN202_c0_g1_i14,Post-pol,Fer,8.211331552,4.01E-05,0.002600558,PD338_ARATH,up
TRINITY_DN7946_c0_g1_i8,Post-pol,Fer,8.205349792,4.20E-05,0.002679776,CMTA4_ARATH,up
TRINITY_DN4119_c1_g1_i3,Post-pol,Fer,8.20380008,9.77E-05,0.004904783,HAK13_ORYSJ,up
TRINITY_DN1447_c0_g1_i2,Post-pol,Fer,8.203727861,5.02E-05,0.003022725,PMTT_ARATH,up
TRINITY_DN2500_c0_g1_i5,Post-pol,Fer,8.203697428,6.24E-05,0.003550441,ALE2_ARATH,up
TRINITY_DN3416_c0_g1_i5,Post-pol,Fer,8.196463362,4.26E-05,0.002705119,PIPNA_RABIT,up
TRINITY_DN4903_c0_g1_i13,Post-pol,Fer,8.191965955,4.34E-05,0.002744363,AROD1_ARATH,up
TRINITY_DN4488_c0_g1_i3,Post-pol,Fer,8.181758974,6.20E-05,0.003542271,EML3_ARATH,up
TRINITY_DN6398_c0_g1_i1,Post-pol,Fer,8.181440557,4.52E-05,0.002833106,RS5_HAHCH,up
TRINITY_DN4705_c0_g1_i9,Post-pol,Fer,8.174184662,7.81E-05,0.004174404,PATL6_ARATH,up
TRINITY_DN11484_c0_g1_i6,Post-pol,Fer,8.172674019,7.16E-05,0.003916394,KCS20_ORYSJ,up
TRINITY_DN2301_c0_g1_i10,Post-pol,Fer,8.171044118,5.07E-05,0.003043812,Y3037_ARATH,up
TRINITY_DN6505_c0_g1_i40,Post-pol,Fer,8.168031721,5.34E-05,0.003166911,SYLM_ARATH,up
TRINITY_DN3261_c0_g1_i24,Post-pol,Fer,8.160461091,8.05E-05,0.004282124,PUS10_MOUSE,up
TRINITY_DN10758_c0_g1_i48,Post-pol,Fer,8.160157468,4.92E-05,0.002985211,SMC6B_ARATH,up
TRINITY_DN3090_c0_g1_i8,Post-pol,Fer,8.157328465,5.66E-05,0.003316448,WDR7_HUMAN,up
TRINITY_DN6976_c0_g1_i7,Post-pol,Fer,8.154103713,5.09E-05,0.00305134,PP159_ARATH,up
TRINITY_DN4353_c0_g1_i5,Post-pol,Fer,8.145058677,7.65E-05,0.00412193,U2AF2_CAEEL,up
TRINITY_DN2202_c0_g1_i7,Post-pol,Fer,8.141954303,7.40E-05,0.004017956,FAAH_ORYSJ,up
TRINITY_DN1479_c0_g1_i4,Post-pol,Fer,8.141424833,6.14E-05,0.003517545,PTH2_BOVIN,up
TRINITY_DN4964_c0_g1_i4,Post-pol,Fer,8.137292317,8.49E-05,0.004416641,NOC2L_ORYSJ,up
TRINITY_DN8180_c0_g1_i11,Post-pol,Fer,8.136872821,5.57E-05,0.00328089,S19A1_MOUSE,up
TRINITY_DN6519_c0_g1_i23,Post-pol,Fer,8.125744199,9.02E-05,0.004603973,AAP6_ARATH,up
TRINITY_DN1842_c0_g1_i3,Post-pol,Fer,8.118396702,6.52E-05,0.003655084,TOB1A_XENLA,up
TRINITY_DN2252_c0_g1_i12,Post-pol,Fer,8.116900796,8.19E-05,0.004325461,GSTUP_ARATH,up
TRINITY_DN13364_c0_g1_i4,Post-pol,Fer,8.11662878,5.87E-05,0.003396583,FAEA_ASPTN,up
TRINITY_DN6502_c0_g1_i61,Post-pol,Fer,8.113587515,6.23E-05,0.003549656,TUR2_SPIPO,up
TRINITY_DN1972_c0_g1_i12,Post-pol,Fer,8.10082696,6.42E-05,0.00361172,KEG_ARATH,up
TRINITY_DN3071_c0_g1_i8,Post-pol,Fer,8.096220326,8.97E-05,0.004590772,RB208_ORYSJ,up
TRINITY_DN1059_c0_g2_i11,Post-pol,Fer,8.096093425,6.84E-05,0.003776847,MOS1_ARATH,up
TRINITY_DN5983_c0_g1_i3,Post-pol,Fer,8.089780248,8.45E-05,0.004406451,VAD1_ARATH,up
TRINITY_DN3090_c0_g1_i20,Post-pol,Fer,8.071748963,7.13E-05,0.003905033,WDR7_HUMAN,up
TRINITY_DN11184_c0_g1_i9,Post-pol,Fer,8.071431946,7.81E-05,0.004174404,PRAF1_ARATH,up
TRINITY_DN3483_c0_g1_i4,Post-pol,Fer,8.061673389,7.72E-05,0.004146475,FL3H2_CROXC,up
TRINITY_DN199_c0_g1_i2,Post-pol,Fer,8.061605387,8.22E-05,0.004327948,RRP1B_HUMAN,up
TRINITY_DN3568_c0_g1_i12,Post-pol,Fer,8.060451321,8.36E-05,0.004370764,PP330_ARATH,up
TRINITY_DN6218_c0_g1_i16,Post-pol,Fer,8.06022275,7.36E-05,0.004004747,IMB1_ARATH,up
TRINITY_DN9236_c0_g1_i21,Post-pol,Fer,8.051943907,7.61E-05,0.004108417,WDR91_DICDI,up
TRINITY_DN6970_c0_g1_i5,Post-pol,Fer,8.051857754,7.75E-05,0.004159328,HVT1_ARATH,up
TRINITY_DN231_c0_g1_i16,Post-pol,Fer,8.050404367,7.77E-05,0.004163425,DERL1_ORYSJ,up
TRINITY_DN12524_c0_g1_i10,Post-pol,Fer,8.048852596,8.28E-05,0.004345887,HMGCL_ARATH,up
TRINITY_DN3944_c0_g1_i3,Post-pol,Fer,8.047143212,8.05E-05,0.004282124,MA652_ARATH,up
TRINITY_DN15496_c0_g1_i7,Post-pol,Fer,8.042291445,9.32E-05,0.00473417,MYTM1_ARATH,up
TRINITY_DN3203_c1_g1_i1,Post-pol,Fer,8.040255441,8.08E-05,0.004286301,KN7E_ORYSJ,up
TRINITY_DN3228_c0_g1_i26,Post-pol,Fer,8.040048922,9.76E-05,0.004904783,P2C04_ORYSJ,up
TRINITY_DN7933_c0_g1_i24,Post-pol,Fer,8.020186139,8.65E-05,0.004481028,ALA2_ARATH,up
TRINITY_DN2410_c0_g1_i1,Post-pol,Fer,8.020186139,8.65E-05,0.004481028,LTND_CUPNH,up
TRINITY_DN13256_c0_g1_i21,Post-pol,Fer,8.020096406,8.84E-05,0.004546546,CIPKO_ORYSJ,up
TRINITY_DN751_c0_g1_i12,Post-pol,Fer,8.018275001,9.77E-05,0.004904783,FAO1_LOTJA,up
TRINITY_DN3602_c0_g1_i12,Post-pol,Fer,7.809781683,1.68E-07,5.54E-05,MCM6_ORYSJ,up
TRINITY_DN5562_c0_g1_i2,Post-pol,Fer,7.604819075,5.86E-05,0.003396249,NAKR1_ARATH,up
TRINITY_DN15629_c0_g1_i5,Post-pol,Fer,7.410646441,4.60E-11,1.39E-07,PDF1_ARATH,up
TRINITY_DN7254_c1_g2_i4,Post-pol,Fer,7.202795008,4.41E-05,0.002780978,CCA31_ARATH,up
TRINITY_DN3502_c0_g1_i5,Post-pol,Fer,7.192904356,2.70E-05,0.001969566,GUN17_ARATH,up
TRINITY_DN4325_c0_g1_i5,Post-pol,Fer,7.128593734,1.75E-05,0.001456698,CCD31_ORYSJ,up
TRINITY_DN5576_c0_g1_i11,Post-pol,Fer,7.101784325,1.88E-09,2.20E-06,GDL79_ARATH,up
TRINITY_DN4156_c0_g1_i14,Post-pol,Fer,6.629536375,2.17E-07,6.63E-05,SMC4_ARATH,up
TRINITY_DN11484_c0_g1_i5,Post-pol,Fer,6.337614532,2.19E-05,0.001703013,KCS20_ORYSJ,up
TRINITY_DN1464_c0_g1_i5,Post-pol,Fer,6.290347239,5.10E-05,0.00305134,SUGP1_ARATH,up
TRINITY_DN7588_c0_g1_i1,Post-pol,Fer,6.156361038,1.55E-05,0.001337314,IF4E1_WHEAT,up
TRINITY_DN235_c1_g1_i1,Post-pol,Fer,6.140040949,1.00E-07,3.97E-05,RADL6_ARATH,up
TRINITY_DN2925_c0_g1_i3,Post-pol,Fer,6.126316745,8.77E-05,0.004521669,HMGL_IPONI,up
TRINITY_DN2417_c0_g1_i3,Post-pol,Fer,6.047017236,6.60E-06,0.000721745,PTR3_ARATH,up
TRINITY_DN3502_c0_g1_i7,Post-pol,Fer,6.033342413,7.50E-06,0.000783303,GUN17_ARATH,up
TRINITY_DN882_c1_g1_i2,Post-pol,Fer,5.969548052,8.37E-05,0.004370764,DRB3_ARATH,up
TRINITY_DN7604_c0_g1_i3,Post-pol,Fer,5.967236514,3.83E-05,0.00251019,ZDHC1_ARATH,up
TRINITY_DN831_c0_g1_i24,Post-pol,Fer,5.912412908,9.60E-05,0.004864247,LFG4_ARATH,up
TRINITY_DN424_c0_g1_i14,Post-pol,Fer,5.888711793,2.50E-05,0.001861368,LEU1B_SOLPN,up
TRINITY_DN615_c0_g1_i7,Post-pol,Fer,5.676839746,5.00E-05,0.003016818,KN14A_ORYSJ,up
TRINITY_DN3595_c0_g2_i2,Post-pol,Fer,5.613772347,2.16E-05,0.001681353,ARFE_ARATH,up
TRINITY_DN3502_c0_g1_i9,Post-pol,Fer,5.133357142,4.27E-07,0.000110716,GUN17_ARATH,up
TRINITY_DN8017_c0_g1_i2,Post-pol,Fer,4.844136956,8.93E-05,0.004584467,TIM_RAT,up
TRINITY_DN1700_c1_g1_i2,Post-pol,Fer,4.813381216,3.35E-08,1.76E-05,E133_ARATH,up
TRINITY_DN12213_c0_g1_i1,Post-pol,Fer,4.794067905,2.36E-05,0.0017914,ATL49_ARATH,up
TRINITY_DN6764_c0_g1_i2,Post-pol,Fer,4.747671875,2.01E-06,0.000311439,EXL3_ARATH,up
TRINITY_DN10651_c0_g1_i1,Post-pol,Fer,4.644651673,5.77E-09,4.80E-06,YJNA_SCHPO,up
TRINITY_DN6209_c0_g1_i1,Post-pol,Fer,4.506394133,3.18E-05,0.002173523,KN5C_TOBAC,up
TRINITY_DN3392_c0_g1_i15,Post-pol,Fer,4.486543317,3.61E-05,0.002390108,GDL15_ARATH,up
TRINITY_DN1886_c0_g1_i1,Post-pol,Fer,4.477461349,2.16E-05,0.001681353,DPOLA_ORYSJ,up
TRINITY_DN2130_c0_g1_i1,Post-pol,Fer,4.472105617,6.05E-12,2.75E-08,HST_TOBAC,up
TRINITY_DN4039_c0_g1_i1,Post-pol,Fer,4.456303546,2.62E-05,0.001929425,H2B1_ARATH,up
TRINITY_DN15482_c0_g1_i1,Post-pol,Fer,4.31740646,8.09E-05,0.004286301,CDT1A_ARATH,up
TRINITY_DN2410_c0_g1_i14,Post-pol,Fer,4.30897137,1.28E-05,0.001163314,ALF_THECA,up
TRINITY_DN2130_c0_g1_i6,Post-pol,Fer,4.244225629,6.84E-08,3.00E-05,HST_TOBAC,up
TRINITY_DN7456_c0_g2_i1,Post-pol,Fer,4.219745935,6.11E-05,0.003506359,NET1A_ARATH,up
TRINITY_DN1727_c0_g1_i4,Post-pol,Fer,4.122774882,9.90E-06,0.000943847,H32_WHEAT,up
TRINITY_DN1173_c0_g1_i5,Post-pol,Fer,4.098502561,4.64E-05,0.002884498,IAA6_ORYSJ,up
TRINITY_DN3343_c0_g1_i2,Post-pol,Fer,4.000755845,9.07E-07,0.000185061,TPS1_ARATH,up
TRINITY_DN375_c0_g1_i33,Post-pol,Fer,3.926241916,1.45E-09,1.89E-06,MAD16_ORYSJ,up
TRINITY_DN8722_c0_g1_i1,Post-pol,Fer,3.819641413,6.54E-07,0.000153333,MSP1_ORYSJ,up
TRINITY_DN11529_c0_g1_i6,Post-pol,Fer,3.775128259,6.39E-05,0.00361172,H2A_EUPES,up
TRINITY_DN5486_c0_g1_i15,Post-pol,Fer,3.771604066,7.19E-06,0.000764164,AB31G_ORYSJ,up
TRINITY_DN3111_c0_g1_i1,Post-pol,Fer,3.753153066,2.95E-05,0.002093636,IRK_ARATH,up
TRINITY_DN1727_c0_g1_i2,Post-pol,Fer,3.744375034,3.41E-06,0.00045697,IPYR1_ARATH,up
TRINITY_DN1727_c0_g1_i1,Post-pol,Fer,3.740954966,1.07E-06,0.000208271,IPYR1_ARATH,up
TRINITY_DN990_c0_g1_i1,Post-pol,Fer,3.698535691,6.49E-06,0.000712513,Y1044_ARATH,up
TRINITY_DN1114_c0_g1_i5,Post-pol,Fer,3.674598824,8.53E-06,0.000851223,BCAT5_ARATH,up
TRINITY_DN1782_c0_g1_i12,Post-pol,Fer,3.637654432,5.28E-05,0.003134353,EREC2_ORYSJ,up
TRINITY_DN3875_c0_g1_i2,Post-pol,Fer,3.590507684,3.28E-05,0.002218509,H32_TOBAC,up
TRINITY_DN8189_c0_g1_i1,Post-pol,Fer,3.562731549,2.95E-05,0.002093636,GRF5_ORYSJ,up
TRINITY_DN10340_c0_g1_i29,Post-pol,Fer,3.526421141,4.70E-05,0.002910479,GLO14_ORYSI,up
TRINITY_DN1683_c0_g1_i3,Post-pol,Fer,3.457519495,1.62E-05,0.001377085,CIP7_ARATH,up
TRINITY_DN11636_c0_g1_i16,Post-pol,Fer,3.407198948,6.10E-05,0.003504027,ATESY_VITVI,up
TRINITY_DN3547_c0_g1_i7,Post-pol,Fer,3.349741115,2.33E-05,0.001784065,MCMBP_ARATH,up
TRINITY_DN9098_c0_g1_i1,Post-pol,Fer,3.234557974,9.01E-05,0.004603973,TCP4_ARATH,up
TRINITY_DN7213_c0_g1_i1,Post-pol,Fer,3.193216652,8.62E-05,0.004480248,ZHD6_ORYSI,up
TRINITY_DN290_c0_g1_i5,Post-pol,Fer,3.171451888,4.95E-05,0.002996842,2AAB_ARATH,up
TRINITY_DN1409_c0_g1_i4,Post-pol,Fer,3.126761388,4.85E-05,0.002963196,PTR27_ARATH,up
TRINITY_DN4705_c0_g1_i3,Post-pol,Fer,2.946837653,9.51E-06,0.000914385,PATL6_ARATH,up
TRINITY_DN5553_c0_g1_i1,Post-pol,Fer,2.923255498,2.62E-05,0.001929425,PHYA_LATSA,up
TRINITY_DN616_c0_g1_i4,Post-pol,Fer,2.869062478,6.70E-05,0.003723023,HMGB7_ARATH,up
TRINITY_DN6633_c0_g1_i1,Post-pol,Fer,-10.50564895,5.44E-15,9.02E-11,VCL_CORAV,down
TRINITY_DN8330_c0_g1_i1,Post-pol,Fer,-7.730563164,7.45E-15,9.02E-11,C78A5_ARATH,down
TRINITY_DN3387_c0_g1_i1,Post-pol,Fer,-6.739602225,1.58E-14,1.44E-10,OLEO1_ORYSJ,down
TRINITY_DN9117_c0_g1_i4,Post-pol,Fer,-13.36731323,6.28E-13,4.56E-09,LAX3_MEDTR,down
TRINITY_DN7719_c0_g1_i1,Post-pol,Fer,-15.15270849,3.97E-12,2.06E-08,HSP21_SOYBN,down
TRINITY_DN6616_c0_g1_i3,Post-pol,Fer,-11.97014563,1.27E-11,4.63E-08,TMN12_ARATH,down
TRINITY_DN9287_c0_g1_i1,Post-pol,Fer,-6.094500879,1.39E-10,3.37E-07,GH31_ARATH,down
TRINITY_DN2994_c0_g1_i15,Post-pol,Fer,-11.48274642,2.11E-10,4.54E-07,CMTA3_ARATH,down
TRINITY_DN5526_c0_g1_i2,Post-pol,Fer,-11.1130184,2.53E-10,4.83E-07,ODO1_DICDI,down
TRINITY_DN847_c0_g1_i7,Post-pol,Fer,-11.22943417,2.77E-10,5.02E-07,SL30A_ARATH,down
TRINITY_DN3682_c0_g1_i6,Post-pol,Fer,-11.64034911,4.54E-10,7.18E-07,AL2C4_ARATH,down
TRINITY_DN3738_c0_g1_i1,Post-pol,Fer,-13.79194651,5.15E-10,7.80E-07,COS1_COCNU,down
TRINITY_DN9445_c0_g1_i2,Post-pol,Fer,-10.76814701,1.63E-09,2.04E-06,ATB13_ARATH,down
TRINITY_DN5530_c0_g1_i6,Post-pol,Fer,-10.84757839,2.72E-09,2.78E-06,EI2BA_DICDI,down
TRINITY_DN6158_c0_g1_i7,Post-pol,Fer,-10.51289736,5.81E-09,4.80E-06,C3H22_ORYSJ,down
TRINITY_DN922_c0_g1_i3,Post-pol,Fer,-5.566698851,6.12E-09,4.94E-06,PR1_ASPOF,down
TRINITY_DN7361_c0_g1_i8,Post-pol,Fer,-10.54130129,8.29E-09,6.27E-06,UVR8_ARATH,down
TRINITY_DN3362_c0_g1_i3,Post-pol,Fer,-10.42795363,9.45E-09,7.00E-06,C3H6_ARATH,down
TRINITY_DN4728_c0_g1_i1,Post-pol,Fer,-5.724378094,1.04E-08,7.39E-06,DRPE_CRAPL,down
TRINITY_DN5027_c0_g1_i1,Post-pol,Fer,-10.37348056,1.12E-08,7.75E-06,REHY_HORVU,down
TRINITY_DN5027_c0_g1_i2,Post-pol,Fer,-10.48587514,1.13E-08,7.75E-06,REHY_HORVU,down
TRINITY_DN6514_c0_g1_i2,Post-pol,Fer,-10.34530785,1.73E-08,1.09E-05,GFT1_ARATH,down
TRINITY_DN3376_c0_g1_i2,Post-pol,Fer,-10.78094419,1.82E-08,1.12E-05,HSL1_ARATH,down
TRINITY_DN2956_c0_g1_i10,Post-pol,Fer,-11.10800849,2.59E-08,1.49E-05,IF5A2_NICPL,down
TRINITY_DN4783_c0_g1_i1,Post-pol,Fer,-4.869106249,3.08E-08,1.69E-05,4CL1_NARPS,down
TRINITY_DN14593_c0_g1_i1,Post-pol,Fer,-6.475992028,4.77E-08,2.28E-05,SWT14_ORYSI,down
TRINITY_DN3071_c0_g1_i3,Post-pol,Fer,-10.08774879,5.70E-08,2.61E-05,RB208_ORYSJ,down
TRINITY_DN2840_c0_g1_i13,Post-pol,Fer,-10.6168745,8.24E-08,3.44E-05,IF1A_ONOVI,down
TRINITY_DN11873_c0_g1_i4,Post-pol,Fer,-6.270303267,8.94E-08,3.68E-05,RFS6_ARATH,down
TRINITY_DN811_c0_g1_i9,Post-pol,Fer,-10.26878801,1.02E-07,3.97E-05,PPR32_ARATH,down
TRINITY_DN5089_c0_g1_i3,Post-pol,Fer,-11.17136243,1.11E-07,4.25E-05,RHA2A_ARATH,down
TRINITY_DN4473_c0_g1_i4,Post-pol,Fer,-9.939411579,1.13E-07,4.25E-05,TBC15_MOUSE,down
TRINITY_DN3555_c0_g1_i14,Post-pol,Fer,-10.19291002,1.17E-07,4.31E-05,PBL27_ARATH,down
TRINITY_DN2629_c0_g1_i3,Post-pol,Fer,-10.28222908,1.22E-07,4.44E-05,TAF7_ARATH,down
TRINITY_DN3424_c0_g1_i7,Post-pol,Fer,-10.76765151,1.46E-07,5.00E-05,B3GT7_ARATH,down
TRINITY_DN10975_c0_g1_i16,Post-pol,Fer,-11.74610317,1.62E-07,5.40E-05,BBS_PHASS,down
TRINITY_DN11873_c0_g1_i2,Post-pol,Fer,-5.0510498,1.98E-07,6.25E-05,RFS6_ARATH,down
TRINITY_DN1592_c0_g1_i8,Post-pol,Fer,-9.836938953,2.63E-07,7.77E-05,C2D61_ARATH,down
TRINITY_DN39478_c0_g1_i1,Post-pol,Fer,-10.56046987,2.65E-07,7.77E-05,C86B1_ARATH,down
TRINITY_DN5538_c0_g2_i5,Post-pol,Fer,-6.599271599,2.71E-07,7.88E-05,WRK30_ARATH,down
TRINITY_DN255_c0_g1_i16,Post-pol,Fer,-10.2214959,2.91E-07,8.26E-05,OPA3_SCHPO,down
TRINITY_DN10276_c0_g1_i14,Post-pol,Fer,-10.13267034,3.12E-07,8.73E-05,APC2_ARATH,down
TRINITY_DN5878_c0_g1_i9,Post-pol,Fer,-10.07049835,3.29E-07,9.02E-05,TAO3_YEAST,down
TRINITY_DN8917_c0_g1_i7,Post-pol,Fer,-5.15740722,3.80E-07,0.000101535,ACHE_MAIZE,down
TRINITY_DN9074_c0_g1_i6,Post-pol,Fer,-7.764871278,4.98E-07,0.000124652,TP1A_MALDO,down
TRINITY_DN668_c0_g1_i11,Post-pol,Fer,-10.46839985,5.49E-07,0.000133808,PTR18_ARATH,down
TRINITY_DN1068_c0_g1_i10,Post-pol,Fer,-9.833341705,5.55E-07,0.000134414,HTPX2_METAC,down
TRINITY_DN13_c0_g1_i13,Post-pol,Fer,-10.22118248,6.75E-07,0.000153975,DEK_HUMAN,down
TRINITY_DN9691_c0_g2_i1,Post-pol,Fer,-4.349543429,6.77E-07,0.000153975,NAP2_SOLLC,down
TRINITY_DN6502_c0_g1_i57,Post-pol,Fer,-9.600365696,6.78E-07,0.000153975,TUR2_SPIPO,down
TRINITY_DN6627_c0_g1_i15,Post-pol,Fer,-10.44155749,6.78E-07,0.000153975,ALAT2_ARATH,down
TRINITY_DN832_c0_g1_i2,Post-pol,Fer,-9.767785458,7.30E-07,0.000160747,STIP1_ARATH,down
TRINITY_DN8400_c0_g1_i31,Post-pol,Fer,-9.612401757,8.17E-07,0.000173619,FK132_ARATH,down
TRINITY_DN1529_c0_g1_i4,Post-pol,Fer,-10.14943159,8.22E-07,0.000173627,MET18_DICDI,down
TRINITY_DN3172_c0_g1_i4,Post-pol,Fer,-9.515308774,9.43E-07,0.000190246,Y1425_THEVO,down
TRINITY_DN68_c0_g1_i2,Post-pol,Fer,-9.722829382,1.04E-06,0.000202731,YL1_ORYSJ,down
TRINITY_DN988_c0_g1_i3,Post-pol,Fer,-9.642345178,1.04E-06,0.000202731,FL3H2_ORYSJ,down
TRINITY_DN1235_c0_g1_i25,Post-pol,Fer,-9.438737413,1.31E-06,0.000241991,IF2B_WHEAT,down
TRINITY_DN2387_c0_g1_i14,Post-pol,Fer,-9.528177707,1.37E-06,0.000246029,FLZ11_ARATH,down
TRINITY_DN10952_c0_g1_i1,Post-pol,Fer,-11.25326507,1.49E-06,0.000259717,STP7_ARATH,down
TRINITY_DN4721_c0_g1_i1,Post-pol,Fer,-3.666863873,1.59E-06,0.000270469,PR1_ASPOF,down
TRINITY_DN45_c0_g1_i1,Post-pol,Fer,-4.507559055,2.00E-06,0.000311439,TBL41_ARATH,down
TRINITY_DN11974_c0_g1_i8,Post-pol,Fer,-10.57055012,2.25E-06,0.00033923,MDAR3_ORYSJ,down
TRINITY_DN459_c0_g3_i3,Post-pol,Fer,-9.300715333,2.59E-06,0.000379749,NAC87_ARATH,down
TRINITY_DN2419_c0_g1_i1,Post-pol,Fer,-9.481364524,2.61E-06,0.000381096,PKL_ARATH,down
TRINITY_DN3288_c0_g1_i1,Post-pol,Fer,-9.330101101,2.72E-06,0.000394034,ORR9_ORYSJ,down
TRINITY_DN14183_c0_g1_i1,Post-pol,Fer,-9.704602035,2.75E-06,0.000394346,UFD1_MOUSE,down
TRINITY_DN12202_c0_g1_i4,Post-pol,Fer,-9.305255354,2.77E-06,0.000395615,RL222_ARATH,down
TRINITY_DN11739_c0_g1_i2,Post-pol,Fer,-3.200782891,2.79E-06,0.000396611,NOMT_NARAP,down
TRINITY_DN3227_c1_g1_i1,Post-pol,Fer,-3.84392878,3.04E-06,0.000423038,Y1801_ARATH,down
TRINITY_DN2730_c0_g1_i9,Post-pol,Fer,-9.281260194,3.30E-06,0.000446916,SCRK6_ARATH,down
TRINITY_DN7362_c0_g1_i17,Post-pol,Fer,-9.247461927,3.33E-06,0.000448564,SRL2_ORYSJ,down
TRINITY_DN9993_c0_g1_i3,Post-pol,Fer,-4.18741748,3.50E-06,0.000465447,MIF2_ARATH,down
TRINITY_DN10758_c0_g1_i26,Post-pol,Fer,-9.427675963,3.60E-06,0.000475799,SMC6B_ARATH,down
TRINITY_DN16940_c0_g1_i3,Post-pol,Fer,-9.855642082,3.68E-06,0.00048504,CESA4_ARATH,down
TRINITY_DN11886_c0_g1_i3,Post-pol,Fer,-2.889892348,3.83E-06,0.000496233,ADH2_MAIZE,down
TRINITY_DN10009_c0_g1_i76,Post-pol,Fer,-10.45285854,3.90E-06,0.000501041,CESA9_ORYSJ,down
TRINITY_DN10333_c0_g1_i1,Post-pol,Fer,-2.71288168,5.60E-06,0.000653645,MTND1_VITVI,down
TRINITY_DN527_c0_g1_i4,Post-pol,Fer,-9.293184874,5.98E-06,0.000681573,BH049_ARATH,down
TRINITY_DN5350_c0_g1_i6,Post-pol,Fer,-9.12282786,6.07E-06,0.000684673,ACLA2_ORYSJ,down
TRINITY_DN5942_c0_g1_i2,Post-pol,Fer,-9.514537773,6.24E-06,0.000692884,CDKG2_ORYSJ,down
TRINITY_DN10009_c0_g1_i18,Post-pol,Fer,-9.366093702,6.39E-06,0.000705584,CESA9_ORYSJ,down
TRINITY_DN569_c0_g1_i1,Post-pol,Fer,-9.854726215,6.84E-06,0.000739446,PLCD4_ARATH,down
TRINITY_DN1811_c0_g1_i2,Post-pol,Fer,-9.997820284,7.12E-06,0.000758332,BAG6_ARATH,down
TRINITY_DN5318_c1_g2_i7,Post-pol,Fer,-9.209872946,7.33E-06,0.000771502,M3K1_ARATH,down
TRINITY_DN6934_c0_g1_i2,Post-pol,Fer,-9.503340757,7.41E-06,0.000777631,FTSI3_ARATH,down
TRINITY_DN6535_c0_g1_i5,Post-pol,Fer,-9.650025558,7.54E-06,0.000784579,IDHC_TOBAC,down
TRINITY_DN2446_c0_g1_i5,Post-pol,Fer,-6.74490192,8.06E-06,0.000822626,PPA2_ARATH,down
TRINITY_DN413_c0_g1_i5,Post-pol,Fer,-10.53991161,8.08E-06,0.000822626,WRK70_ARATH,down
TRINITY_DN12461_c1_g1_i6,Post-pol,Fer,-9.064466376,9.08E-06,0.000884378,MUC70_ARATH,down
TRINITY_DN8276_c2_g1_i2,Post-pol,Fer,-2.82503482,1.02E-05,0.000959938,LRKS2_ARATH,down
TRINITY_DN10884_c0_g1_i5,Post-pol,Fer,-8.993984627,1.11E-05,0.00103837,CSE_ARATH,down
TRINITY_DN11912_c0_g1_i8,Post-pol,Fer,-9.228851081,1.15E-05,0.001069722,UGAL1_ARATH,down
TRINITY_DN1051_c0_g1_i11,Post-pol,Fer,-3.961371038,1.15E-05,0.001069722,IDNO_ECOLI,down
TRINITY_DN6100_c0_g1_i34,Post-pol,Fer,-9.086748892,1.26E-05,0.001151201,FPPS1_LUPAL,down
TRINITY_DN7260_c0_g1_i3,Post-pol,Fer,-9.372879538,1.34E-05,0.001205308,MANA1_ARATH,down
TRINITY_DN2235_c0_g2_i1,Post-pol,Fer,-2.94745803,1.37E-05,0.001223294,TOLB_PELCD,down
TRINITY_DN11174_c0_g1_i1,Post-pol,Fer,-4.558689654,1.51E-05,0.00132263,ATL16_ARATH,down
TRINITY_DN3458_c0_g1_i18,Post-pol,Fer,-9.129595352,1.52E-05,0.001322847,TAUE3_ARATH,down
TRINITY_DN12496_c0_g1_i2,Post-pol,Fer,-3.435847794,1.58E-05,0.00135468,NIP21_MAIZE,down
TRINITY_DN13199_c0_g1_i1,Post-pol,Fer,-3.952661413,1.60E-05,0.001361135,OCT3_ARATH,down
TRINITY_DN2594_c0_g1_i10,Post-pol,Fer,-8.928092094,1.81E-05,0.001498982,ACOT8_MOUSE,down
TRINITY_DN5260_c0_g1_i1,Post-pol,Fer,-9.117865781,1.90E-05,0.001544815,LTRA_LACLM,down
TRINITY_DN384_c0_g1_i26,Post-pol,Fer,-8.872658243,1.95E-05,0.001559302,TGAL1_ORYSJ,down
TRINITY_DN4660_c0_g1_i21,Post-pol,Fer,-8.915863641,1.97E-05,0.00157104,RNO_DROME,down
TRINITY_DN10494_c0_g1_i4,Post-pol,Fer,-8.868851609,2.22E-05,0.00171582,AGAL_CYATE,down
TRINITY_DN12127_c0_g1_i1,Post-pol,Fer,-5.173024781,2.22E-05,0.001719502,ATL51_ARATH,down
TRINITY_DN7649_c0_g1_i6,Post-pol,Fer,-9.195874823,2.33E-05,0.001784065,FH5_ARATH,down
TRINITY_DN1391_c0_g1_i3,Post-pol,Fer,-8.858777539,2.42E-05,0.001830548,NDX1_SOLLC,down
TRINITY_DN10333_c0_g1_i7,Post-pol,Fer,-3.285062418,2.54E-05,0.001890002,MTND1_VITVI,down
TRINITY_DN6158_c1_g2_i2,Post-pol,Fer,-6.126500669,2.68E-05,0.001960297,AT4_ORYSJ,down
TRINITY_DN1972_c0_g1_i15,Post-pol,Fer,-8.999396658,2.81E-05,0.002025645,KEG_ARATH,down
TRINITY_DN12856_c0_g2_i1,Post-pol,Fer,-8.986660867,2.97E-05,0.00209745,C71BE_SINHE,down
TRINITY_DN10047_c0_g1_i3,Post-pol,Fer,-9.03217861,3.05E-05,0.002120391,RBBP_ARATH,down
TRINITY_DN580_c0_g1_i17,Post-pol,Fer,-8.802327998,3.07E-05,0.002120391,STY46_ARATH,down
TRINITY_DN3895_c0_g1_i2,Post-pol,Fer,-3.149606895,3.17E-05,0.002173523,LSU4_ARATH,down
TRINITY_DN994_c0_g1_i4,Post-pol,Fer,-3.116813076,3.43E-05,0.002283183,KPYC_SOLTU,down
TRINITY_DN2668_c0_g1_i1,Post-pol,Fer,-3.932417761,3.52E-05,0.002339524,CADH_EUCGL,down
TRINITY_DN1212_c0_g1_i4,Post-pol,Fer,-4.466165156,3.69E-05,0.002436005,HSP83_IPONI,down
TRINITY_DN2731_c0_g1_i9,Post-pol,Fer,-2.728906818,4.01E-05,0.002600558,HIP24_ARATH,down
TRINITY_DN2736_c0_g1_i7,Post-pol,Fer,-9.062917134,4.12E-05,0.002641442,FL3H1_CROXC,down
TRINITY_DN384_c0_g1_i13,Post-pol,Fer,-8.794564091,4.32E-05,0.002731109,HBP1C_WHEAT,down
TRINITY_DN1937_c0_g1_i3,Post-pol,Fer,-3.501389469,4.43E-05,0.002790827,GSTF1_MAIZE,down
TRINITY_DN2429_c0_g1_i7,Post-pol,Fer,-8.679602892,4.83E-05,0.002961763,DNLZ_HUMAN,down
TRINITY_DN1733_c0_g1_i1,Post-pol,Fer,-8.823889863,4.92E-05,0.002985211,CUT1B_ARATH,down
TRINITY_DN5027_c0_g1_i4,Post-pol,Fer,-9.633499145,5.20E-05,0.003097508,REHY_HORVU,down
TRINITY_DN10980_c0_g1_i1,Post-pol,Fer,-5.392473077,5.51E-05,0.003251794,RB12B_HUMAN,down
TRINITY_DN6491_c0_g1_i39,Post-pol,Fer,-9.00639837,5.67E-05,0.003316448,Y1342_ARATH,down
TRINITY_DN7947_c0_g1_i10,Post-pol,Fer,-8.640039951,5.79E-05,0.003383944,DTX27_ARATH,down
TRINITY_DN11314_c0_g1_i1,Post-pol,Fer,-3.561788768,5.83E-05,0.003396249,C78A5_ARATH,down
TRINITY_DN3550_c0_g1_i1,Post-pol,Fer,-8.821287561,6.32E-05,0.003586693,MED28_ARATH,down
TRINITY_DN5032_c0_g2_i1,Post-pol,Fer,-2.625614267,6.62E-05,0.003686866,DRMH3_ARATH,down
TRINITY_DN3908_c0_g1_i1,Post-pol,Fer,-8.58668929,7.17E-05,0.003918457,PPIL2_ARATH,down
TRINITY_DN3083_c0_g1_i7,Post-pol,Fer,-8.724994761,7.93E-05,0.004229785,SYSC_ARATH,down
TRINITY_DN1450_c0_g1_i3,Post-pol,Fer,-4.911194167,8.23E-05,0.004327948,HS22M_PEA,down
TRINITY_DN11654_c0_g1_i1,Post-pol,Fer,-4.999599898,8.36E-05,0.004370764,EGC_CITJA,down
TRINITY_DN10854_c0_g1_i1,Post-pol,Fer,-3.863189806,8.74E-05,0.004514511,ODO1_PETHY,down
TRINITY_DN11810_c0_g1_i2,Post-pol,Fer,-8.57752007,8.88E-05,0.004561644,KEA2_ARATH,down
TRINITY_DN1691_c0_g1_i10,Post-pol,Fer,-8.626064016,9.15E-05,0.004655911,PLST2_ARATH,down
TRINITY_DN6036_c0_g1_i9,Post-pol,Fer,-2.625881233,9.84E-05,0.004924608,PIRL_SOLLC,down
